ISO-10303-21;
HEADER;
FILE_DESCRIPTION(('ViewDefinition[DesignTransferView]'),'2;1');
FILE_NAME('s03-activity.ifc','2026-09-30T17:17:40+08:00',(''),(''),'IfcOpenShell 0.8.5-post1','Bonsai 0.8.5-post1','Nobody');
FILE_SCHEMA(('IFC4'));
ENDSEC;
DATA;
#1=IFCPROJECT('06bt2qYsXAOx5h5C$aAvba',$,'My Project',$,$,$,$,(#10,#22),#5);
#2=IFCSIUNIT(*,.LENGTHUNIT.,$,.METRE.);
#3=IFCSIUNIT(*,.AREAUNIT.,$,.SQUARE_METRE.);
#4=IFCSIUNIT(*,.VOLUMEUNIT.,$,.CUBIC_METRE.);
#5=IFCUNITASSIGNMENT((#4,#2,#3));
#6=IFCCARTESIANPOINT((0.,0.,0.));
#7=IFCDIRECTION((0.,0.,1.));
#8=IFCDIRECTION((1.,0.,0.));
#9=IFCAXIS2PLACEMENT3D(#6,#7,#8);
#10=IFCGEOMETRICREPRESENTATIONCONTEXT($,'Model',3,1.0000000000000001E-05,#9,$);
#11=IFCGEOMETRICREPRESENTATIONSUBCONTEXT('Body','Model',*,*,*,*,#10,$,.MODEL_VIEW.,$);
#12=IFCGEOMETRICREPRESENTATIONSUBCONTEXT('Axis','Model',*,*,*,*,#10,$,.GRAPH_VIEW.,$);
#13=IFCGEOMETRICREPRESENTATIONSUBCONTEXT('Box','Model',*,*,*,*,#10,$,.MODEL_VIEW.,$);
#14=IFCGEOMETRICREPRESENTATIONSUBCONTEXT('Annotation','Model',*,*,*,*,#10,$,.SECTION_VIEW.,$);
#15=IFCGEOMETRICREPRESENTATIONSUBCONTEXT('Annotation','Model',*,*,*,*,#10,$,.ELEVATION_VIEW.,$);
#16=IFCGEOMETRICREPRESENTATIONSUBCONTEXT('Annotation','Model',*,*,*,*,#10,$,.MODEL_VIEW.,$);
#17=IFCGEOMETRICREPRESENTATIONSUBCONTEXT('Annotation','Model',*,*,*,*,#10,$,.PLAN_VIEW.,$);
#18=IFCGEOMETRICREPRESENTATIONSUBCONTEXT('Profile','Model',*,*,*,*,#10,$,.ELEVATION_VIEW.,$);
#19=IFCCARTESIANPOINT((0.,0.));
#20=IFCDIRECTION((1.,0.));
#21=IFCAXIS2PLACEMENT2D(#19,#20);
#22=IFCGEOMETRICREPRESENTATIONCONTEXT($,'Plan',2,1.0000000000000001E-05,#21,$);
#23=IFCGEOMETRICREPRESENTATIONSUBCONTEXT('Axis','Plan',*,*,*,*,#22,$,.GRAPH_VIEW.,$);
#24=IFCGEOMETRICREPRESENTATIONSUBCONTEXT('Body','Plan',*,*,*,*,#22,$,.PLAN_VIEW.,$);
#25=IFCGEOMETRICREPRESENTATIONSUBCONTEXT('Annotation','Plan',*,*,*,*,#22,$,.PLAN_VIEW.,$);
#26=IFCGEOMETRICREPRESENTATIONSUBCONTEXT('Annotation','Plan',*,*,*,*,#22,$,.REFLECTED_PLAN_VIEW.,$);
#27=IFCSITE('28SuNi8Xj9WuNgczZnuucH',$,'My Site',$,$,#50,$,$,$,$,$,$,$,$);
#33=IFCBUILDING('1d3e2ipZLAKQQUYx6erXjt',$,'My Building',$,$,#56,$,$,$,$,$,$);
#39=IFCBUILDINGSTOREY('3xgWpSvw9Eq9w2JVBNKZFx',$,'GF',$,$,#8510,$,$,$,$);
#45=IFCRELAGGREGATES('3P97R8El56JxBcSRh9qx$Q',$,$,$,#1,(#27));
#46=IFCCARTESIANPOINT((0.,0.,0.));
#47=IFCDIRECTION((0.,0.,1.));
#48=IFCDIRECTION((1.,0.,0.));
#49=IFCAXIS2PLACEMENT3D(#46,#47,#48);
#50=IFCLOCALPLACEMENT($,#49);
#51=IFCRELAGGREGATES('2btHecWK575uTIO4NrLEg4',$,$,$,#27,(#33));
#52=IFCCARTESIANPOINT((0.,0.,0.));
#53=IFCDIRECTION((0.,0.,1.));
#54=IFCDIRECTION((1.,0.,0.));
#55=IFCAXIS2PLACEMENT3D(#52,#53,#54);
#56=IFCLOCALPLACEMENT(#50,#55);
#57=IFCRELAGGREGATES('16vdcF_mL4bve2gRe3T1ym',$,$,$,#33,(#63,#39,#15098,#8084));
#63=IFCBUILDINGSTOREY('1BTPR0_ILENgn8CfXNy173',$,'2F',$,$,#8293,$,$,$,$);
#81=IFCMATERIAL('Unknown',$,$);
#82=IFCMATERIALLAYERSET((#84),$,$);
#84=IFCMATERIALLAYER(#81,0.10000000000000001,$,$,$,$,$);
#112=IFCMATERIALLAYERSET((#114),$,$);
#114=IFCMATERIALLAYER(#81,0.10000000000000001,$,$,$,$,$);
#117=IFCWALLTYPE('2hWj7EuqbF799b7kosL4rx',$,'WALL-2F',$,$,(#121),$,$,$,.SOLIDWALL.);
#118=IFCMATERIALLAYERSET((#120),$,$);
#119=IFCRELASSOCIATESMATERIAL('24xHW5F_fFVhw7nMzwiICw',$,$,$,(#117),#118);
#120=IFCMATERIALLAYER(#81,0.10000000000000001,$,$,$,$,$);
#121=IFCPROPERTYSET('23iCs1_ef9ePy2gWjhK$NI',$,'EPset_Parametric',$,(#122));
#122=IFCPROPERTYSINGLEVALUE('LayerSetDirection',$,IFCLABEL('AXIS2'),$);
#123=IFCWALL('3bVilQhq9E0OHduqS9qooT',$,'Wall',$,$,#8550,#131,$,$);
#124=IFCRELCONTAINEDINSPATIALSTRUCTURE('2AtgCbxZD518Vs0DShxoJx',$,$,$,(#1604,#959,#675,#7685,#5431,#4808,#3065,#3769,#2651,#1883,#2125,#250,#864,#2488,#175,#1251,#934,#6465,#2417,#2580,#300,#225,#1684,#150,#4836,#700,#3841,#6374,#2769,#5366,#275,#123,#200,#3596,#4617,#7342),#39);
#125=IFCRELDEFINESBYTYPE('1jZixMabj13PrdheuYNfqG',$,$,$,(#9415,#8736,#959,#9636,#300,#675,#225,#150,#11420,#700,#8661,#11445,#8761,#8686,#8586,#250,#864,#9136,#175,#934,#275,#123,#200,#11470,#9545,#11495,#8711,#8611,#9480,#8636,#9292),#117);
#126=IFCMATERIALLAYERSETUSAGE(#118,.AXIS2.,.POSITIVE.,0.,$);
#127=IFCRELASSOCIATESMATERIAL('2y8cRXzoT28xbBVO41YX4r',$,$,$,(#123),#126);
#131=IFCPRODUCTDEFINITIONSHAPE($,$,(#656,#653));
#147=IFCPROPERTYSET('0UH_x5LTD47vf5VSw_56sJ',$,'EPset_Parametric',$,(#149));
#148=IFCRELDEFINESBYPROPERTIES('0koHoX3bb4DAhk3$TbC79z',$,$,$,(#123),#147);
#149=IFCPROPERTYSINGLEVALUE('Engine',$,IFCLABEL('Bonsai.DumbLayer2'),$);
#150=IFCWALL('2$LowddgHAHhmw1Rg4buTZ',$,'Wall',$,$,#8515,#156,$,$);
#151=IFCMATERIALLAYERSETUSAGE(#118,.AXIS2.,.POSITIVE.,0.,$);
#152=IFCRELASSOCIATESMATERIAL('1VW_HvfNDEtPkYdRDfCAxn',$,$,$,(#150),#151);
#156=IFCPRODUCTDEFINITIONSHAPE($,$,(#487,#484));
#172=IFCPROPERTYSET('0PoMqHhc95XhajcXnetsoM',$,'EPset_Parametric',$,(#174));
#173=IFCRELDEFINESBYPROPERTIES('23mAotoeLASfb4UEXUeysR',$,$,$,(#150),#172);
#174=IFCPROPERTYSINGLEVALUE('Engine',$,IFCLABEL('Bonsai.DumbLayer2'),$);
#175=IFCWALL('0iumfbSe52DwYtMwgScJut',$,'Wall',$,$,#8525,#181,$,$);
#176=IFCMATERIALLAYERSETUSAGE(#118,.AXIS2.,.POSITIVE.,0.,$);
#177=IFCRELASSOCIATESMATERIAL('1ai$_i2N16wBWzbany1ZJM',$,$,$,(#175),#176);
#181=IFCPRODUCTDEFINITIONSHAPE($,$,(#519,#516));
#197=IFCPROPERTYSET('3lRhVVZ1HBgxAJrjbubkgN',$,'EPset_Parametric',$,(#199));
#198=IFCRELDEFINESBYPROPERTIES('1YIWsnkgj73AjtR_weOzyd',$,$,$,(#175),#197);
#199=IFCPROPERTYSINGLEVALUE('Engine',$,IFCLABEL('Bonsai.DumbLayer2'),$);
#200=IFCWALL('15teIkdBfFVuZVu8gKAhqj',$,'Wall',$,$,#8530,#206,$,$);
#201=IFCMATERIALLAYERSETUSAGE(#118,.AXIS2.,.POSITIVE.,0.,$);
#202=IFCRELASSOCIATESMATERIAL('1Wuz767e5AD89hNZWuCBJf',$,$,$,(#200),#201);
#206=IFCPRODUCTDEFINITIONSHAPE($,$,(#546,#543));
#222=IFCPROPERTYSET('1I48xqjzvFH9HZVUEbFYQM',$,'EPset_Parametric',$,(#224));
#223=IFCRELDEFINESBYPROPERTIES('3e7gTqSk98tv41PDVxg2HE',$,$,$,(#200),#222);
#224=IFCPROPERTYSINGLEVALUE('Engine',$,IFCLABEL('Bonsai.DumbLayer2'),$);
#225=IFCWALL('1k9Jqg$$v2LgIsYIycd5cO',$,'Wall',$,$,#8520,#231,$,$);
#226=IFCMATERIALLAYERSETUSAGE(#118,.AXIS2.,.POSITIVE.,0.,$);
#227=IFCRELASSOCIATESMATERIAL('07D6AAJqTDXhCm3wl$vfYa',$,$,$,(#225),#226);
#231=IFCPRODUCTDEFINITIONSHAPE($,$,(#933,#930));
#247=IFCPROPERTYSET('0P3qgYDlP12uepfqre2oD3',$,'EPset_Parametric',$,(#249));
#248=IFCRELDEFINESBYPROPERTIES('3CEtiaJBD28BMu_Cn$E6$3',$,$,$,(#225),#247);
#249=IFCPROPERTYSINGLEVALUE('Engine',$,IFCLABEL('Bonsai.DumbLayer2'),$);
#250=IFCWALL('1NvVpyF8rCPQ_Z621IAxVI',$,'Wall',$,$,#8535,#256,$,$);
#251=IFCMATERIALLAYERSETUSAGE(#118,.AXIS2.,.POSITIVE.,0.,$);
#252=IFCRELASSOCIATESMATERIAL('2pnBy4I99DUeg7V8LInXVr',$,$,$,(#250),#251);
#256=IFCPRODUCTDEFINITIONSHAPE($,$,(#863,#860));
#272=IFCPROPERTYSET('3fiLJGuanDCgT7Vxv02bW_',$,'EPset_Parametric',$,(#274));
#273=IFCRELDEFINESBYPROPERTIES('2nDx8iW691YhL87UJyxYhM',$,$,$,(#250),#272);
#274=IFCPROPERTYSINGLEVALUE('Engine',$,IFCLABEL('Bonsai.DumbLayer2'),$);
#275=IFCWALL('3CMm_Kasj6fQHWUfwMbf95',$,'Wall',$,$,#8540,#281,$,$);
#276=IFCMATERIALLAYERSETUSAGE(#118,.AXIS2.,.POSITIVE.,0.,$);
#277=IFCRELASSOCIATESMATERIAL('1Kl7qYuIDEHuHmm0dxPkA2',$,$,$,(#275),#276);
#281=IFCPRODUCTDEFINITIONSHAPE($,$,(#642,#639));
#297=IFCPROPERTYSET('24v6mkXzz2uQ_gnUrhw5bK',$,'EPset_Parametric',$,(#299));
#298=IFCRELDEFINESBYPROPERTIES('1oEuoYdl55Kf$EoSM3UQ1X',$,$,$,(#275),#297);
#299=IFCPROPERTYSINGLEVALUE('Engine',$,IFCLABEL('Bonsai.DumbLayer2'),$);
#300=IFCWALL('1xjcieL5fAu9oQKhQDkmrR',$,'Wall',$,$,#8545,#306,$,$);
#301=IFCMATERIALLAYERSETUSAGE(#118,.AXIS2.,.POSITIVE.,0.,$);
#302=IFCRELASSOCIATESMATERIAL('0qWRRy2C58c8zX1MaDIexj',$,$,$,(#300),#301);
#306=IFCPRODUCTDEFINITIONSHAPE($,$,(#674,#671));
#322=IFCPROPERTYSET('17wUbcKLL9jwZiKoQGaXXH',$,'EPset_Parametric',$,(#324));
#323=IFCRELDEFINESBYPROPERTIES('0DYO0KRe53XvR_v5E7Qa2x',$,$,$,(#300),#322);
#324=IFCPROPERTYSINGLEVALUE('Engine',$,IFCLABEL('Bonsai.DumbLayer2'),$);
#429=IFCRELCONNECTSPATHELEMENTS('2G4LyeOVP9y98aWTqHizly',$,$,$,$,#150,#123,(),(),.ATEND.,.ATSTART.);
#456=IFCRELCONNECTSPATHELEMENTS('2ZNYoc_4b4VfhzQmobJMrL',$,$,$,$,#175,#150,(),(),.ATEND.,.ATSTART.);
#475=IFCCARTESIANPOINTLIST2D(((0.,0.),(0.099999992450210157,0.10000000000000001),(9.0000001204019746,0.10000000000000001),(9.1000001430513482,0.)));
#476=IFCINDEXEDPOLYCURVE(#475,(IFCLINEINDEX((1,2,3,4,1))),$);
#477=IFCARBITRARYCLOSEDPROFILEDEF(.AREA.,$,#476);
#478=IFCCARTESIANPOINT((0.,0.,0.));
#479=IFCDIRECTION((0.,0.,1.));
#480=IFCDIRECTION((1.,0.,0.));
#481=IFCAXIS2PLACEMENT3D(#478,#479,#480);
#482=IFCDIRECTION((0.,0.,1.));
#483=IFCEXTRUDEDAREASOLID(#477,#481,#482,3.);
#484=IFCSHAPEREPRESENTATION(#11,'Body','SweptSolid',(#483));
#485=IFCCARTESIANPOINTLIST2D(((0.,0.),(9.1000001430513482,0.)));
#486=IFCINDEXEDPOLYCURVE(#485,$,$);
#487=IFCSHAPEREPRESENTATION(#23,'Axis','Curve2D',(#486));
#488=IFCRELCONNECTSPATHELEMENTS('2E67dA691CugwLGvRTvfUF',$,$,$,$,#200,#175,(),(),.ATEND.,.ATSTART.);
#507=IFCCARTESIANPOINTLIST2D(((0.,0.),(0.10000002264937295,0.10000000000000001),(3.3500012191016126,0.10000000000000001),(3.4500012115518226,0.)));
#508=IFCINDEXEDPOLYCURVE(#507,(IFCLINEINDEX((1,2,3,4,1))),$);
#509=IFCARBITRARYCLOSEDPROFILEDEF(.AREA.,$,#508);
#510=IFCCARTESIANPOINT((0.,0.,0.));
#511=IFCDIRECTION((0.,0.,1.));
#512=IFCDIRECTION((1.,0.,0.));
#513=IFCAXIS2PLACEMENT3D(#510,#511,#512);
#514=IFCDIRECTION((0.,0.,1.));
#515=IFCEXTRUDEDAREASOLID(#509,#513,#514,3.);
#516=IFCSHAPEREPRESENTATION(#11,'Body','SweptSolid',(#515));
#517=IFCCARTESIANPOINTLIST2D(((0.,0.),(3.4500012115518226,0.)));
#518=IFCINDEXEDPOLYCURVE(#517,$,$);
#519=IFCSHAPEREPRESENTATION(#23,'Axis','Curve2D',(#518));
#520=IFCRELCONNECTSPATHELEMENTS('0a9ytmZgTDUe3cPDA0Xu95',$,$,$,$,#225,#200,(),(),.ATEND.,.ATSTART.);
#534=IFCCARTESIANPOINTLIST2D(((0.,0.),(0.099999992450210171,0.10000000000000001),(1.5500002884951658,0.10000000000000001),(1.4500002420039282,0.)));
#535=IFCINDEXEDPOLYCURVE(#534,(IFCLINEINDEX((1,2,3,4,1))),$);
#536=IFCARBITRARYCLOSEDPROFILEDEF(.AREA.,$,#535);
#537=IFCCARTESIANPOINT((0.,0.,0.));
#538=IFCDIRECTION((0.,0.,1.));
#539=IFCDIRECTION((1.,0.,0.));
#540=IFCAXIS2PLACEMENT3D(#537,#538,#539);
#541=IFCDIRECTION((0.,0.,1.));
#542=IFCEXTRUDEDAREASOLID(#536,#540,#541,3.);
#543=IFCSHAPEREPRESENTATION(#11,'Body','SweptSolid',(#542));
#544=IFCCARTESIANPOINTLIST2D(((0.,0.),(1.4500002420039282,0.)));
#545=IFCINDEXEDPOLYCURVE(#544,$,$);
#546=IFCSHAPEREPRESENTATION(#23,'Axis','Curve2D',(#545));
#547=IFCRELCONNECTSPATHELEMENTS('21fsTKcFf5e9WCzsiqIBmr',$,$,$,$,#250,#225,(),(),.ATEND.,.ATSTART.);
#579=IFCRELCONNECTSPATHELEMENTS('38vYzA8xv5jgfxaYTFsJh_',$,$,$,$,#275,#250,(),(),.ATEND.,.ATSTART.);
#611=IFCRELCONNECTSPATHELEMENTS('0s2NrxLgPDCfVdWC4I0_yt',$,$,$,$,#300,#275,(),(),.ATEND.,.ATSTART.);
#630=IFCCARTESIANPOINTLIST2D(((0.,0.),(0.099999992450210171,0.10000000000000001),(3.1000001043149932,0.10000000000000001),(3.0000000880229232,0.)));
#631=IFCINDEXEDPOLYCURVE(#630,(IFCLINEINDEX((1,2,3,4,1))),$);
#632=IFCARBITRARYCLOSEDPROFILEDEF(.AREA.,$,#631);
#633=IFCCARTESIANPOINT((0.,0.,0.));
#634=IFCDIRECTION((0.,0.,1.));
#635=IFCDIRECTION((1.,0.,0.));
#636=IFCAXIS2PLACEMENT3D(#633,#634,#635);
#637=IFCDIRECTION((0.,0.,1.));
#638=IFCEXTRUDEDAREASOLID(#632,#636,#637,3.);
#639=IFCSHAPEREPRESENTATION(#11,'Body','SweptSolid',(#638));
#640=IFCCARTESIANPOINTLIST2D(((0.,0.),(3.0000000880229232,0.)));
#641=IFCINDEXEDPOLYCURVE(#640,$,$);
#642=IFCSHAPEREPRESENTATION(#23,'Axis','Curve2D',(#641));
#643=IFCRELCONNECTSPATHELEMENTS('31QEOZcvX8BgUB84IOrq7M',$,$,$,$,#123,#300,(),(),.ATEND.,.ATSTART.);
#644=IFCCARTESIANPOINTLIST2D(((0.,0.),(0.10000001629206984,0.10000000000000001),(3.899999938014342,0.10000000000000001),(3.9999999304645519,0.)));
#645=IFCINDEXEDPOLYCURVE(#644,(IFCLINEINDEX((1,2,3,4,1))),$);
#646=IFCARBITRARYCLOSEDPROFILEDEF(.AREA.,$,#645);
#647=IFCCARTESIANPOINT((0.,0.,0.));
#648=IFCDIRECTION((0.,0.,1.));
#649=IFCDIRECTION((1.,0.,0.));
#650=IFCAXIS2PLACEMENT3D(#647,#648,#649);
#651=IFCDIRECTION((0.,0.,1.));
#652=IFCEXTRUDEDAREASOLID(#646,#650,#651,3.);
#653=IFCSHAPEREPRESENTATION(#11,'Body','SweptSolid',(#652));
#654=IFCCARTESIANPOINTLIST2D(((0.,0.),(3.9999999304645519,0.)));
#655=IFCINDEXEDPOLYCURVE(#654,$,$);
#656=IFCSHAPEREPRESENTATION(#23,'Axis','Curve2D',(#655));
#662=IFCCARTESIANPOINTLIST2D(((0.,0.),(-0.10000001629206982,0.10000000000000001),(2.3999997452893842,0.10000000000000001),(2.4999997615814542,0.)));
#663=IFCINDEXEDPOLYCURVE(#662,(IFCLINEINDEX((1,2,3,4,1))),$);
#664=IFCARBITRARYCLOSEDPROFILEDEF(.AREA.,$,#663);
#665=IFCCARTESIANPOINT((0.,0.,0.));
#666=IFCDIRECTION((0.,0.,1.));
#667=IFCDIRECTION((1.,0.,0.));
#668=IFCAXIS2PLACEMENT3D(#665,#666,#667);
#669=IFCDIRECTION((0.,0.,1.));
#670=IFCEXTRUDEDAREASOLID(#664,#668,#669,3.);
#671=IFCSHAPEREPRESENTATION(#11,'Body','SweptSolid',(#670));
#672=IFCCARTESIANPOINTLIST2D(((0.,0.),(2.4999997615814542,0.)));
#673=IFCINDEXEDPOLYCURVE(#672,$,$);
#674=IFCSHAPEREPRESENTATION(#23,'Axis','Curve2D',(#673));
#675=IFCWALL('1L_DI8enL2g8iKER4C_Oau',$,'Wall',$,$,#8555,#681,$,$);
#676=IFCMATERIALLAYERSETUSAGE(#118,.AXIS2.,.POSITIVE.,0.,$);
#677=IFCRELASSOCIATESMATERIAL('1Z2HdHqOP1qB4duBsQ3f5_',$,$,$,(#675),#676);
#681=IFCPRODUCTDEFINITIONSHAPE($,$,(#777,#774));
#697=IFCPROPERTYSET('3DbMU_PRPDVBfQxy2lHKK9',$,'EPset_Parametric',$,(#699));
#698=IFCRELDEFINESBYPROPERTIES('2mVwAM7ELAG8X$zg8u$Qhr',$,$,$,(#675),#697);
#699=IFCPROPERTYSINGLEVALUE('Engine',$,IFCLABEL('Bonsai.DumbLayer2'),$);
#700=IFCWALL('21kR9mF7L7ah_l0uLQQ3Yv',$,'Wall',$,$,#8560,#706,$,$);
#701=IFCMATERIALLAYERSETUSAGE(#118,.AXIS2.,.POSITIVE.,0.,$);
#702=IFCRELASSOCIATESMATERIAL('1VRz3bwqH1HRgrVAC7Klhg',$,$,$,(#700),#701);
#706=IFCPRODUCTDEFINITIONSHAPE($,$,(#3484,#3481));
#722=IFCPROPERTYSET('3XwWjFexf92eCsL3AJZjwB',$,'EPset_Parametric',$,(#724));
#723=IFCRELDEFINESBYPROPERTIES('38YLdt9aTCwhAlGzlRpyuW',$,$,$,(#700),#722);
#724=IFCPROPERTYSINGLEVALUE('Engine',$,IFCLABEL('Bonsai.DumbLayer2'),$);
#751=IFCRELCONNECTSPATHELEMENTS('2id652SX9EpxezuaP9maUu',$,$,$,$,#700,#675,(),(),.ATEND.,.ATSTART.);
#765=IFCCARTESIANPOINTLIST2D(((0.,0.),(0.,0.10000000000000001),(2.54999997679184,0.10000000000000001),(2.6499999994412131,0.)));
#766=IFCINDEXEDPOLYCURVE(#765,(IFCLINEINDEX((1,2,3,4,1))),$);
#767=IFCARBITRARYCLOSEDPROFILEDEF(.AREA.,$,#766);
#768=IFCCARTESIANPOINT((0.,0.,0.));
#769=IFCDIRECTION((0.,0.,1.));
#770=IFCDIRECTION((1.,0.,0.));
#771=IFCAXIS2PLACEMENT3D(#768,#769,#770);
#772=IFCDIRECTION((0.,0.,1.));
#773=IFCEXTRUDEDAREASOLID(#767,#771,#772,3.);
#774=IFCSHAPEREPRESENTATION(#11,'Body','SweptSolid',(#773));
#775=IFCCARTESIANPOINTLIST2D(((0.,0.),(2.6499999994412131,0.)));
#776=IFCINDEXEDPOLYCURVE(#775,$,$);
#777=IFCSHAPEREPRESENTATION(#23,'Axis','Curve2D',(#776));
#837=IFCRELCONNECTSPATHELEMENTS('3zUMp7cqDAlw$ym8Q9V7qM',$,$,$,$,#700,#250,(),(),.ATPATH.,.ATEND.);
#851=IFCCARTESIANPOINTLIST2D(((0.,0.),(0.10000004649123768,0.10000000000000001),(5.0500010085009244,0.10000000000000001),(5.1500010009511348,0.)));
#852=IFCINDEXEDPOLYCURVE(#851,(IFCLINEINDEX((1,2,3,4,1))),$);
#853=IFCARBITRARYCLOSEDPROFILEDEF(.AREA.,$,#852);
#854=IFCCARTESIANPOINT((0.,0.,0.));
#855=IFCDIRECTION((0.,0.,1.));
#856=IFCDIRECTION((1.,0.,0.));
#857=IFCAXIS2PLACEMENT3D(#854,#855,#856);
#858=IFCDIRECTION((0.,0.,1.));
#859=IFCEXTRUDEDAREASOLID(#853,#857,#858,3.);
#860=IFCSHAPEREPRESENTATION(#11,'Body','SweptSolid',(#859));
#861=IFCCARTESIANPOINTLIST2D(((0.,0.),(5.1500010009511348,0.)));
#862=IFCINDEXEDPOLYCURVE(#861,$,$);
#863=IFCSHAPEREPRESENTATION(#23,'Axis','Curve2D',(#862));
#864=IFCWALL('0ur5aMF9T8YP6jy_Yc2sJi',$,'Wall',$,$,#8580,#870,$,$);
#865=IFCMATERIALLAYERSETUSAGE(#118,.AXIS2.,.POSITIVE.,0.,$);
#866=IFCRELASSOCIATESMATERIAL('256AjxjJf8Vv4abIkoPD0q',$,$,$,(#864),#865);
#870=IFCPRODUCTDEFINITIONSHAPE($,$,(#3461,#3458));
#886=IFCPROPERTYSET('1qIgzH3PT0AfwzToJDEAtW',$,'EPset_Parametric',$,(#888));
#887=IFCRELDEFINESBYPROPERTIES('2EZd_ove9CiA0WXy83_2VZ',$,$,$,(#864),#886);
#888=IFCPROPERTYSINGLEVALUE('Engine',$,IFCLABEL('Bonsai.DumbLayer2'),$);
#907=IFCRELCONNECTSPATHELEMENTS('0JW3f6zZ92cfIhXd0$OMWV',$,$,$,$,#864,#225,(),(),.ATPATH.,.ATEND.);
#921=IFCCARTESIANPOINTLIST2D(((0.,0.),(-0.10000004649123767,0.10000000000000001),(3.449999538460204,0.10000000000000001),(3.5499995849514416,0.)));
#922=IFCINDEXEDPOLYCURVE(#921,(IFCLINEINDEX((1,2,3,4,1))),$);
#923=IFCARBITRARYCLOSEDPROFILEDEF(.AREA.,$,#922);
#924=IFCCARTESIANPOINT((0.,0.,0.));
#925=IFCDIRECTION((0.,0.,1.));
#926=IFCDIRECTION((1.,0.,0.));
#927=IFCAXIS2PLACEMENT3D(#924,#925,#926);
#928=IFCDIRECTION((0.,0.,1.));
#929=IFCEXTRUDEDAREASOLID(#923,#927,#928,3.);
#930=IFCSHAPEREPRESENTATION(#11,'Body','SweptSolid',(#929));
#931=IFCCARTESIANPOINTLIST2D(((0.,0.),(3.5499995849514416,0.)));
#932=IFCINDEXEDPOLYCURVE(#931,$,$);
#933=IFCSHAPEREPRESENTATION(#23,'Axis','Curve2D',(#932));
#934=IFCWALL('0IR8hsG7rB6BSs6wWn3dFT',$,'Wall',$,$,#8565,#940,$,$);
#935=IFCMATERIALLAYERSETUSAGE(#118,.AXIS2.,.POSITIVE.,0.,$);
#936=IFCRELASSOCIATESMATERIAL('3JwNBYyRrA3QjeT7_4QxnQ',$,$,$,(#934),#935);
#940=IFCPRODUCTDEFINITIONSHAPE($,$,(#1217,#1214));
#956=IFCPROPERTYSET('1z3YZBqavEBAsurZEZgHfq',$,'EPset_Parametric',$,(#958));
#957=IFCRELDEFINESBYPROPERTIES('3Otz9IvXX9LxEyIy9DbguC',$,$,$,(#934),#956);
#958=IFCPROPERTYSINGLEVALUE('Engine',$,IFCLABEL('Bonsai.DumbLayer2'),$);
#959=IFCWALL('3wqmcZdHH8LRwU9ToGSCIh',$,'Wall',$,$,#8570,#965,$,$);
#960=IFCMATERIALLAYERSETUSAGE(#118,.AXIS2.,.POSITIVE.,0.,$);
#961=IFCRELASSOCIATESMATERIAL('3eAuEZMCj7Cgd$AjR4zFxe',$,$,$,(#959),#960);
#965=IFCPRODUCTDEFINITIONSHAPE($,$,(#1231,#1228));
#981=IFCPROPERTYSET('1yIp4WzFDCZBNln1ePsbGz',$,'EPset_Parametric',$,(#983));
#982=IFCRELDEFINESBYPROPERTIES('1qCzMgJuL5vAqKj$xJoCM6',$,$,$,(#959),#981);
#983=IFCPROPERTYSINGLEVALUE('Engine',$,IFCLABEL('Bonsai.DumbLayer2'),$);
#1186=IFCRELCONNECTSPATHELEMENTS('0o5$9oIMT6d8054hHax0sL',$,$,$,$,#959,#934,(),(),.ATEND.,.ATSTART.);
#1205=IFCCARTESIANPOINTLIST2D(((0.,0.),(0.,0.10000000000000001),(1.4778791626760424,0.10000000000000001),(1.3778791042638701,0.)));
#1206=IFCINDEXEDPOLYCURVE(#1205,(IFCLINEINDEX((1,2,3,4,1))),$);
#1207=IFCARBITRARYCLOSEDPROFILEDEF(.AREA.,$,#1206);
#1208=IFCCARTESIANPOINT((0.,0.,0.));
#1209=IFCDIRECTION((0.,0.,1.));
#1210=IFCDIRECTION((1.,0.,0.));
#1211=IFCAXIS2PLACEMENT3D(#1208,#1209,#1210);
#1212=IFCDIRECTION((0.,0.,1.));
#1213=IFCEXTRUDEDAREASOLID(#1207,#1211,#1212,3.);
#1214=IFCSHAPEREPRESENTATION(#11,'Body','SweptSolid',(#1213));
#1215=IFCCARTESIANPOINTLIST2D(((0.,0.),(1.3778791042638701,0.)));
#1216=IFCINDEXEDPOLYCURVE(#1215,$,$);
#1217=IFCSHAPEREPRESENTATION(#23,'Axis','Curve2D',(#1216));
#1218=IFCRELCONNECTSPATHELEMENTS('0N0lVsGhzFPxUOyA2VbySd',$,$,$,$,#959,#864,(),(),.ATPATH.,.ATEND.);
#1219=IFCCARTESIANPOINTLIST2D(((0.,0.),(-0.10000005841217217,0.10000000000000001),(1.9619728423438381,0.10000000000000001),(1.9619728618145564,0.)));
#1220=IFCINDEXEDPOLYCURVE(#1219,(IFCLINEINDEX((1,2,3,4,1))),$);
#1221=IFCARBITRARYCLOSEDPROFILEDEF(.AREA.,$,#1220);
#1222=IFCCARTESIANPOINT((0.,0.,0.));
#1223=IFCDIRECTION((0.,0.,1.));
#1224=IFCDIRECTION((1.,0.,0.));
#1225=IFCAXIS2PLACEMENT3D(#1222,#1223,#1224);
#1226=IFCDIRECTION((0.,0.,1.));
#1227=IFCEXTRUDEDAREASOLID(#1221,#1225,#1226,3.);
#1228=IFCSHAPEREPRESENTATION(#11,'Body','SweptSolid',(#1227));
#1229=IFCCARTESIANPOINTLIST2D(((0.,0.),(1.9619728618145564,0.)));
#1230=IFCINDEXEDPOLYCURVE(#1229,$,$);
#1231=IFCSHAPEREPRESENTATION(#23,'Axis','Curve2D',(#1230));
#1245=IFCSLABTYPE('2dsGVeAjnFr9RaP1vI0K0K',$,'SLAB',$,$,(#1249),$,$,$,.FLOOR.);
#1246=IFCMATERIALLAYERSET((#1248),$,$);
#1247=IFCRELASSOCIATESMATERIAL('2Oap47JvH0Fv7hs1ikdPT0',$,$,$,(#1245),#1246);
#1248=IFCMATERIALLAYER(#81,0.10000000000000001,$,$,$,$,$);
#1249=IFCPROPERTYSET('3Le5jsPND8CfQPNjMnbuTd',$,'EPset_Parametric',$,(#1250));
#1250=IFCPROPERTYSINGLEVALUE('LayerSetDirection',$,IFCLABEL('AXIS3'),$);
#1251=IFCSLAB('3_uXDIgpn6wRZpX7Wk7Adv',$,'Slab',$,$,#8575,#1266,$,$);
#1252=IFCRELDEFINESBYTYPE('1483uIUPvBNeJNNNlqNb$k',$,$,$,(#8294,#8317,#1251),#1245);
#1253=IFCMATERIALLAYERSETUSAGE(#1246,.AXIS3.,.POSITIVE.,-0.10000000149011612,$);
#1254=IFCRELASSOCIATESMATERIAL('2XTdc9cXjAEPw7Ov$CYy7p',$,$,$,(#1251),#1253);
#1260=IFCCARTESIANPOINTLIST2D(((0.,0.),(1.9073486328125E-06,9.1000003814697266),(-3.4500007629394531,9.0999994277954102),(-3.4500002861022949,7.6499996185302734),(-7.,7.6500005722045898),(-6.9999990463256836,2.4999997615814209),(-3.9999995231628418,2.4999997615814209),(-3.9999997615814209,-2.384185791015625E-07),(0.,0.)));
#1261=IFCINDEXEDPOLYCURVE(#1260,$,$);
#1262=IFCDIRECTION((0.,0.,1.));
#1263=IFCARBITRARYCLOSEDPROFILEDEF(.AREA.,$,#1261);
#1264=IFCEXTRUDEDAREASOLID(#1263,#1273,#1262,0.10000000000000001);
#1265=IFCSHAPEREPRESENTATION(#11,'Body','SweptSolid',(#1264));
#1266=IFCPRODUCTDEFINITIONSHAPE($,$,(#1265));
#1267=IFCPROPERTYSET('3n4CFwN3TCgAiLNUBHh9nJ',$,'EPset_Parametric',$,(#1269));
#1268=IFCRELDEFINESBYPROPERTIES('1EMQ7n0mb2XvdLDuJufPhY',$,$,$,(#1251),#1267);
#1269=IFCPROPERTYSINGLEVALUE('Engine',$,IFCLABEL('Bonsai.DumbLayer3'),$);
#1270=IFCCARTESIANPOINT((-0.,-0.,-0.10000000149011612));
#1271=IFCDIRECTION((0.,0.,1.));
#1272=IFCDIRECTION((1.,0.,0.));
#1273=IFCAXIS2PLACEMENT3D(#1270,#1271,#1272);
#1275=IFCMATERIALLAYERSET((#1277),$,$);
#1277=IFCMATERIALLAYER(#81,0.10000000000000001,$,$,$,$,$);
#1280=IFCDOORTYPE('1Qhv9QqDD6gQxRts9Qn8hL',$,'MAIN-GF',$,$,(#1281),(#1290,#1368,#1387,#5102),$,$,.DOOR.,.SINGLE_SWING_LEFT.,$,$);
#1281=IFCPROPERTYSET('2EoEXqrKrCU98mJjZlfFpW',$,'BBIM_Door',$,(#1282));
#1282=IFCPROPERTYSINGLEVALUE('Data',$,IFCTEXT('{"door_type": "SLIDING_TO_RIGHT", "overall_height": 2.0, "overall_width": 0.8999999761581421, "lining_properties": {"lining_depth": 0.05000000074505806, "lining_thickness": 0.05000000074505806, "lining_offset": 0.0, "transom_thickness": 0.0, "casing_thickness": 0.07500000298023224, "casing_depth": 0.004999999888241291, "threshold_thickness": 0.02500000037252903, "threshold_depth": 0.10000000149011612, "threshold_offset": 0.0}, "panel_properties": {"panel_depth": 0.005796346813440323, "panel_width_ratio": 1.0}}'),$);
#1286=IFCCARTESIANPOINT((0.,0.,0.));
#1287=IFCDIRECTION((1.,0.,0.));
#1288=IFCDIRECTION((0.,0.,1.));
#1289=IFCAXIS2PLACEMENT3D(#1286,#1288,#1287);
#1290=IFCREPRESENTATIONMAP(#1289,#5264);
#1364=IFCCARTESIANPOINT((0.,0.,0.));
#1365=IFCDIRECTION((1.,0.,0.));
#1366=IFCDIRECTION((0.,0.,1.));
#1367=IFCAXIS2PLACEMENT3D(#1364,#1366,#1365);
#1368=IFCREPRESENTATIONMAP(#1367,#5328);
#1383=IFCCARTESIANPOINT((0.,0.,0.));
#1384=IFCDIRECTION((1.,0.,0.));
#1385=IFCDIRECTION((0.,0.,1.));
#1386=IFCAXIS2PLACEMENT3D(#1383,#1385,#1384);
#1387=IFCREPRESENTATIONMAP(#1386,#5335);
#1388=IFCDOORTYPE('3$sf5nDUX11uh53YivFQnO',$,'GUEST-GF',$,$,(#1389),(#1391,#1399,#1477),$,$,.DOOR.,.SINGLE_SWING_LEFT.,$,$);
#1389=IFCPROPERTYSET('3tXoHxkJ546ej6xQ4ukIAv',$,'BBIM_Door',$,(#1390));
#1390=IFCPROPERTYSINGLEVALUE('Data',$,IFCTEXT('{"door_type": "SINGLE_SWING_RIGHT", "overall_height": 2.0, "overall_width": 0.8999999761581421, "lining_properties": {"lining_depth": 0.05000000074505806, "lining_thickness": 0.05000000074505806, "lining_offset": 0.0, "lining_to_panel_offset_x": 0.02500000037252903, "lining_to_panel_offset_y": 0.02500000037252903, "transom_thickness": 0.0, "casing_thickness": 0.07500000298023224, "casing_depth": 0.004999999888241291, "threshold_thickness": 0.02500000037252903, "threshold_depth": 0.10000000149011612, "threshold_offset": 0.0}, "panel_properties": {"panel_depth": 0.03500000014901161, "panel_width_ratio": 1.0}}'),$);
#1391=IFCREPRESENTATIONMAP(#1392,#1766);
#1392=IFCAXIS2PLACEMENT3D(#1393,#1394,#1395);
#1393=IFCCARTESIANPOINT((0.,0.,0.));
#1394=IFCDIRECTION((0.,0.,1.));
#1395=IFCDIRECTION((1.,0.,0.));
#1399=IFCREPRESENTATIONMAP(#1400,#1839);
#1400=IFCAXIS2PLACEMENT3D(#1401,#1402,#1403);
#1401=IFCCARTESIANPOINT((0.,0.,0.));
#1402=IFCDIRECTION((0.,0.,1.));
#1403=IFCDIRECTION((1.,0.,0.));
#1477=IFCREPRESENTATIONMAP(#1478,#1857);
#1478=IFCAXIS2PLACEMENT3D(#1479,#1480,#1481);
#1479=IFCCARTESIANPOINT((0.,0.,0.));
#1480=IFCDIRECTION((0.,0.,1.));
#1481=IFCDIRECTION((1.,0.,0.));
#1496=IFCDOORTYPE('1p7woPYiD4a8jfgbNWb9kr',$,'CR-GF',$,$,(#1497),(#1499,#1507,#1585,#2306),$,$,.DOOR.,.SINGLE_SWING_LEFT.,$,$);
#1497=IFCPROPERTYSET('018KAG$$D3dAbLh$qfyri7',$,'BBIM_Door',$,(#1498));
#1498=IFCPROPERTYSINGLEVALUE('Data',$,IFCTEXT('{"door_type": "SLIDING_TO_RIGHT", "overall_height": 2.0, "overall_width": 0.6091333627700806, "lining_properties": {"lining_depth": 0.05000000074505806, "lining_thickness": 0.05000000074505806, "lining_offset": 0.0, "transom_thickness": 0.0, "casing_thickness": 0.07500000298023224, "casing_depth": 0.004999999888241291, "threshold_thickness": 0.02500000037252903, "threshold_depth": 0.10000000149011612, "threshold_offset": 0.0}, "panel_properties": {"panel_depth": 0.03500000014901161, "panel_width_ratio": 1.0}}'),$);
#1499=IFCREPRESENTATIONMAP(#1500,#3494);
#1500=IFCAXIS2PLACEMENT3D(#1501,#1502,#1503);
#1501=IFCCARTESIANPOINT((0.,0.,0.));
#1502=IFCDIRECTION((0.,0.,1.));
#1503=IFCDIRECTION((1.,0.,0.));
#1507=IFCREPRESENTATIONMAP(#1508,#3558);
#1508=IFCAXIS2PLACEMENT3D(#1509,#1510,#1511);
#1509=IFCCARTESIANPOINT((0.,0.,0.));
#1510=IFCDIRECTION((0.,0.,1.));
#1511=IFCDIRECTION((1.,0.,0.));
#1585=IFCREPRESENTATIONMAP(#1586,#3565);
#1586=IFCAXIS2PLACEMENT3D(#1587,#1588,#1589);
#1587=IFCCARTESIANPOINT((0.,0.,0.));
#1588=IFCDIRECTION((0.,0.,1.));
#1589=IFCDIRECTION((1.,0.,0.));
#1604=IFCDOOR('0n_4c2zMLAzvY8hh3TTRFS',$,'Door',$,$,#2726,#1613,$,2.,0.89999997615814209,$,$,$);
#1605=IFCRELDEFINESBYTYPE('0Z1nJfNbTEahZa9QOLp5GF',$,$,$,(#1604,#4836),#1280);
#1606=IFCCARTESIANPOINT((0.,0.,0.));
#1607=IFCDIRECTION((1.,0.,0.));
#1608=IFCDIRECTION((0.,1.,0.));
#1609=IFCDIRECTION((0.,0.,1.));
#1610=IFCCARTESIANTRANSFORMATIONOPERATOR3D(#1607,#1608,#1606,1.,#1609);
#1611=IFCMAPPEDITEM(#1290,#1610);
#1612=IFCSHAPEREPRESENTATION(#18,'Profile','MappedRepresentation',(#1611));
#1613=IFCPRODUCTDEFINITIONSHAPE($,$,(#1612,#1620,#1627,#5109));
#1614=IFCCARTESIANPOINT((0.,0.,0.));
#1615=IFCDIRECTION((1.,0.,0.));
#1616=IFCDIRECTION((0.,1.,0.));
#1617=IFCDIRECTION((0.,0.,1.));
#1618=IFCCARTESIANTRANSFORMATIONOPERATOR3D(#1615,#1616,#1614,1.,#1617);
#1619=IFCMAPPEDITEM(#1368,#1618);
#1620=IFCSHAPEREPRESENTATION(#11,'Body','MappedRepresentation',(#1619));
#1621=IFCCARTESIANPOINT((0.,0.,0.));
#1622=IFCDIRECTION((1.,0.,0.));
#1623=IFCDIRECTION((0.,1.,0.));
#1624=IFCDIRECTION((0.,0.,1.));
#1625=IFCCARTESIANTRANSFORMATIONOPERATOR3D(#1622,#1623,#1621,1.,#1624);
#1626=IFCMAPPEDITEM(#1387,#1625);
#1627=IFCSHAPEREPRESENTATION(#24,'Body','MappedRepresentation',(#1626));
#1674=IFCCARTESIANPOINT((0.34985547264747408,4.76837158203125E-07,0.));
#1675=IFCDIRECTION((0.,0.,1.));
#1676=IFCDIRECTION((0.99999999999997158,-2.3841857910155572E-07,0.));
#1677=IFCAXIS2PLACEMENT3D(#1674,#1675,#1676);
#1678=IFCLOCALPLACEMENT(#8550,#1677);
#1684=IFCDOOR('0xK4ghwN5E2AQoEbIa0mx0',$,'Door',$,$,#1882,#1693,$,2.,0.89999997615814209,$,.SINGLE_SWING_RIGHT.,$);
#1685=IFCRELDEFINESBYTYPE('1_ewEFVU13zfNTt115Cmp6',$,$,$,(#1684),#1388);
#1686=IFCCARTESIANPOINT((0.,0.,0.));
#1687=IFCDIRECTION((1.,0.,0.));
#1688=IFCDIRECTION((0.,1.,0.));
#1689=IFCDIRECTION((0.,0.,1.));
#1690=IFCCARTESIANTRANSFORMATIONOPERATOR3D(#1687,#1688,#1686,1.,#1689);
#1691=IFCMAPPEDITEM(#1391,#1690);
#1692=IFCSHAPEREPRESENTATION(#18,'Profile','MappedRepresentation',(#1691));
#1693=IFCPRODUCTDEFINITIONSHAPE($,$,(#1692,#1700,#1707));
#1694=IFCCARTESIANPOINT((0.,0.,0.));
#1695=IFCDIRECTION((1.,0.,0.));
#1696=IFCDIRECTION((0.,1.,0.));
#1697=IFCDIRECTION((0.,0.,1.));
#1698=IFCCARTESIANTRANSFORMATIONOPERATOR3D(#1695,#1696,#1694,1.,#1697);
#1699=IFCMAPPEDITEM(#1399,#1698);
#1700=IFCSHAPEREPRESENTATION(#11,'Body','MappedRepresentation',(#1699));
#1701=IFCCARTESIANPOINT((0.,0.,0.));
#1702=IFCDIRECTION((1.,0.,0.));
#1703=IFCDIRECTION((0.,1.,0.));
#1704=IFCDIRECTION((0.,0.,1.));
#1705=IFCCARTESIANTRANSFORMATIONOPERATOR3D(#1702,#1703,#1701,1.,#1704);
#1706=IFCMAPPEDITEM(#1477,#1705);
#1707=IFCSHAPEREPRESENTATION(#24,'Body','MappedRepresentation',(#1706));
#1708=IFCOPENINGELEMENT('3BqHjSzE1158A8tK0Y4y6F',$,'Opening',$,$,#1877,#1736,$,.OPENING.);
#1724=IFCCARTESIANPOINT((0.,0.,0.));
#1725=IFCDIRECTION((1.,0.,0.));
#1726=IFCDIRECTION((0.,0.,1.));
#1727=IFCAXIS2PLACEMENT3D(#1724,#1726,#1725);
#1728=IFCREPRESENTATIONMAP(#1727,#1867);
#1729=IFCCARTESIANPOINT((0.,0.,0.));
#1730=IFCDIRECTION((1.,0.,0.));
#1731=IFCDIRECTION((0.,1.,0.));
#1732=IFCDIRECTION((0.,0.,1.));
#1733=IFCCARTESIANTRANSFORMATIONOPERATOR3D(#1730,#1731,#1729,1.,#1732);
#1734=IFCMAPPEDITEM(#1728,#1733);
#1735=IFCSHAPEREPRESENTATION(#11,'Body','MappedRepresentation',(#1734));
#1736=IFCPRODUCTDEFINITIONSHAPE($,$,(#1735));
#1737=IFCRELVOIDSELEMENT('3nZzXaRNb1rgQOd19t3TUD',$,$,$,#675,#1708);
#1743=IFCRELFILLSELEMENT('26hYNAleDAqfMgFSG99LTy',$,$,$,#1708,#1684);
#1764=IFCCARTESIANPOINTLIST3D(((0.,0.,0.),(0.89999997615814209,0.,0.),(0.89999997615814209,0.,2.),(0.,0.,2.)));
#1765=IFCINDEXEDPOLYCURVE(#1764,(IFCLINEINDEX((1,2,3,4,1))),$);
#1766=IFCSHAPEREPRESENTATION(#18,'Profile','Curve3D',(#1765));
#1767=IFCCARTESIANPOINTLIST2D(((0.,0.),(0.,2.),(0.89999997615814209,2.),(0.89999997615814209,0.),(0.87499997578561306,0.),(0.87499997578561306,1.974999999627471),(0.02500000037252903,1.974999999627471),(0.02500000037252903,0.)));
#1768=IFCINDEXEDPOLYCURVE(#1767,(IFCLINEINDEX((1,2,3,4,5,6,7,8,1))),$);
#1769=IFCARBITRARYCLOSEDPROFILEDEF(.AREA.,$,#1768);
#1770=IFCCARTESIANPOINT((0.,0.02500000037252903,0.));
#1771=IFCDIRECTION((0.,-1.,0.));
#1772=IFCDIRECTION((1.,0.,0.));
#1773=IFCAXIS2PLACEMENT3D(#1770,#1771,#1772);
#1774=IFCDIRECTION((0.,0.,-1.));
#1775=IFCEXTRUDEDAREASOLID(#1769,#1773,#1774,0.02500000037252903);
#1776=IFCCARTESIANPOINTLIST2D(((0.,0.),(0.,2.),(0.89999997615814209,2.),(0.89999997615814209,0.),(0.84999997541308403,0.),(0.84999997541308403,1.9499999992549419),(0.05000000074505806,1.9499999992549419),(0.05000000074505806,0.)));
#1777=IFCINDEXEDPOLYCURVE(#1776,(IFCLINEINDEX((1,2,3,4,5,6,7,8,1))),$);
#1778=IFCARBITRARYCLOSEDPROFILEDEF(.AREA.,$,#1777);
#1779=IFCCARTESIANPOINT((0.,0.,0.));
#1780=IFCDIRECTION((0.,-1.,0.));
#1781=IFCDIRECTION((1.,0.,0.));
#1782=IFCAXIS2PLACEMENT3D(#1779,#1780,#1781);
#1783=IFCDIRECTION((0.,0.,-1.));
#1784=IFCEXTRUDEDAREASOLID(#1778,#1782,#1783,0.02500000037252903);
#1785=IFCCARTESIANPOINTLIST2D(((0.,0.),(0.79999997466802597,0.),(0.79999997466802597,0.10000000149011612),(0.,0.10000000149011612)));
#1786=IFCINDEXEDPOLYCURVE(#1785,(IFCLINEINDEX((1,2,3,4,1))),$);
#1787=IFCARBITRARYCLOSEDPROFILEDEF(.AREA.,$,#1786);
#1788=IFCCARTESIANPOINT((0.05000000074505806,0.,0.));
#1789=IFCDIRECTION((0.,0.,1.));
#1790=IFCDIRECTION((1.,0.,0.));
#1791=IFCAXIS2PLACEMENT3D(#1788,#1789,#1790);
#1792=IFCDIRECTION((0.,0.,1.));
#1793=IFCEXTRUDEDAREASOLID(#1787,#1791,#1792,0.02500000037252903);
#1794=IFCCARTESIANPOINTLIST2D(((0.,0.),(0.,2.0250000022351742),(0.94999998062849045,2.0250000022351742),(0.94999998062849045,0.),(0.87499997764825821,0.),(0.87499997764825821,1.9499999992549419),(0.075000002980232239,1.9499999992549419),(0.075000002980232239,0.)));
#1795=IFCINDEXEDPOLYCURVE(#1794,(IFCLINEINDEX((1,2,3,4,5,6,7,8,1))),$);
#1796=IFCARBITRARYCLOSEDPROFILEDEF(.AREA.,$,#1795);
#1797=IFCCARTESIANPOINT((-0.025000002235174179,-0.004999999888241291,0.));
#1798=IFCDIRECTION((0.,-1.,0.));
#1799=IFCDIRECTION((1.,0.,0.));
#1800=IFCAXIS2PLACEMENT3D(#1797,#1798,#1799);
#1801=IFCDIRECTION((0.,0.,-1.));
#1802=IFCEXTRUDEDAREASOLID(#1796,#1800,#1801,0.004999999888241291);
#1803=IFCCARTESIANPOINTLIST2D(((0.,0.),(0.,2.0250000022351742),(0.94999998062849045,2.0250000022351742),(0.94999998062849045,0.),(0.89999997802078724,0.),(0.89999997802078724,1.974999999627471),(0.050000002607703209,1.974999999627471),(0.050000002607703209,0.)));
#1804=IFCINDEXEDPOLYCURVE(#1803,(IFCLINEINDEX((1,2,3,4,5,6,7,8,1))),$);
#1805=IFCARBITRARYCLOSEDPROFILEDEF(.AREA.,$,#1804);
#1806=IFCCARTESIANPOINT((-0.025000002235174179,0.05000000074505806,0.));
#1807=IFCDIRECTION((0.,-1.,0.));
#1808=IFCDIRECTION((1.,0.,0.));
#1809=IFCAXIS2PLACEMENT3D(#1806,#1807,#1808);
#1810=IFCDIRECTION((0.,0.,-1.));
#1811=IFCEXTRUDEDAREASOLID(#1805,#1809,#1810,0.004999999888241291);
#1812=IFCCARTESIANPOINTLIST2D(((0.,0.),(0.84999997541308403,0.),(0.84999997541308403,0.035000000149011612),(0.,0.035000000149011612)));
#1813=IFCINDEXEDPOLYCURVE(#1812,(IFCLINEINDEX((1,2,3,4,1))),$);
#1814=IFCARBITRARYCLOSEDPROFILEDEF(.AREA.,$,#1813);
#1815=IFCCARTESIANPOINT((0.02500000037252903,0.02500000037252903,0.02500000037252903));
#1816=IFCDIRECTION((0.,0.,1.));
#1817=IFCDIRECTION((1.,0.,0.));
#1818=IFCAXIS2PLACEMENT3D(#1815,#1816,#1817);
#1819=IFCDIRECTION((0.,0.,1.));
#1820=IFCEXTRUDEDAREASOLID(#1814,#1818,#1819,1.9499999992549419);
#1821=IFCCARTESIANPOINTLIST2D(((0.,0.),(0.,-0.040000000000000001),(0.12,-0.040000000000000001),(0.12,-0.02),(0.02,-0.02),(0.02,0.)));
#1822=IFCINDEXEDPOLYCURVE(#1821,(IFCLINEINDEX((1,2,3,4,5,6,1))),$);
#1823=IFCARBITRARYCLOSEDPROFILEDEF(.AREA.,$,#1822);
#1824=IFCCARTESIANPOINT((0.075000000372529033,0.02500000037252903,1.015000000372529));
#1825=IFCDIRECTION((0.,0.,1.));
#1826=IFCDIRECTION((1.,0.,0.));
#1827=IFCAXIS2PLACEMENT3D(#1824,#1825,#1826);
#1828=IFCDIRECTION((0.,0.,1.));
#1829=IFCEXTRUDEDAREASOLID(#1823,#1827,#1828,0.02);
#1830=IFCEXTRUDEDAREASOLID(#1831,#1834,#1838,0.02);
#1831=IFCARBITRARYCLOSEDPROFILEDEF(.AREA.,$,#1832);
#1832=IFCINDEXEDPOLYCURVE(#1833,(IFCLINEINDEX((1,2,3,4,5,6,1))),$);
#1833=IFCCARTESIANPOINTLIST2D(((0.,0.),(0.,0.040000000000000008),(0.11999999999999998,0.040000000000000008),(0.11999999999999998,0.020000000000000004),(0.020000000000000004,0.020000000000000004),(0.020000000000000004,0.)));
#1834=IFCAXIS2PLACEMENT3D(#1835,#1836,#1837);
#1835=IFCCARTESIANPOINT((0.075000000372529033,0.060000000521540642,1.015000000372529));
#1836=IFCDIRECTION((0.,0.,1.));
#1837=IFCDIRECTION((1.,0.,0.));
#1838=IFCDIRECTION((0.,0.,1.));
#1839=IFCSHAPEREPRESENTATION(#11,'Body','SweptSolid',(#1775,#1784,#1820,#1829,#1830,#1793,#1802,#1811));
#1840=IFCSHAPEREPRESENTATION(#11,'Body','SweptSolid',(#1775,#1784,#1793,#1802,#1811));
#1841=IFCSHAPEASPECT((#1840),'Lining',$,.T.,#1693);
#1842=IFCSHAPEREPRESENTATION(#11,'Body','SweptSolid',(#1820,#1829,#1830));
#1843=IFCSHAPEASPECT((#1842),'Framing',$,.T.,#1693);
#1844=IFCCARTESIANPOINTLIST2D(((0.,0.),(0.,0.05000000074505806),(0.02500000037252903,0.05000000074505806),(0.02500000037252903,0.02500000037252903),(0.05000000074505806,0.02500000037252903),(0.05000000074505806,0.)));
#1845=IFCINDEXEDPOLYCURVE(#1844,(IFCLINEINDEX((1,2,3,4,5,6,1))),$);
#1846=IFCINDEXEDPOLYCURVE(#1847,(IFCLINEINDEX((1,2,3,4,5,6,1))),$);
#1847=IFCCARTESIANPOINTLIST2D(((0.89999997615814209,0.),(0.89999997615814209,0.05000000074505806),(0.87499997578561306,0.05000000074505806),(0.87499997578561306,0.02500000037252903),(0.84999997541308403,0.02500000037252903),(0.84999997541308403,0.)));
#1848=IFCDIRECTION((1.,0.));
#1849=IFCCARTESIANPOINT((0.83999997563660145,0.05000000074505806));
#1850=IFCAXIS2PLACEMENT2D(#1849,#1848);
#1851=IFCELLIPSE(#1850,0.81499997526407242,0.84999997541308403);
#1852=IFCCARTESIANPOINT((0.83999997563660145,0.89999997615814209));
#1853=IFCCARTESIANPOINT((0.02500000037252903,0.05000000074505806));
#1854=IFCTRIMMEDCURVE(#1851,(#1852),(#1853),.T.,.CARTESIAN.);
#1855=IFCCARTESIANPOINTLIST2D(((0.87499997578561306,0.05000000074505806),(0.83999997563660145,0.05000000074505806),(0.83999997563660145,0.89999997615814209),(0.87499997578561306,0.89999997615814209)));
#1856=IFCINDEXEDPOLYCURVE(#1855,(IFCLINEINDEX((1,2,3,4,1))),$);
#1857=IFCSHAPEREPRESENTATION(#24,'Body','Curve2D',(#1845,#1846,#1854,#1856));
#1858=IFCCARTESIANPOINTLIST2D(((0.,0.),(0.89999997615814209,0.),(0.89999997615814209,2.),(0.,2.)));
#1859=IFCINDEXEDPOLYCURVE(#1858,(IFCLINEINDEX((1,2,3,4,1))),$);
#1860=IFCARBITRARYCLOSEDPROFILEDEF(.AREA.,$,#1859);
#1861=IFCCARTESIANPOINT((0.,-0.60000002384185791,0.));
#1862=IFCDIRECTION((0.,-1.,0.));
#1863=IFCDIRECTION((1.,0.,0.));
#1864=IFCAXIS2PLACEMENT3D(#1861,#1862,#1863);
#1865=IFCDIRECTION((0.,0.,-1.));
#1866=IFCEXTRUDEDAREASOLID(#1860,#1864,#1865,1.2);
#1867=IFCSHAPEREPRESENTATION(#11,'Body','SweptSolid',(#1866));
#1873=IFCCARTESIANPOINT((1.559455298818657,-6.1078332114217204E-08,0.));
#1874=IFCDIRECTION((0.,0.,1.));
#1875=IFCDIRECTION((0.99999999999997147,-2.384185719961227E-07,0.));
#1876=IFCAXIS2PLACEMENT3D(#1873,#1874,#1875);
#1877=IFCLOCALPLACEMENT(#8555,#1876);
#1878=IFCCARTESIANPOINT((-2.2204460492503131E-16,-5.5511151231257827E-17,0.));
#1879=IFCDIRECTION((0.,0.,1.));
#1880=IFCDIRECTION((1.,5.2939559203393771E-23,0.));
#1881=IFCAXIS2PLACEMENT3D(#1878,#1879,#1880);
#1882=IFCLOCALPLACEMENT(#1877,#1881);
#1883=IFCDOOR('038$ak2OzFUfNu59UNQQeH',$,'Door',$,$,#1947,#1892,$,2.,0.60913336277008057,$,.DOUBLE_SWING_RIGHT.,$);
#1884=IFCRELDEFINESBYTYPE('36aPuCwnfF3eiTrpazOdsB',$,$,$,(#3065,#2417,#2488,#2580,#3596,#2769,#2651,#1883,#2125),#1496);
#1885=IFCCARTESIANPOINT((0.,0.,0.));
#1886=IFCDIRECTION((1.,0.,0.));
#1887=IFCDIRECTION((0.,1.,0.));
#1888=IFCDIRECTION((0.,0.,1.));
#1889=IFCCARTESIANTRANSFORMATIONOPERATOR3D(#1886,#1887,#1885,1.,#1888);
#1890=IFCMAPPEDITEM(#1499,#1889);
#1891=IFCSHAPEREPRESENTATION(#18,'Profile','MappedRepresentation',(#1890));
#1892=IFCPRODUCTDEFINITIONSHAPE($,$,(#1891,#1899,#1906,#2313));
#1893=IFCCARTESIANPOINT((0.,0.,0.));
#1894=IFCDIRECTION((1.,0.,0.));
#1895=IFCDIRECTION((0.,1.,0.));
#1896=IFCDIRECTION((0.,0.,1.));
#1897=IFCCARTESIANTRANSFORMATIONOPERATOR3D(#1894,#1895,#1893,1.,#1896);
#1898=IFCMAPPEDITEM(#1507,#1897);
#1899=IFCSHAPEREPRESENTATION(#11,'Body','MappedRepresentation',(#1898));
#1900=IFCCARTESIANPOINT((0.,0.,0.));
#1901=IFCDIRECTION((1.,0.,0.));
#1902=IFCDIRECTION((0.,1.,0.));
#1903=IFCDIRECTION((0.,0.,1.));
#1904=IFCCARTESIANTRANSFORMATIONOPERATOR3D(#1901,#1902,#1900,1.,#1903);
#1905=IFCMAPPEDITEM(#1585,#1904);
#1906=IFCSHAPEREPRESENTATION(#24,'Body','MappedRepresentation',(#1905));
#1937=IFCCARTESIANPOINT((0.74904106100416268,0.099999931266956166,0.));
#1938=IFCDIRECTION((0.,0.,1.));
#1939=IFCDIRECTION((-0.99999999999999623,8.7422790784325385E-08,0.));
#1940=IFCAXIS2PLACEMENT3D(#1937,#1938,#1939);
#1941=IFCLOCALPLACEMENT(#8580,#1940);
#1943=IFCCARTESIANPOINT((-4.4408920985006262E-16,0.,0.));
#1944=IFCDIRECTION((0.,0.,1.));
#1945=IFCDIRECTION((0.99999999999999989,-5.2939559203393771E-23,0.));
#1946=IFCAXIS2PLACEMENT3D(#1943,#1944,#1945);
#1947=IFCLOCALPLACEMENT(#1941,#1946);
#1951=IFCCARTESIANPOINTLIST2D(((0.,0.),(0.,2.),(0.6966317892074585,2.),(0.6966317892074585,0.),(0.67163178883492947,0.),(0.67163178883492947,1.974999999627471),(0.02500000037252903,1.974999999627471),(0.02500000037252903,0.)));
#1952=IFCINDEXEDPOLYCURVE(#1951,(IFCLINEINDEX((1,2,3,4,5,6,7,8,1))),$);
#1953=IFCARBITRARYCLOSEDPROFILEDEF(.AREA.,$,#1952);
#1954=IFCCARTESIANPOINT((0.,0.02500000037252903,0.));
#1955=IFCDIRECTION((0.,-1.,0.));
#1956=IFCDIRECTION((1.,0.,0.));
#1957=IFCAXIS2PLACEMENT3D(#1954,#1955,#1956);
#1958=IFCDIRECTION((0.,0.,-1.));
#1959=IFCEXTRUDEDAREASOLID(#1953,#1957,#1958,0.02500000037252903);
#1960=IFCCARTESIANPOINTLIST2D(((0.,0.),(0.,2.),(0.6966317892074585,2.),(0.6966317892074585,0.),(0.64663178846240044,0.),(0.64663178846240044,1.9499999992549419),(0.05000000074505806,1.9499999992549419),(0.05000000074505806,0.)));
#1961=IFCINDEXEDPOLYCURVE(#1960,(IFCLINEINDEX((1,2,3,4,5,6,7,8,1))),$);
#1962=IFCARBITRARYCLOSEDPROFILEDEF(.AREA.,$,#1961);
#1963=IFCCARTESIANPOINT((0.,0.,0.));
#1964=IFCDIRECTION((0.,-1.,0.));
#1965=IFCDIRECTION((1.,0.,0.));
#1966=IFCAXIS2PLACEMENT3D(#1963,#1964,#1965);
#1967=IFCDIRECTION((0.,0.,-1.));
#1968=IFCEXTRUDEDAREASOLID(#1962,#1966,#1967,0.02500000037252903);
#1969=IFCCARTESIANPOINTLIST2D(((0.,0.),(0.59663178771734238,0.),(0.59663178771734238,0.10000000149011612),(0.,0.10000000149011612)));
#1970=IFCINDEXEDPOLYCURVE(#1969,(IFCLINEINDEX((1,2,3,4,1))),$);
#1971=IFCARBITRARYCLOSEDPROFILEDEF(.AREA.,$,#1970);
#1972=IFCCARTESIANPOINT((0.05000000074505806,0.,0.));
#1973=IFCDIRECTION((0.,0.,1.));
#1974=IFCDIRECTION((1.,0.,0.));
#1975=IFCAXIS2PLACEMENT3D(#1972,#1973,#1974);
#1976=IFCDIRECTION((0.,0.,1.));
#1977=IFCEXTRUDEDAREASOLID(#1971,#1975,#1976,0.02500000037252903);
#1978=IFCCARTESIANPOINTLIST2D(((0.,0.),(0.,2.0250000022351742),(0.74663179367780685,2.0250000022351742),(0.74663179367780685,0.),(0.67163179069757462,0.),(0.67163179069757462,1.9499999992549419),(0.075000002980232239,1.9499999992549419),(0.075000002980232239,0.)));
#1979=IFCINDEXEDPOLYCURVE(#1978,(IFCLINEINDEX((1,2,3,4,5,6,7,8,1))),$);
#1980=IFCARBITRARYCLOSEDPROFILEDEF(.AREA.,$,#1979);
#1981=IFCCARTESIANPOINT((-0.025000002235174179,-0.004999999888241291,0.));
#1982=IFCDIRECTION((0.,-1.,0.));
#1983=IFCDIRECTION((1.,0.,0.));
#1984=IFCAXIS2PLACEMENT3D(#1981,#1982,#1983);
#1985=IFCDIRECTION((0.,0.,-1.));
#1986=IFCEXTRUDEDAREASOLID(#1980,#1984,#1985,0.004999999888241291);
#1987=IFCCARTESIANPOINTLIST2D(((0.,0.),(0.,2.0250000022351742),(0.74663179367780685,2.0250000022351742),(0.74663179367780685,0.),(0.69663179107010365,0.),(0.69663179107010365,1.974999999627471),(0.050000002607703209,1.974999999627471),(0.050000002607703209,0.)));
#1988=IFCINDEXEDPOLYCURVE(#1987,(IFCLINEINDEX((1,2,3,4,5,6,7,8,1))),$);
#1989=IFCARBITRARYCLOSEDPROFILEDEF(.AREA.,$,#1988);
#1990=IFCCARTESIANPOINT((-0.025000002235174179,0.05000000074505806,0.));
#1991=IFCDIRECTION((0.,-1.,0.));
#1992=IFCDIRECTION((1.,0.,0.));
#1993=IFCAXIS2PLACEMENT3D(#1990,#1991,#1992);
#1994=IFCDIRECTION((0.,0.,-1.));
#1995=IFCEXTRUDEDAREASOLID(#1989,#1993,#1994,0.004999999888241291);
#1996=IFCCARTESIANPOINTLIST2D(((0.,0.),(0.64663178846240044,0.),(0.64663178846240044,0.035000000149011612),(0.,0.035000000149011612)));
#1997=IFCINDEXEDPOLYCURVE(#1996,(IFCLINEINDEX((1,2,3,4,1))),$);
#1998=IFCARBITRARYCLOSEDPROFILEDEF(.AREA.,$,#1997);
#1999=IFCCARTESIANPOINT((0.02500000037252903,0.02500000037252903,0.02500000037252903));
#2000=IFCDIRECTION((0.,0.,1.));
#2001=IFCDIRECTION((1.,0.,0.));
#2002=IFCAXIS2PLACEMENT3D(#1999,#2000,#2001);
#2003=IFCDIRECTION((0.,0.,1.));
#2004=IFCEXTRUDEDAREASOLID(#1998,#2002,#2003,1.9499999992549419);
#2005=IFCCARTESIANPOINTLIST2D(((0.,0.),(0.,-0.040000000000000001),(0.12,-0.040000000000000001),(0.12,-0.02),(0.02,-0.02),(0.02,0.)));
#2006=IFCINDEXEDPOLYCURVE(#2005,(IFCLINEINDEX((1,2,3,4,5,6,1))),$);
#2007=IFCARBITRARYCLOSEDPROFILEDEF(.AREA.,$,#2006);
#2008=IFCCARTESIANPOINT((0.075000000372529033,0.02500000037252903,1.015000000372529));
#2009=IFCDIRECTION((0.,0.,1.));
#2010=IFCDIRECTION((1.,0.,0.));
#2011=IFCAXIS2PLACEMENT3D(#2008,#2009,#2010);
#2012=IFCDIRECTION((0.,0.,1.));
#2013=IFCEXTRUDEDAREASOLID(#2007,#2011,#2012,0.02);
#2014=IFCEXTRUDEDAREASOLID(#2015,#2018,#2022,0.02);
#2015=IFCARBITRARYCLOSEDPROFILEDEF(.AREA.,$,#2016);
#2016=IFCINDEXEDPOLYCURVE(#2017,(IFCLINEINDEX((1,2,3,4,5,6,1))),$);
#2017=IFCCARTESIANPOINTLIST2D(((0.,0.),(0.,0.040000000000000008),(0.11999999999999998,0.040000000000000008),(0.11999999999999998,0.020000000000000004),(0.020000000000000004,0.020000000000000004),(0.020000000000000004,0.)));
#2018=IFCAXIS2PLACEMENT3D(#2019,#2020,#2021);
#2019=IFCCARTESIANPOINT((0.075000000372529033,0.060000000521540642,1.015000000372529));
#2020=IFCDIRECTION((0.,0.,1.));
#2021=IFCDIRECTION((1.,0.,0.));
#2022=IFCDIRECTION((0.,0.,1.));
#2024=IFCSHAPEREPRESENTATION(#11,'Body','SweptSolid',(#2062,#1977,#2080,#2053,#1959,#1968,#1995,#2071,#1986));
#2025=IFCSHAPEASPECT((#2024),'Lining',$,.T.,#1892);
#2026=IFCSHAPEREPRESENTATION(#11,'Body','SweptSolid',(#2098,#2099,#2089,#2013,#2014,#2004));
#2027=IFCSHAPEASPECT((#2026),'Framing',$,.T.,#1892);
#2045=IFCCARTESIANPOINTLIST2D(((0.,0.),(0.,2.),(0.64504134654998779,2.),(0.64504134654998779,0.),(0.62004134617745876,0.),(0.62004134617745876,1.974999999627471),(0.02500000037252903,1.974999999627471),(0.02500000037252903,0.)));
#2046=IFCINDEXEDPOLYCURVE(#2045,(IFCLINEINDEX((1,2,3,4,5,6,7,8,1))),$);
#2047=IFCARBITRARYCLOSEDPROFILEDEF(.AREA.,$,#2046);
#2048=IFCCARTESIANPOINT((0.,0.,0.));
#2049=IFCDIRECTION((0.,-1.,0.));
#2050=IFCDIRECTION((1.,0.,0.));
#2051=IFCAXIS2PLACEMENT3D(#2048,#2049,#2050);
#2052=IFCDIRECTION((0.,0.,-1.));
#2053=IFCEXTRUDEDAREASOLID(#2047,#2051,#2052,0.05000000074505806);
#2054=IFCCARTESIANPOINTLIST2D(((0.,0.),(0.59504134580492973,0.),(0.59504134580492973,0.10000000149011612),(0.,0.10000000149011612)));
#2055=IFCINDEXEDPOLYCURVE(#2054,(IFCLINEINDEX((1,2,3,4,1))),$);
#2056=IFCARBITRARYCLOSEDPROFILEDEF(.AREA.,$,#2055);
#2057=IFCCARTESIANPOINT((0.02500000037252903,0.,0.));
#2058=IFCDIRECTION((0.,0.,1.));
#2059=IFCDIRECTION((1.,0.,0.));
#2060=IFCAXIS2PLACEMENT3D(#2057,#2058,#2059);
#2061=IFCDIRECTION((0.,0.,1.));
#2062=IFCEXTRUDEDAREASOLID(#2056,#2060,#2061,0.02500000037252903);
#2063=IFCCARTESIANPOINTLIST2D(((0.,0.),(0.,2.0250000022351742),(0.69504135102033615,2.0250000022351742),(0.69504135102033615,0.),(0.64504134841263294,0.),(0.64504134841263294,1.974999999627471),(0.050000002607703209,1.974999999627471),(0.050000002607703209,0.)));
#2064=IFCINDEXEDPOLYCURVE(#2063,(IFCLINEINDEX((1,2,3,4,5,6,7,8,1))),$);
#2065=IFCARBITRARYCLOSEDPROFILEDEF(.AREA.,$,#2064);
#2066=IFCCARTESIANPOINT((-0.025000002235174179,-0.004999999888241291,0.));
#2067=IFCDIRECTION((0.,-1.,0.));
#2068=IFCDIRECTION((1.,0.,0.));
#2069=IFCAXIS2PLACEMENT3D(#2066,#2067,#2068);
#2070=IFCDIRECTION((0.,0.,-1.));
#2071=IFCEXTRUDEDAREASOLID(#2065,#2069,#2070,0.004999999888241291);
#2072=IFCCARTESIANPOINTLIST2D(((0.,0.),(0.,2.0250000022351742),(0.69504135102033615,2.0250000022351742),(0.69504135102033615,0.),(0.64504134841263294,0.),(0.64504134841263294,1.974999999627471),(0.050000002607703209,1.974999999627471),(0.050000002607703209,0.)));
#2073=IFCINDEXEDPOLYCURVE(#2072,(IFCLINEINDEX((1,2,3,4,5,6,7,8,1))),$);
#2074=IFCARBITRARYCLOSEDPROFILEDEF(.AREA.,$,#2073);
#2075=IFCCARTESIANPOINT((-0.025000002235174179,0.05000000074505806,0.));
#2076=IFCDIRECTION((0.,-1.,0.));
#2077=IFCDIRECTION((1.,0.,0.));
#2078=IFCAXIS2PLACEMENT3D(#2075,#2076,#2077);
#2079=IFCDIRECTION((0.,0.,-1.));
#2080=IFCEXTRUDEDAREASOLID(#2074,#2078,#2079,0.004999999888241291);
#2081=IFCCARTESIANPOINTLIST2D(((0.,0.),(0.59504134580492973,0.),(0.59504134580492973,0.035000000149011612),(0.,0.035000000149011612)));
#2082=IFCINDEXEDPOLYCURVE(#2081,(IFCLINEINDEX((1,2,3,4,1))),$);
#2083=IFCARBITRARYCLOSEDPROFILEDEF(.AREA.,$,#2082);
#2084=IFCCARTESIANPOINT((0.02500000037252903,0.02500000037252903,0.02500000037252903));
#2085=IFCDIRECTION((0.,0.,1.));
#2086=IFCDIRECTION((1.,0.,0.));
#2087=IFCAXIS2PLACEMENT3D(#2084,#2085,#2086);
#2088=IFCDIRECTION((0.,0.,1.));
#2089=IFCEXTRUDEDAREASOLID(#2083,#2087,#2088,1.9499999992549419);
#2090=IFCCARTESIANPOINTLIST2D(((0.,0.),(0.,-0.040000000000000001),(0.12,-0.040000000000000001),(0.12,-0.02),(0.02,-0.02),(0.02,0.)));
#2091=IFCINDEXEDPOLYCURVE(#2090,(IFCLINEINDEX((1,2,3,4,5,6,1))),$);
#2092=IFCARBITRARYCLOSEDPROFILEDEF(.AREA.,$,#2091);
#2093=IFCCARTESIANPOINT((0.075000000372529033,0.02500000037252903,1.015000000372529));
#2094=IFCDIRECTION((0.,0.,1.));
#2095=IFCDIRECTION((1.,0.,0.));
#2096=IFCAXIS2PLACEMENT3D(#2093,#2094,#2095);
#2097=IFCDIRECTION((0.,0.,1.));
#2098=IFCEXTRUDEDAREASOLID(#2092,#2096,#2097,0.02);
#2099=IFCEXTRUDEDAREASOLID(#2100,#2103,#2107,0.02);
#2100=IFCARBITRARYCLOSEDPROFILEDEF(.AREA.,$,#2101);
#2101=IFCINDEXEDPOLYCURVE(#2102,(IFCLINEINDEX((1,2,3,4,5,6,1))),$);
#2102=IFCCARTESIANPOINTLIST2D(((0.,0.),(0.,0.040000000000000008),(0.11999999999999998,0.040000000000000008),(0.11999999999999998,0.020000000000000004),(0.020000000000000004,0.020000000000000004),(0.020000000000000004,0.)));
#2103=IFCAXIS2PLACEMENT3D(#2104,#2105,#2106);
#2104=IFCCARTESIANPOINT((0.075000000372529033,0.060000000521540642,1.015000000372529));
#2105=IFCDIRECTION((0.,0.,1.));
#2106=IFCDIRECTION((1.,0.,0.));
#2107=IFCDIRECTION((0.,0.,1.));
#2125=IFCDOOR('2x96EGuSvCJAzl3QibyCem',$,'Door',$,$,#2345,#2133,$,2.,0.60913336277008057,$,.SLIDING_TO_LEFT.,$);
#2126=IFCCARTESIANPOINT((0.,0.,0.));
#2127=IFCDIRECTION((1.,0.,0.));
#2128=IFCDIRECTION((0.,1.,0.));
#2129=IFCDIRECTION((0.,0.,1.));
#2130=IFCCARTESIANTRANSFORMATIONOPERATOR3D(#2127,#2128,#2126,1.,#2129);
#2131=IFCMAPPEDITEM(#1499,#2130);
#2132=IFCSHAPEREPRESENTATION(#18,'Profile','MappedRepresentation',(#2131));
#2133=IFCPRODUCTDEFINITIONSHAPE($,$,(#2132,#2140,#2147,#2320));
#2134=IFCCARTESIANPOINT((0.,0.,0.));
#2135=IFCDIRECTION((1.,0.,0.));
#2136=IFCDIRECTION((0.,1.,0.));
#2137=IFCDIRECTION((0.,0.,1.));
#2138=IFCCARTESIANTRANSFORMATIONOPERATOR3D(#2135,#2136,#2134,1.,#2137);
#2139=IFCMAPPEDITEM(#1507,#2138);
#2140=IFCSHAPEREPRESENTATION(#11,'Body','MappedRepresentation',(#2139));
#2141=IFCCARTESIANPOINT((0.,0.,0.));
#2142=IFCDIRECTION((1.,0.,0.));
#2143=IFCDIRECTION((0.,1.,0.));
#2144=IFCDIRECTION((0.,0.,1.));
#2145=IFCCARTESIANTRANSFORMATIONOPERATOR3D(#2142,#2143,#2141,1.,#2144);
#2146=IFCMAPPEDITEM(#1585,#2145);
#2147=IFCSHAPEREPRESENTATION(#24,'Body','MappedRepresentation',(#2146));
#2222=IFCCARTESIANPOINTLIST2D(((0.,0.),(0.,2.),(0.60913336277008057,2.),(0.60913336277008057,0.),(0.55913336202502251,0.),(0.55913336202502251,1.9499999992549419),(0.05000000074505806,1.9499999992549419),(0.05000000074505806,0.)));
#2223=IFCINDEXEDPOLYCURVE(#2222,(IFCLINEINDEX((1,2,3,4,5,6,7,8,1))),$);
#2224=IFCARBITRARYCLOSEDPROFILEDEF(.AREA.,$,#2223);
#2225=IFCCARTESIANPOINT((0.,0.,0.));
#2226=IFCDIRECTION((0.,-1.,0.));
#2227=IFCDIRECTION((1.,0.,0.));
#2228=IFCAXIS2PLACEMENT3D(#2225,#2226,#2227);
#2229=IFCDIRECTION((0.,0.,-1.));
#2230=IFCEXTRUDEDAREASOLID(#2224,#2228,#2229,0.05000000074505806);
#2231=IFCCARTESIANPOINTLIST2D(((0.,0.),(0.50913336127996445,0.),(0.50913336127996445,0.10000000149011612),(0.,0.10000000149011612)));
#2232=IFCINDEXEDPOLYCURVE(#2231,(IFCLINEINDEX((1,2,3,4,1))),$);
#2233=IFCARBITRARYCLOSEDPROFILEDEF(.AREA.,$,#2232);
#2234=IFCCARTESIANPOINT((0.05000000074505806,0.,0.));
#2235=IFCDIRECTION((0.,0.,1.));
#2236=IFCDIRECTION((1.,0.,0.));
#2237=IFCAXIS2PLACEMENT3D(#2234,#2235,#2236);
#2238=IFCDIRECTION((0.,0.,1.));
#2239=IFCEXTRUDEDAREASOLID(#2233,#2237,#2238,0.02500000037252903);
#2240=IFCCARTESIANPOINTLIST2D(((0.,0.),(0.,2.0250000022351742),(0.65913336724042892,2.0250000022351742),(0.65913336724042892,0.),(0.58413336426019669,0.),(0.58413336426019669,1.9499999992549419),(0.075000002980232239,1.9499999992549419),(0.075000002980232239,0.)));
#2241=IFCINDEXEDPOLYCURVE(#2240,(IFCLINEINDEX((1,2,3,4,5,6,7,8,1))),$);
#2242=IFCARBITRARYCLOSEDPROFILEDEF(.AREA.,$,#2241);
#2243=IFCCARTESIANPOINT((-0.025000002235174179,-0.004999999888241291,0.));
#2244=IFCDIRECTION((0.,-1.,0.));
#2245=IFCDIRECTION((1.,0.,0.));
#2246=IFCAXIS2PLACEMENT3D(#2243,#2244,#2245);
#2247=IFCDIRECTION((0.,0.,-1.));
#2248=IFCEXTRUDEDAREASOLID(#2242,#2246,#2247,0.004999999888241291);
#2249=IFCCARTESIANPOINTLIST2D(((0.,0.),(0.,2.0250000022351742),(0.65913336724042892,2.0250000022351742),(0.65913336724042892,0.),(0.58413336426019669,0.),(0.58413336426019669,1.9499999992549419),(0.075000002980232239,1.9499999992549419),(0.075000002980232239,0.)));
#2250=IFCINDEXEDPOLYCURVE(#2249,(IFCLINEINDEX((1,2,3,4,5,6,7,8,1))),$);
#2251=IFCARBITRARYCLOSEDPROFILEDEF(.AREA.,$,#2250);
#2252=IFCCARTESIANPOINT((-0.025000002235174179,0.05000000074505806,0.));
#2253=IFCDIRECTION((0.,-1.,0.));
#2254=IFCDIRECTION((1.,0.,0.));
#2255=IFCAXIS2PLACEMENT3D(#2252,#2253,#2254);
#2256=IFCDIRECTION((0.,0.,-1.));
#2257=IFCEXTRUDEDAREASOLID(#2251,#2255,#2256,0.004999999888241291);
#2258=IFCCARTESIANPOINTLIST2D(((0.,0.),(0.50913336127996445,0.),(0.50913336127996445,0.035000000149011612),(0.,0.035000000149011612)));
#2259=IFCINDEXEDPOLYCURVE(#2258,(IFCLINEINDEX((1,2,3,4,1))),$);
#2260=IFCARBITRARYCLOSEDPROFILEDEF(.AREA.,$,#2259);
#2261=IFCCARTESIANPOINT((0.05000000074505806,-0.035000000149011612,0.02500000037252903));
#2262=IFCDIRECTION((0.,0.,1.));
#2263=IFCDIRECTION((1.,0.,0.));
#2264=IFCAXIS2PLACEMENT3D(#2261,#2262,#2263);
#2265=IFCDIRECTION((0.,0.,1.));
#2266=IFCEXTRUDEDAREASOLID(#2260,#2264,#2265,1.9249999988824129);
#2267=IFCCARTESIANPOINTLIST2D(((0.,0.),(0.,-0.040000000000000008),(-0.11999999999999994,-0.040000000000000008),(-0.11999999999999994,-0.020000000000000004),(-0.019999999999999962,-0.020000000000000004),(-0.019999999999999962,0.)));
#2268=IFCINDEXEDPOLYCURVE(#2267,(IFCLINEINDEX((1,2,3,4,5,6,1))),$);
#2269=IFCARBITRARYCLOSEDPROFILEDEF(.AREA.,$,#2268);
#2270=IFCCARTESIANPOINT((0.50913336202502246,-0.035000000149011612,1.015000000372529));
#2271=IFCDIRECTION((0.,0.,1.));
#2272=IFCDIRECTION((1.,0.,0.));
#2273=IFCAXIS2PLACEMENT3D(#2270,#2271,#2272);
#2274=IFCDIRECTION((0.,0.,1.));
#2275=IFCEXTRUDEDAREASOLID(#2269,#2273,#2274,0.02);
#2276=IFCEXTRUDEDAREASOLID(#2277,#2280,#2284,0.02);
#2277=IFCARBITRARYCLOSEDPROFILEDEF(.AREA.,$,#2278);
#2278=IFCINDEXEDPOLYCURVE(#2279,(IFCLINEINDEX((1,2,3,4,5,6,1))),$);
#2279=IFCCARTESIANPOINTLIST2D(((0.,0.),(0.,0.040000000000000008),(-0.11999999999999994,0.040000000000000008),(-0.11999999999999994,0.020000000000000004),(-0.019999999999999962,0.020000000000000004),(-0.019999999999999962,0.)));
#2280=IFCAXIS2PLACEMENT3D(#2281,#2282,#2283);
#2281=IFCCARTESIANPOINT((0.50913336202502246,0.,1.015000000372529));
#2282=IFCDIRECTION((0.,0.,1.));
#2283=IFCDIRECTION((1.,0.,0.));
#2284=IFCDIRECTION((0.,0.,1.));
#2286=IFCSHAPEREPRESENTATION(#11,'Body','SweptSolid',(#2230,#2239,#2248,#2257));
#2287=IFCSHAPEASPECT((#2286),'Lining',$,.T.,#2133);
#2288=IFCSHAPEREPRESENTATION(#11,'Body','SweptSolid',(#2266,#2275,#2276));
#2289=IFCSHAPEASPECT((#2288),'Framing',$,.T.,#2133);
#2302=IFCCARTESIANPOINT((0.,0.,0.));
#2303=IFCDIRECTION((1.,0.,0.));
#2304=IFCDIRECTION((0.,0.,1.));
#2305=IFCAXIS2PLACEMENT3D(#2302,#2304,#2303);
#2306=IFCREPRESENTATIONMAP(#2305,#3570);
#2307=IFCCARTESIANPOINT((0.,0.,0.));
#2308=IFCDIRECTION((1.,0.,0.));
#2309=IFCDIRECTION((0.,1.,0.));
#2310=IFCDIRECTION((0.,0.,1.));
#2311=IFCCARTESIANTRANSFORMATIONOPERATOR3D(#2308,#2309,#2307,1.,#2310);
#2312=IFCMAPPEDITEM(#2306,#2311);
#2313=IFCSHAPEREPRESENTATION(#25,'Annotation','MappedRepresentation',(#2312));
#2314=IFCCARTESIANPOINT((0.,0.,0.));
#2315=IFCDIRECTION((1.,0.,0.));
#2316=IFCDIRECTION((0.,1.,0.));
#2317=IFCDIRECTION((0.,0.,1.));
#2318=IFCCARTESIANTRANSFORMATIONOPERATOR3D(#2315,#2316,#2314,1.,#2317);
#2319=IFCMAPPEDITEM(#2306,#2318);
#2320=IFCSHAPEREPRESENTATION(#25,'Annotation','MappedRepresentation',(#2319));
#2336=IFCCARTESIANPOINT((0.71529529531812841,0.099999924696413167,0.));
#2337=IFCDIRECTION((0.,0.,1.));
#2338=IFCDIRECTION((-0.99999999999999623,8.7422790784325385E-08,0.));
#2339=IFCAXIS2PLACEMENT3D(#2336,#2337,#2338);
#2340=IFCLOCALPLACEMENT(#8580,#2339);
#2341=IFCCARTESIANPOINT((-8.8817841970012523E-16,0.,0.));
#2342=IFCDIRECTION((0.,0.,1.));
#2343=IFCDIRECTION((1.,0.,0.));
#2344=IFCAXIS2PLACEMENT3D(#2341,#2342,#2343);
#2345=IFCLOCALPLACEMENT(#2340,#2344);
#2417=IFCDOOR('0qwcHL6h18ixIjCY6cgGdo',$,'Door',$,$,#2487,#2425,$,2.,0.60913336277008057,$,$,$);
#2418=IFCCARTESIANPOINT((0.,0.,0.));
#2419=IFCDIRECTION((1.,0.,0.));
#2420=IFCDIRECTION((0.,1.,0.));
#2421=IFCDIRECTION((0.,0.,1.));
#2422=IFCCARTESIANTRANSFORMATIONOPERATOR3D(#2419,#2420,#2418,1.,#2421);
#2423=IFCMAPPEDITEM(#1499,#2422);
#2424=IFCSHAPEREPRESENTATION(#18,'Profile','MappedRepresentation',(#2423));
#2425=IFCPRODUCTDEFINITIONSHAPE($,$,(#2424,#2432,#2439,#2446));
#2426=IFCCARTESIANPOINT((0.,0.,0.));
#2427=IFCDIRECTION((1.,0.,0.));
#2428=IFCDIRECTION((0.,1.,0.));
#2429=IFCDIRECTION((0.,0.,1.));
#2430=IFCCARTESIANTRANSFORMATIONOPERATOR3D(#2427,#2428,#2426,1.,#2429);
#2431=IFCMAPPEDITEM(#1507,#2430);
#2432=IFCSHAPEREPRESENTATION(#11,'Body','MappedRepresentation',(#2431));
#2433=IFCCARTESIANPOINT((0.,0.,0.));
#2434=IFCDIRECTION((1.,0.,0.));
#2435=IFCDIRECTION((0.,1.,0.));
#2436=IFCDIRECTION((0.,0.,1.));
#2437=IFCCARTESIANTRANSFORMATIONOPERATOR3D(#2434,#2435,#2433,1.,#2436);
#2438=IFCMAPPEDITEM(#1585,#2437);
#2439=IFCSHAPEREPRESENTATION(#24,'Body','MappedRepresentation',(#2438));
#2440=IFCCARTESIANPOINT((0.,0.,0.));
#2441=IFCDIRECTION((1.,0.,0.));
#2442=IFCDIRECTION((0.,1.,0.));
#2443=IFCDIRECTION((0.,0.,1.));
#2444=IFCCARTESIANTRANSFORMATIONOPERATOR3D(#2441,#2442,#2440,1.,#2443);
#2445=IFCMAPPEDITEM(#2306,#2444);
#2446=IFCSHAPEREPRESENTATION(#25,'Annotation','MappedRepresentation',(#2445));
#2477=IFCCARTESIANPOINT((0.71013138731336767,0.099999923690963222,0.));
#2478=IFCDIRECTION((0.,0.,1.));
#2479=IFCDIRECTION((-0.99999999999999623,8.7422790784325385E-08,0.));
#2480=IFCAXIS2PLACEMENT3D(#2477,#2478,#2479);
#2481=IFCLOCALPLACEMENT(#8580,#2480);
#2483=IFCCARTESIANPOINT((0.,0.,0.));
#2484=IFCDIRECTION((0.,0.,1.));
#2485=IFCDIRECTION((0.99999999999999989,-5.2939559203393771E-23,0.));
#2486=IFCAXIS2PLACEMENT3D(#2483,#2484,#2485);
#2487=IFCLOCALPLACEMENT(#2481,#2486);
#2488=IFCDOOR('1g0NYw6vf44ODIlNGPsDy_',$,'Door',$,$,#2558,#2496,$,2.,0.60913336277008057,$,$,$);
#2489=IFCCARTESIANPOINT((0.,0.,0.));
#2490=IFCDIRECTION((1.,0.,0.));
#2491=IFCDIRECTION((0.,1.,0.));
#2492=IFCDIRECTION((0.,0.,1.));
#2493=IFCCARTESIANTRANSFORMATIONOPERATOR3D(#2490,#2491,#2489,1.,#2492);
#2494=IFCMAPPEDITEM(#1499,#2493);
#2495=IFCSHAPEREPRESENTATION(#18,'Profile','MappedRepresentation',(#2494));
#2496=IFCPRODUCTDEFINITIONSHAPE($,$,(#2495,#2503,#2510,#2517));
#2497=IFCCARTESIANPOINT((0.,0.,0.));
#2498=IFCDIRECTION((1.,0.,0.));
#2499=IFCDIRECTION((0.,1.,0.));
#2500=IFCDIRECTION((0.,0.,1.));
#2501=IFCCARTESIANTRANSFORMATIONOPERATOR3D(#2498,#2499,#2497,1.,#2500);
#2502=IFCMAPPEDITEM(#1507,#2501);
#2503=IFCSHAPEREPRESENTATION(#11,'Body','MappedRepresentation',(#2502));
#2504=IFCCARTESIANPOINT((0.,0.,0.));
#2505=IFCDIRECTION((1.,0.,0.));
#2506=IFCDIRECTION((0.,1.,0.));
#2507=IFCDIRECTION((0.,0.,1.));
#2508=IFCCARTESIANTRANSFORMATIONOPERATOR3D(#2505,#2506,#2504,1.,#2507);
#2509=IFCMAPPEDITEM(#1585,#2508);
#2510=IFCSHAPEREPRESENTATION(#24,'Body','MappedRepresentation',(#2509));
#2511=IFCCARTESIANPOINT((0.,0.,0.));
#2512=IFCDIRECTION((1.,0.,0.));
#2513=IFCDIRECTION((0.,1.,0.));
#2514=IFCDIRECTION((0.,0.,1.));
#2515=IFCCARTESIANTRANSFORMATIONOPERATOR3D(#2512,#2513,#2511,1.,#2514);
#2516=IFCMAPPEDITEM(#2306,#2515);
#2517=IFCSHAPEREPRESENTATION(#25,'Annotation','MappedRepresentation',(#2516));
#2548=IFCCARTESIANPOINT((0.69830630262708837,0.099999921388534307,0.));
#2549=IFCDIRECTION((0.,0.,1.));
#2550=IFCDIRECTION((-0.99999999999999623,8.7422790784325385E-08,0.));
#2551=IFCAXIS2PLACEMENT3D(#2548,#2549,#2550);
#2552=IFCLOCALPLACEMENT(#8580,#2551);
#2554=IFCCARTESIANPOINT((-4.4408920985006262E-16,0.,0.));
#2555=IFCDIRECTION((0.,0.,1.));
#2556=IFCDIRECTION((0.99999999999999989,-5.2939559203393771E-23,0.));
#2557=IFCAXIS2PLACEMENT3D(#2554,#2555,#2556);
#2558=IFCLOCALPLACEMENT(#2552,#2557);
#2562=IFCCARTESIANPOINTLIST2D(((0.,0.),(0.,2.),(0.60913336277008057,2.),(0.60913336277008057,0.),(0.55913336202502251,0.),(0.55913336202502251,1.9499999992549419),(0.05000000074505806,1.9499999992549419),(0.05000000074505806,0.)));
#2563=IFCINDEXEDPOLYCURVE(#2562,(IFCLINEINDEX((1,2,3,4,5,6,7,8,1))),$);
#2564=IFCARBITRARYCLOSEDPROFILEDEF(.AREA.,$,#2563);
#2565=IFCCARTESIANPOINT((0.,0.,0.));
#2566=IFCDIRECTION((0.,-1.,0.));
#2567=IFCDIRECTION((1.,0.,0.));
#2568=IFCAXIS2PLACEMENT3D(#2565,#2566,#2567);
#2569=IFCDIRECTION((0.,0.,-1.));
#2570=IFCEXTRUDEDAREASOLID(#2564,#2568,#2569,0.0010000000474974513);
#2571=IFCCARTESIANPOINTLIST2D(((0.,0.),(0.50913336127996445,0.),(0.50913336127996445,0.10000000149011612),(0.,0.10000000149011612)));
#2572=IFCINDEXEDPOLYCURVE(#2571,(IFCLINEINDEX((1,2,3,4,1))),$);
#2573=IFCARBITRARYCLOSEDPROFILEDEF(.AREA.,$,#2572);
#2574=IFCCARTESIANPOINT((0.05000000074505806,0.,0.));
#2575=IFCDIRECTION((0.,0.,1.));
#2576=IFCDIRECTION((1.,0.,0.));
#2577=IFCAXIS2PLACEMENT3D(#2574,#2575,#2576);
#2578=IFCDIRECTION((0.,0.,1.));
#2579=IFCEXTRUDEDAREASOLID(#2573,#2577,#2578,0.02500000037252903);
#2580=IFCDOOR('1jKDpETf11eg2vow71_X23',$,'Door',$,$,#2650,#2588,$,2.,0.60913336277008057,$,$,$);
#2581=IFCCARTESIANPOINT((0.,0.,0.));
#2582=IFCDIRECTION((1.,0.,0.));
#2583=IFCDIRECTION((0.,1.,0.));
#2584=IFCDIRECTION((0.,0.,1.));
#2585=IFCCARTESIANTRANSFORMATIONOPERATOR3D(#2582,#2583,#2581,1.,#2584);
#2586=IFCMAPPEDITEM(#1499,#2585);
#2587=IFCSHAPEREPRESENTATION(#18,'Profile','MappedRepresentation',(#2586));
#2588=IFCPRODUCTDEFINITIONSHAPE($,$,(#2587,#2595,#2602,#2609));
#2589=IFCCARTESIANPOINT((0.,0.,0.));
#2590=IFCDIRECTION((1.,0.,0.));
#2591=IFCDIRECTION((0.,1.,0.));
#2592=IFCDIRECTION((0.,0.,1.));
#2593=IFCCARTESIANTRANSFORMATIONOPERATOR3D(#2590,#2591,#2589,1.,#2592);
#2594=IFCMAPPEDITEM(#1507,#2593);
#2595=IFCSHAPEREPRESENTATION(#11,'Body','MappedRepresentation',(#2594));
#2596=IFCCARTESIANPOINT((0.,0.,0.));
#2597=IFCDIRECTION((1.,0.,0.));
#2598=IFCDIRECTION((0.,1.,0.));
#2599=IFCDIRECTION((0.,0.,1.));
#2600=IFCCARTESIANTRANSFORMATIONOPERATOR3D(#2597,#2598,#2596,1.,#2599);
#2601=IFCMAPPEDITEM(#1585,#2600);
#2602=IFCSHAPEREPRESENTATION(#24,'Body','MappedRepresentation',(#2601));
#2603=IFCCARTESIANPOINT((0.,0.,0.));
#2604=IFCDIRECTION((1.,0.,0.));
#2605=IFCDIRECTION((0.,1.,0.));
#2606=IFCDIRECTION((0.,0.,1.));
#2607=IFCCARTESIANTRANSFORMATIONOPERATOR3D(#2604,#2605,#2603,1.,#2606);
#2608=IFCMAPPEDITEM(#2306,#2607);
#2609=IFCSHAPEREPRESENTATION(#25,'Annotation','MappedRepresentation',(#2608));
#2640=IFCCARTESIANPOINT((0.25933669050549168,0.099999955127286988,0.));
#2641=IFCDIRECTION((0.,0.,1.));
#2642=IFCDIRECTION((-0.99999999999999623,8.7422790784325385E-08,0.));
#2643=IFCAXIS2PLACEMENT3D(#2640,#2641,#2642);
#2644=IFCLOCALPLACEMENT(#8580,#2643);
#2646=IFCCARTESIANPOINT((0.,0.,0.));
#2647=IFCDIRECTION((0.,0.,1.));
#2648=IFCDIRECTION((0.99999999999999989,-5.2939559203393771E-23,0.));
#2649=IFCAXIS2PLACEMENT3D(#2646,#2647,#2648);
#2650=IFCLOCALPLACEMENT(#2644,#2649);
#2651=IFCDOOR('1WFc0J4PT6BxXpopXSv7RQ',$,'Door',$,$,#2721,#2659,$,2.,0.60913336277008057,$,$,$);
#2652=IFCCARTESIANPOINT((0.,0.,0.));
#2653=IFCDIRECTION((1.,0.,0.));
#2654=IFCDIRECTION((0.,1.,0.));
#2655=IFCDIRECTION((0.,0.,1.));
#2656=IFCCARTESIANTRANSFORMATIONOPERATOR3D(#2653,#2654,#2652,1.,#2655);
#2657=IFCMAPPEDITEM(#1499,#2656);
#2658=IFCSHAPEREPRESENTATION(#18,'Profile','MappedRepresentation',(#2657));
#2659=IFCPRODUCTDEFINITIONSHAPE($,$,(#2658,#2666,#2673,#2680));
#2660=IFCCARTESIANPOINT((0.,0.,0.));
#2661=IFCDIRECTION((1.,0.,0.));
#2662=IFCDIRECTION((0.,1.,0.));
#2663=IFCDIRECTION((0.,0.,1.));
#2664=IFCCARTESIANTRANSFORMATIONOPERATOR3D(#2661,#2662,#2660,1.,#2663);
#2665=IFCMAPPEDITEM(#1507,#2664);
#2666=IFCSHAPEREPRESENTATION(#11,'Body','MappedRepresentation',(#2665));
#2667=IFCCARTESIANPOINT((0.,0.,0.));
#2668=IFCDIRECTION((1.,0.,0.));
#2669=IFCDIRECTION((0.,1.,0.));
#2670=IFCDIRECTION((0.,0.,1.));
#2671=IFCCARTESIANTRANSFORMATIONOPERATOR3D(#2668,#2669,#2667,1.,#2670);
#2672=IFCMAPPEDITEM(#1585,#2671);
#2673=IFCSHAPEREPRESENTATION(#24,'Body','MappedRepresentation',(#2672));
#2674=IFCCARTESIANPOINT((0.,0.,0.));
#2675=IFCDIRECTION((1.,0.,0.));
#2676=IFCDIRECTION((0.,1.,0.));
#2677=IFCDIRECTION((0.,0.,1.));
#2678=IFCCARTESIANTRANSFORMATIONOPERATOR3D(#2675,#2676,#2674,1.,#2677);
#2679=IFCMAPPEDITEM(#2306,#2678);
#2680=IFCSHAPEREPRESENTATION(#25,'Annotation','MappedRepresentation',(#2679));
#2711=IFCCARTESIANPOINT((0.70522473295545751,0.09999992273560232,0.));
#2712=IFCDIRECTION((0.,0.,1.));
#2713=IFCDIRECTION((-0.99999999999999623,8.7422790784325385E-08,0.));
#2714=IFCAXIS2PLACEMENT3D(#2711,#2712,#2713);
#2715=IFCLOCALPLACEMENT(#8580,#2714);
#2717=IFCCARTESIANPOINT((0.,0.,0.));
#2718=IFCDIRECTION((0.,0.,1.));
#2719=IFCDIRECTION((0.99999999999999989,-5.2939559203393771E-23,0.));
#2720=IFCAXIS2PLACEMENT3D(#2717,#2718,#2719);
#2721=IFCLOCALPLACEMENT(#2715,#2720);
#2722=IFCCARTESIANPOINT((0.,0.,0.));
#2723=IFCDIRECTION((0.,0.,1.));
#2724=IFCDIRECTION((1.,0.,0.));
#2725=IFCAXIS2PLACEMENT3D(#2722,#2723,#2724);
#2726=IFCLOCALPLACEMENT(#1678,#2725);
#2751=IFCCARTESIANPOINTLIST2D(((0.,0.),(0.,2.),(0.60913336277008057,2.),(0.60913336277008057,0.),(0.5802040807902813,0.),(0.5802040807902813,1.9710707180202007),(0.028929281979799271,1.9710707180202007),(0.028929281979799271,0.)));
#2752=IFCINDEXEDPOLYCURVE(#2751,(IFCLINEINDEX((1,2,3,4,5,6,7,8,1))),$);
#2753=IFCARBITRARYCLOSEDPROFILEDEF(.AREA.,$,#2752);
#2754=IFCCARTESIANPOINT((0.,0.,0.));
#2755=IFCDIRECTION((0.,-1.,0.));
#2756=IFCDIRECTION((1.,0.,0.));
#2757=IFCAXIS2PLACEMENT3D(#2754,#2755,#2756);
#2758=IFCDIRECTION((0.,0.,-1.));
#2759=IFCEXTRUDEDAREASOLID(#2753,#2757,#2758,0.05000000074505806);
#2760=IFCCARTESIANPOINTLIST2D(((0.,0.),(0.55127479881048203,0.),(0.55127479881048203,0.0010000000474974513),(0.,0.0010000000474974513)));
#2761=IFCINDEXEDPOLYCURVE(#2760,(IFCLINEINDEX((1,2,3,4,1))),$);
#2762=IFCARBITRARYCLOSEDPROFILEDEF(.AREA.,$,#2761);
#2763=IFCCARTESIANPOINT((0.028929281979799271,0.,0.));
#2764=IFCDIRECTION((0.,0.,1.));
#2765=IFCDIRECTION((1.,0.,0.));
#2766=IFCAXIS2PLACEMENT3D(#2763,#2764,#2765);
#2767=IFCDIRECTION((0.,0.,1.));
#2768=IFCEXTRUDEDAREASOLID(#2762,#2766,#2767,0.02500000037252903);
#2769=IFCDOOR('1STLhEy152COUFDjrEGcRF',$,'Door',$,$,#2839,#2777,$,2.,0.60913336277008057,$,$,$);
#2770=IFCCARTESIANPOINT((0.,0.,0.));
#2771=IFCDIRECTION((1.,0.,0.));
#2772=IFCDIRECTION((0.,1.,0.));
#2773=IFCDIRECTION((0.,0.,1.));
#2774=IFCCARTESIANTRANSFORMATIONOPERATOR3D(#2771,#2772,#2770,1.,#2773);
#2775=IFCMAPPEDITEM(#1499,#2774);
#2776=IFCSHAPEREPRESENTATION(#18,'Profile','MappedRepresentation',(#2775));
#2777=IFCPRODUCTDEFINITIONSHAPE($,$,(#2776,#2784,#2791,#2798));
#2778=IFCCARTESIANPOINT((0.,0.,0.));
#2779=IFCDIRECTION((1.,0.,0.));
#2780=IFCDIRECTION((0.,1.,0.));
#2781=IFCDIRECTION((0.,0.,1.));
#2782=IFCCARTESIANTRANSFORMATIONOPERATOR3D(#2779,#2780,#2778,1.,#2781);
#2783=IFCMAPPEDITEM(#1507,#2782);
#2784=IFCSHAPEREPRESENTATION(#11,'Body','MappedRepresentation',(#2783));
#2785=IFCCARTESIANPOINT((0.,0.,0.));
#2786=IFCDIRECTION((1.,0.,0.));
#2787=IFCDIRECTION((0.,1.,0.));
#2788=IFCDIRECTION((0.,0.,1.));
#2789=IFCCARTESIANTRANSFORMATIONOPERATOR3D(#2786,#2787,#2785,1.,#2788);
#2790=IFCMAPPEDITEM(#1585,#2789);
#2791=IFCSHAPEREPRESENTATION(#24,'Body','MappedRepresentation',(#2790));
#2792=IFCCARTESIANPOINT((0.,0.,0.));
#2793=IFCDIRECTION((1.,0.,0.));
#2794=IFCDIRECTION((0.,1.,0.));
#2795=IFCDIRECTION((0.,0.,1.));
#2796=IFCCARTESIANTRANSFORMATIONOPERATOR3D(#2793,#2794,#2792,1.,#2795);
#2797=IFCMAPPEDITEM(#2306,#2796);
#2798=IFCSHAPEREPRESENTATION(#25,'Annotation','MappedRepresentation',(#2797));
#2829=IFCCARTESIANPOINT((0.74497435530042733,0.099999930475139331,0.));
#2830=IFCDIRECTION((0.,0.,1.));
#2831=IFCDIRECTION((-0.99999999999999623,8.7422790784325385E-08,0.));
#2832=IFCAXIS2PLACEMENT3D(#2829,#2830,#2831);
#2833=IFCLOCALPLACEMENT(#8580,#2832);
#2835=IFCCARTESIANPOINT((0.,0.,0.));
#2836=IFCDIRECTION((0.,0.,1.));
#2837=IFCDIRECTION((0.99999999999999989,-5.2939559203393771E-23,0.));
#2838=IFCAXIS2PLACEMENT3D(#2835,#2836,#2837);
#2839=IFCLOCALPLACEMENT(#2833,#2838);
#3029=IFCCARTESIANPOINTLIST2D(((0.,0.),(0.,2.),(0.60913336277008057,2.),(0.60913336277008057,0.),(0.55913336202502251,0.),(0.55913336202502251,1.9499999992549419),(0.05000000074505806,1.9499999992549419),(0.05000000074505806,0.)));
#3030=IFCINDEXEDPOLYCURVE(#3029,(IFCLINEINDEX((1,2,3,4,5,6,7,8,1))),$);
#3031=IFCARBITRARYCLOSEDPROFILEDEF(.AREA.,$,#3030);
#3032=IFCCARTESIANPOINT((0.,0.,0.));
#3033=IFCDIRECTION((0.,-1.,0.));
#3034=IFCDIRECTION((1.,0.,0.));
#3035=IFCAXIS2PLACEMENT3D(#3032,#3033,#3034);
#3036=IFCDIRECTION((0.,0.,-1.));
#3037=IFCEXTRUDEDAREASOLID(#3031,#3035,#3036,0.05000000074505806);
#3038=IFCCARTESIANPOINTLIST2D(((0.,0.),(0.50913336127996445,0.),(0.50913336127996445,0.10000000149011612),(0.,0.10000000149011612)));
#3039=IFCINDEXEDPOLYCURVE(#3038,(IFCLINEINDEX((1,2,3,4,1))),$);
#3040=IFCARBITRARYCLOSEDPROFILEDEF(.AREA.,$,#3039);
#3041=IFCCARTESIANPOINT((0.05000000074505806,0.,0.));
#3042=IFCDIRECTION((0.,0.,1.));
#3043=IFCDIRECTION((1.,0.,0.));
#3044=IFCAXIS2PLACEMENT3D(#3041,#3042,#3043);
#3045=IFCDIRECTION((0.,0.,1.));
#3046=IFCEXTRUDEDAREASOLID(#3040,#3044,#3045,0.02500000037252903);
#3047=IFCCARTESIANPOINTLIST2D(((0.,0.),(0.,2.0250000022351742),(0.65913336724042892,2.0250000022351742),(0.65913336724042892,0.),(0.58413336426019669,0.),(0.58413336426019669,1.9499999992549419),(0.075000002980232239,1.9499999992549419),(0.075000002980232239,0.)));
#3048=IFCINDEXEDPOLYCURVE(#3047,(IFCLINEINDEX((1,2,3,4,5,6,7,8,1))),$);
#3049=IFCARBITRARYCLOSEDPROFILEDEF(.AREA.,$,#3048);
#3050=IFCCARTESIANPOINT((-0.025000002235174179,-0.004999999888241291,0.));
#3051=IFCDIRECTION((0.,-1.,0.));
#3052=IFCDIRECTION((1.,0.,0.));
#3053=IFCAXIS2PLACEMENT3D(#3050,#3051,#3052);
#3054=IFCDIRECTION((0.,0.,-1.));
#3055=IFCEXTRUDEDAREASOLID(#3049,#3053,#3054,0.004999999888241291);
#3056=IFCCARTESIANPOINTLIST2D(((0.,0.),(0.,2.0250000022351742),(0.65913336724042892,2.0250000022351742),(0.65913336724042892,0.),(0.58413336426019669,0.),(0.58413336426019669,1.9499999992549419),(0.075000002980232239,1.9499999992549419),(0.075000002980232239,0.)));
#3057=IFCINDEXEDPOLYCURVE(#3056,(IFCLINEINDEX((1,2,3,4,5,6,7,8,1))),$);
#3058=IFCARBITRARYCLOSEDPROFILEDEF(.AREA.,$,#3057);
#3059=IFCCARTESIANPOINT((-0.025000002235174179,0.05000000074505806,0.));
#3060=IFCDIRECTION((0.,-1.,0.));
#3061=IFCDIRECTION((1.,0.,0.));
#3062=IFCAXIS2PLACEMENT3D(#3059,#3060,#3061);
#3063=IFCDIRECTION((0.,0.,-1.));
#3064=IFCEXTRUDEDAREASOLID(#3058,#3062,#3063,0.004999999888241291);
#3065=IFCDOOR('1lrmWHebzABQm_YnRfieSv',$,'Door',$,$,#3595,#3073,$,2.,0.60913336277008057,$,.SLIDING_TO_RIGHT.,$);
#3066=IFCCARTESIANPOINT((0.,0.,0.));
#3067=IFCDIRECTION((1.,0.,0.));
#3068=IFCDIRECTION((0.,1.,0.));
#3069=IFCDIRECTION((0.,0.,1.));
#3070=IFCCARTESIANTRANSFORMATIONOPERATOR3D(#3067,#3068,#3066,1.,#3069);
#3071=IFCMAPPEDITEM(#1499,#3070);
#3072=IFCSHAPEREPRESENTATION(#18,'Profile','MappedRepresentation',(#3071));
#3073=IFCPRODUCTDEFINITIONSHAPE($,$,(#3072,#3080,#3087,#3094));
#3074=IFCCARTESIANPOINT((0.,0.,0.));
#3075=IFCDIRECTION((1.,0.,0.));
#3076=IFCDIRECTION((0.,1.,0.));
#3077=IFCDIRECTION((0.,0.,1.));
#3078=IFCCARTESIANTRANSFORMATIONOPERATOR3D(#3075,#3076,#3074,1.,#3077);
#3079=IFCMAPPEDITEM(#1507,#3078);
#3080=IFCSHAPEREPRESENTATION(#11,'Body','MappedRepresentation',(#3079));
#3081=IFCCARTESIANPOINT((0.,0.,0.));
#3082=IFCDIRECTION((1.,0.,0.));
#3083=IFCDIRECTION((0.,1.,0.));
#3084=IFCDIRECTION((0.,0.,1.));
#3085=IFCCARTESIANTRANSFORMATIONOPERATOR3D(#3082,#3083,#3081,1.,#3084);
#3086=IFCMAPPEDITEM(#1585,#3085);
#3087=IFCSHAPEREPRESENTATION(#24,'Body','MappedRepresentation',(#3086));
#3088=IFCCARTESIANPOINT((0.,0.,0.));
#3089=IFCDIRECTION((1.,0.,0.));
#3090=IFCDIRECTION((0.,1.,0.));
#3091=IFCDIRECTION((0.,0.,1.));
#3092=IFCCARTESIANTRANSFORMATIONOPERATOR3D(#3089,#3090,#3088,1.,#3091);
#3093=IFCMAPPEDITEM(#2306,#3092);
#3094=IFCSHAPEREPRESENTATION(#25,'Annotation','MappedRepresentation',(#3093));
#3139=IFCCARTESIANPOINTLIST2D(((0.,0.),(0.,2.),(0.60913336277008057,2.),(0.60913336277008057,0.),(0.55913336202502251,0.),(0.55913336202502251,1.9499999992549419),(0.05000000074505806,1.9499999992549419),(0.05000000074505806,0.)));
#3140=IFCINDEXEDPOLYCURVE(#3139,(IFCLINEINDEX((1,2,3,4,5,6,7,8,1))),$);
#3141=IFCARBITRARYCLOSEDPROFILEDEF(.AREA.,$,#3140);
#3142=IFCCARTESIANPOINT((0.,0.,0.));
#3143=IFCDIRECTION((0.,-1.,0.));
#3144=IFCDIRECTION((1.,0.,0.));
#3145=IFCAXIS2PLACEMENT3D(#3142,#3143,#3144);
#3146=IFCDIRECTION((0.,0.,-1.));
#3147=IFCEXTRUDEDAREASOLID(#3141,#3145,#3146,0.05000000074505806);
#3148=IFCCARTESIANPOINTLIST2D(((0.,0.),(0.50913336127996445,0.),(0.50913336127996445,0.10000000149011612),(0.,0.10000000149011612)));
#3149=IFCINDEXEDPOLYCURVE(#3148,(IFCLINEINDEX((1,2,3,4,1))),$);
#3150=IFCARBITRARYCLOSEDPROFILEDEF(.AREA.,$,#3149);
#3151=IFCCARTESIANPOINT((0.05000000074505806,0.,0.));
#3152=IFCDIRECTION((0.,0.,1.));
#3153=IFCDIRECTION((1.,0.,0.));
#3154=IFCAXIS2PLACEMENT3D(#3151,#3152,#3153);
#3155=IFCDIRECTION((0.,0.,1.));
#3156=IFCEXTRUDEDAREASOLID(#3150,#3154,#3155,0.02500000037252903);
#3157=IFCCARTESIANPOINTLIST2D(((0.,0.),(0.,2.0250000022351742),(0.65913336724042892,2.0250000022351742),(0.65913336724042892,0.),(0.58413336426019669,0.),(0.58413336426019669,1.9499999992549419),(0.075000002980232239,1.9499999992549419),(0.075000002980232239,0.)));
#3158=IFCINDEXEDPOLYCURVE(#3157,(IFCLINEINDEX((1,2,3,4,5,6,7,8,1))),$);
#3159=IFCARBITRARYCLOSEDPROFILEDEF(.AREA.,$,#3158);
#3160=IFCCARTESIANPOINT((-0.025000002235174179,-0.004999999888241291,0.));
#3161=IFCDIRECTION((0.,-1.,0.));
#3162=IFCDIRECTION((1.,0.,0.));
#3163=IFCAXIS2PLACEMENT3D(#3160,#3161,#3162);
#3164=IFCDIRECTION((0.,0.,-1.));
#3165=IFCEXTRUDEDAREASOLID(#3159,#3163,#3164,0.004999999888241291);
#3166=IFCCARTESIANPOINTLIST2D(((0.,0.),(0.,2.0250000022351742),(0.65913336724042892,2.0250000022351742),(0.65913336724042892,0.),(0.58413336426019669,0.),(0.58413336426019669,1.9499999992549419),(0.075000002980232239,1.9499999992549419),(0.075000002980232239,0.)));
#3167=IFCINDEXEDPOLYCURVE(#3166,(IFCLINEINDEX((1,2,3,4,5,6,7,8,1))),$);
#3168=IFCARBITRARYCLOSEDPROFILEDEF(.AREA.,$,#3167);
#3169=IFCCARTESIANPOINT((-0.025000002235174179,0.05000000074505806,0.));
#3170=IFCDIRECTION((0.,-1.,0.));
#3171=IFCDIRECTION((1.,0.,0.));
#3172=IFCAXIS2PLACEMENT3D(#3169,#3170,#3171);
#3173=IFCDIRECTION((0.,0.,-1.));
#3174=IFCEXTRUDEDAREASOLID(#3168,#3172,#3173,0.004999999888241291);
#3175=IFCCARTESIANPOINTLIST2D(((0.,0.),(0.50913336127996445,0.),(0.50913336127996445,0.035000000149011612),(0.,0.035000000149011612)));
#3176=IFCINDEXEDPOLYCURVE(#3175,(IFCLINEINDEX((1,2,3,4,1))),$);
#3177=IFCARBITRARYCLOSEDPROFILEDEF(.AREA.,$,#3176);
#3178=IFCCARTESIANPOINT((0.05000000074505806,-0.035000000149011612,0.02500000037252903));
#3179=IFCDIRECTION((0.,0.,1.));
#3180=IFCDIRECTION((1.,0.,0.));
#3181=IFCAXIS2PLACEMENT3D(#3178,#3179,#3180);
#3182=IFCDIRECTION((0.,0.,1.));
#3183=IFCEXTRUDEDAREASOLID(#3177,#3181,#3182,1.9249999988824129);
#3184=IFCCARTESIANPOINTLIST2D(((0.,0.),(0.,-0.040000000000000001),(0.12,-0.040000000000000001),(0.12,-0.02),(0.02,-0.02),(0.02,0.)));
#3185=IFCINDEXEDPOLYCURVE(#3184,(IFCLINEINDEX((1,2,3,4,5,6,1))),$);
#3186=IFCARBITRARYCLOSEDPROFILEDEF(.AREA.,$,#3185);
#3187=IFCCARTESIANPOINT((0.10000000074505806,-0.035000000149011612,1.015000000372529));
#3188=IFCDIRECTION((0.,0.,1.));
#3189=IFCDIRECTION((1.,0.,0.));
#3190=IFCAXIS2PLACEMENT3D(#3187,#3188,#3189);
#3191=IFCDIRECTION((0.,0.,1.));
#3192=IFCEXTRUDEDAREASOLID(#3186,#3190,#3191,0.02);
#3193=IFCEXTRUDEDAREASOLID(#3194,#3197,#3201,0.02);
#3194=IFCARBITRARYCLOSEDPROFILEDEF(.AREA.,$,#3195);
#3195=IFCINDEXEDPOLYCURVE(#3196,(IFCLINEINDEX((1,2,3,4,5,6,1))),$);
#3196=IFCCARTESIANPOINTLIST2D(((0.,0.),(0.,0.040000000000000008),(0.11999999999999998,0.040000000000000008),(0.11999999999999998,0.020000000000000004),(0.020000000000000004,0.020000000000000004),(0.020000000000000004,0.)));
#3197=IFCAXIS2PLACEMENT3D(#3198,#3199,#3200);
#3198=IFCCARTESIANPOINT((0.10000000074505806,0.,1.015000000372529));
#3199=IFCDIRECTION((0.,0.,1.));
#3200=IFCDIRECTION((1.,0.,0.));
#3201=IFCDIRECTION((0.,0.,1.));
#3203=IFCSHAPEREPRESENTATION(#11,'Body','SweptSolid',(#3530,#3156,#3174,#3521,#3503,#3512,#3147,#3165));
#3204=IFCSHAPEASPECT((#3203),'Lining',$,.T.,#3073);
#3205=IFCSHAPEREPRESENTATION(#11,'Body','SweptSolid',(#3548,#3193,#3549,#3183,#3539,#3192));
#3206=IFCSHAPEASPECT((#3205),'Framing',$,.T.,#3073);
#3448=IFCRELCONNECTSPATHELEMENTS('1gPQd1fWH0cQyBsclJhjwC',$,$,$,$,#864,#700,(),(),.ATPATH.,.ATSTART.);
#3449=IFCCARTESIANPOINTLIST2D(((0.,0.),(-4.6491227576050953E-08,0.10000000000000001),(2.3000006184019073,0.10000000000000001),(2.300000610852118,0.)));
#3450=IFCINDEXEDPOLYCURVE(#3449,(IFCLINEINDEX((1,2,3,4,1))),$);
#3451=IFCARBITRARYCLOSEDPROFILEDEF(.AREA.,$,#3450);
#3452=IFCCARTESIANPOINT((0.,0.,0.));
#3453=IFCDIRECTION((0.,0.,1.));
#3454=IFCDIRECTION((1.,0.,0.));
#3455=IFCAXIS2PLACEMENT3D(#3452,#3453,#3454);
#3456=IFCDIRECTION((0.,0.,1.));
#3457=IFCEXTRUDEDAREASOLID(#3451,#3455,#3456,3.);
#3458=IFCSHAPEREPRESENTATION(#11,'Body','SweptSolid',(#3457));
#3459=IFCCARTESIANPOINTLIST2D(((0.,0.),(2.4000006108521186,0.)));
#3460=IFCINDEXEDPOLYCURVE(#3459,$,$);
#3461=IFCSHAPEREPRESENTATION(#23,'Axis','Curve2D',(#3460));
#3472=IFCCARTESIANPOINTLIST2D(((0.,0.),(0.10000002264937295,0.10000000000000001),(3.0000005271032739,0.10000000000000001),(3.0000005195534838,0.)));
#3473=IFCINDEXEDPOLYCURVE(#3472,(IFCLINEINDEX((1,2,3,4,1))),$);
#3474=IFCARBITRARYCLOSEDPROFILEDEF(.AREA.,$,#3473);
#3475=IFCCARTESIANPOINT((0.,0.,0.));
#3476=IFCDIRECTION((0.,0.,1.));
#3477=IFCDIRECTION((1.,0.,0.));
#3478=IFCAXIS2PLACEMENT3D(#3475,#3476,#3477);
#3479=IFCDIRECTION((0.,0.,1.));
#3480=IFCEXTRUDEDAREASOLID(#3474,#3478,#3479,3.);
#3481=IFCSHAPEREPRESENTATION(#11,'Body','SweptSolid',(#3480));
#3482=IFCCARTESIANPOINTLIST2D(((0.,0.),(3.1000005195534843,0.)));
#3483=IFCINDEXEDPOLYCURVE(#3482,$,$);
#3484=IFCSHAPEREPRESENTATION(#23,'Axis','Curve2D',(#3483));
#3485=IFCDOCUMENTINFORMATION('X','BBIM_Cost_Documents','Bonsai internal document containing references to cost CSV files',$,$,$,$,$,$,$,$,$,$,$,$,$,$);
#3486=IFCRELASSOCIATESDOCUMENT('1QW4AdH2P61QV4$LUuaxWD',$,$,$,(#1),#3485);
#3492=IFCCARTESIANPOINTLIST3D(((0.,0.,0.),(0.60913336277008057,0.,0.),(0.60913336277008057,0.,2.),(0.,0.,2.)));
#3493=IFCINDEXEDPOLYCURVE(#3492,(IFCLINEINDEX((1,2,3,4,1))),$);
#3494=IFCSHAPEREPRESENTATION(#18,'Profile','Curve3D',(#3493));
#3495=IFCCARTESIANPOINTLIST2D(((0.,0.),(0.,2.),(0.60913336277008057,2.),(0.60913336277008057,0.),(0.55913336202502251,0.),(0.55913336202502251,1.9499999992549419),(0.05000000074505806,1.9499999992549419),(0.05000000074505806,0.)));
#3496=IFCINDEXEDPOLYCURVE(#3495,(IFCLINEINDEX((1,2,3,4,5,6,7,8,1))),$);
#3497=IFCARBITRARYCLOSEDPROFILEDEF(.AREA.,$,#3496);
#3498=IFCCARTESIANPOINT((0.,0.,0.));
#3499=IFCDIRECTION((0.,-1.,0.));
#3500=IFCDIRECTION((1.,0.,0.));
#3501=IFCAXIS2PLACEMENT3D(#3498,#3499,#3500);
#3502=IFCDIRECTION((0.,0.,-1.));
#3503=IFCEXTRUDEDAREASOLID(#3497,#3501,#3502,0.05000000074505806);
#3504=IFCCARTESIANPOINTLIST2D(((0.,0.),(0.50913336127996445,0.),(0.50913336127996445,0.10000000149011612),(0.,0.10000000149011612)));
#3505=IFCINDEXEDPOLYCURVE(#3504,(IFCLINEINDEX((1,2,3,4,1))),$);
#3506=IFCARBITRARYCLOSEDPROFILEDEF(.AREA.,$,#3505);
#3507=IFCCARTESIANPOINT((0.05000000074505806,0.,0.));
#3508=IFCDIRECTION((0.,0.,1.));
#3509=IFCDIRECTION((1.,0.,0.));
#3510=IFCAXIS2PLACEMENT3D(#3507,#3508,#3509);
#3511=IFCDIRECTION((0.,0.,1.));
#3512=IFCEXTRUDEDAREASOLID(#3506,#3510,#3511,0.02500000037252903);
#3513=IFCCARTESIANPOINTLIST2D(((0.,0.),(0.,2.0250000022351742),(0.65913336724042892,2.0250000022351742),(0.65913336724042892,0.),(0.58413336426019669,0.),(0.58413336426019669,1.9499999992549419),(0.075000002980232239,1.9499999992549419),(0.075000002980232239,0.)));
#3514=IFCINDEXEDPOLYCURVE(#3513,(IFCLINEINDEX((1,2,3,4,5,6,7,8,1))),$);
#3515=IFCARBITRARYCLOSEDPROFILEDEF(.AREA.,$,#3514);
#3516=IFCCARTESIANPOINT((-0.025000002235174179,-0.004999999888241291,0.));
#3517=IFCDIRECTION((0.,-1.,0.));
#3518=IFCDIRECTION((1.,0.,0.));
#3519=IFCAXIS2PLACEMENT3D(#3516,#3517,#3518);
#3520=IFCDIRECTION((0.,0.,-1.));
#3521=IFCEXTRUDEDAREASOLID(#3515,#3519,#3520,0.004999999888241291);
#3522=IFCCARTESIANPOINTLIST2D(((0.,0.),(0.,2.0250000022351742),(0.65913336724042892,2.0250000022351742),(0.65913336724042892,0.),(0.58413336426019669,0.),(0.58413336426019669,1.9499999992549419),(0.075000002980232239,1.9499999992549419),(0.075000002980232239,0.)));
#3523=IFCINDEXEDPOLYCURVE(#3522,(IFCLINEINDEX((1,2,3,4,5,6,7,8,1))),$);
#3524=IFCARBITRARYCLOSEDPROFILEDEF(.AREA.,$,#3523);
#3525=IFCCARTESIANPOINT((-0.025000002235174179,0.05000000074505806,0.));
#3526=IFCDIRECTION((0.,-1.,0.));
#3527=IFCDIRECTION((1.,0.,0.));
#3528=IFCAXIS2PLACEMENT3D(#3525,#3526,#3527);
#3529=IFCDIRECTION((0.,0.,-1.));
#3530=IFCEXTRUDEDAREASOLID(#3524,#3528,#3529,0.004999999888241291);
#3531=IFCCARTESIANPOINTLIST2D(((0.,0.),(0.50913336127996445,0.),(0.50913336127996445,0.035000000149011612),(0.,0.035000000149011612)));
#3532=IFCINDEXEDPOLYCURVE(#3531,(IFCLINEINDEX((1,2,3,4,1))),$);
#3533=IFCARBITRARYCLOSEDPROFILEDEF(.AREA.,$,#3532);
#3534=IFCCARTESIANPOINT((0.05000000074505806,-0.035000000149011612,0.02500000037252903));
#3535=IFCDIRECTION((0.,0.,1.));
#3536=IFCDIRECTION((1.,0.,0.));
#3537=IFCAXIS2PLACEMENT3D(#3534,#3535,#3536);
#3538=IFCDIRECTION((0.,0.,1.));
#3539=IFCEXTRUDEDAREASOLID(#3533,#3537,#3538,1.9249999988824129);
#3540=IFCCARTESIANPOINTLIST2D(((0.,0.),(0.,-0.040000000000000001),(0.12,-0.040000000000000001),(0.12,-0.02),(0.02,-0.02),(0.02,0.)));
#3541=IFCINDEXEDPOLYCURVE(#3540,(IFCLINEINDEX((1,2,3,4,5,6,1))),$);
#3542=IFCARBITRARYCLOSEDPROFILEDEF(.AREA.,$,#3541);
#3543=IFCCARTESIANPOINT((0.10000000074505806,-0.035000000149011612,1.015000000372529));
#3544=IFCDIRECTION((0.,0.,1.));
#3545=IFCDIRECTION((1.,0.,0.));
#3546=IFCAXIS2PLACEMENT3D(#3543,#3544,#3545);
#3547=IFCDIRECTION((0.,0.,1.));
#3548=IFCEXTRUDEDAREASOLID(#3542,#3546,#3547,0.02);
#3549=IFCEXTRUDEDAREASOLID(#3550,#3553,#3557,0.02);
#3550=IFCARBITRARYCLOSEDPROFILEDEF(.AREA.,$,#3551);
#3551=IFCINDEXEDPOLYCURVE(#3552,(IFCLINEINDEX((1,2,3,4,5,6,1))),$);
#3552=IFCCARTESIANPOINTLIST2D(((0.,0.),(0.,0.040000000000000008),(0.11999999999999998,0.040000000000000008),(0.11999999999999998,0.020000000000000004),(0.020000000000000004,0.020000000000000004),(0.020000000000000004,0.)));
#3553=IFCAXIS2PLACEMENT3D(#3554,#3555,#3556);
#3554=IFCCARTESIANPOINT((0.10000000074505806,0.,1.015000000372529));
#3555=IFCDIRECTION((0.,0.,1.));
#3556=IFCDIRECTION((1.,0.,0.));
#3557=IFCDIRECTION((0.,0.,1.));
#3558=IFCSHAPEREPRESENTATION(#11,'Body','SweptSolid',(#3503,#3539,#3548,#3549,#3512,#3521,#3530));
#3559=IFCCARTESIANPOINTLIST2D(((0.,0.),(0.05000000074505806,0.),(0.05000000074505806,0.05000000074505806),(0.,0.05000000074505806)));
#3560=IFCINDEXEDPOLYCURVE(#3559,(IFCLINEINDEX((1,2,3,4,1))),$);
#3561=IFCINDEXEDPOLYCURVE(#3562,(IFCLINEINDEX((1,2,3,4,1))),$);
#3562=IFCCARTESIANPOINTLIST2D(((0.60913336277008057,0.),(0.55913336202502251,0.),(0.55913336202502251,0.05000000074505806),(0.60913336277008057,0.05000000074505806)));
#3563=IFCCARTESIANPOINTLIST2D(((0.81370004266500473,-0.035000000149011612),(0.30456668138504028,-0.035000000149011612),(0.30456668138504028,0.),(0.81370004266500473,0.)));
#3564=IFCINDEXEDPOLYCURVE(#3563,(IFCLINEINDEX((1,2,3,4,1))),$);
#3565=IFCSHAPEREPRESENTATION(#24,'Body','Curve2D',(#3560,#3561,#3564));
#3566=IFCCARTESIANPOINTLIST2D(((0.22819667719304559,-0.081587428267465345),(0.38093668557703497,-0.081587428267465345)));
#3567=IFCINDEXEDPOLYCURVE(#3566,$,$);
#3568=IFCCARTESIANPOINTLIST2D(((0.25819667719304562,-0.050529142855162856),(0.22819667719304559,-0.081587428267465345),(0.25819667719304562,-0.11264571367976783)));
#3569=IFCINDEXEDPOLYCURVE(#3568,$,$);
#3570=IFCSHAPEREPRESENTATION(#25,'Annotation','Curve2D',(#3567,#3569));
#3586=IFCCARTESIANPOINT((0.80182477046483758,0.087727283898441089,0.005159132182598114));
#3587=IFCDIRECTION((0.,0.,1.));
#3588=IFCDIRECTION((-0.99999999999999956,-3.1786498766447871E-08,0.));
#3589=IFCAXIS2PLACEMENT3D(#3586,#3587,#3588);
#3590=IFCLOCALPLACEMENT(#8580,#3589);
#3591=IFCCARTESIANPOINT((-8.8817841970012523E-16,0.,0.));
#3592=IFCDIRECTION((0.,0.,1.));
#3593=IFCDIRECTION((1.,1.0587911840678754E-22,0.));
#3594=IFCAXIS2PLACEMENT3D(#3591,#3592,#3593);
#3595=IFCLOCALPLACEMENT(#3590,#3594);
#3596=IFCDOOR('2uc9fZabL8pugFY5p8tMHF',$,'Door',$,$,#3666,#3604,$,2.,0.60913336277008057,$,$,$);
#3597=IFCCARTESIANPOINT((0.,0.,0.));
#3598=IFCDIRECTION((1.,0.,0.));
#3599=IFCDIRECTION((0.,1.,0.));
#3600=IFCDIRECTION((0.,0.,1.));
#3601=IFCCARTESIANTRANSFORMATIONOPERATOR3D(#3598,#3599,#3597,1.,#3600);
#3602=IFCMAPPEDITEM(#1499,#3601);
#3603=IFCSHAPEREPRESENTATION(#18,'Profile','MappedRepresentation',(#3602));
#3604=IFCPRODUCTDEFINITIONSHAPE($,$,(#3603,#3611,#3618,#3625));
#3605=IFCCARTESIANPOINT((0.,0.,0.));
#3606=IFCDIRECTION((1.,0.,0.));
#3607=IFCDIRECTION((0.,1.,0.));
#3608=IFCDIRECTION((0.,0.,1.));
#3609=IFCCARTESIANTRANSFORMATIONOPERATOR3D(#3606,#3607,#3605,1.,#3608);
#3610=IFCMAPPEDITEM(#1507,#3609);
#3611=IFCSHAPEREPRESENTATION(#11,'Body','MappedRepresentation',(#3610));
#3612=IFCCARTESIANPOINT((0.,0.,0.));
#3613=IFCDIRECTION((1.,0.,0.));
#3614=IFCDIRECTION((0.,1.,0.));
#3615=IFCDIRECTION((0.,0.,1.));
#3616=IFCCARTESIANTRANSFORMATIONOPERATOR3D(#3613,#3614,#3612,1.,#3615);
#3617=IFCMAPPEDITEM(#1585,#3616);
#3618=IFCSHAPEREPRESENTATION(#24,'Body','MappedRepresentation',(#3617));
#3619=IFCCARTESIANPOINT((0.,0.,0.));
#3620=IFCDIRECTION((1.,0.,0.));
#3621=IFCDIRECTION((0.,1.,0.));
#3622=IFCDIRECTION((0.,0.,1.));
#3623=IFCCARTESIANTRANSFORMATIONOPERATOR3D(#3620,#3621,#3619,1.,#3622);
#3624=IFCMAPPEDITEM(#2306,#3623);
#3625=IFCSHAPEREPRESENTATION(#25,'Annotation','MappedRepresentation',(#3624));
#3626=IFCOPENINGELEMENT('17_E$LhZ973REBMzTGAaFR',$,'Opening',$,$,#3660,#3654,$,.OPENING.);
#3632=IFCCARTESIANPOINTLIST2D(((0.,0.),(0.60913336277008057,0.),(0.60913336277008057,2.),(0.,2.)));
#3633=IFCINDEXEDPOLYCURVE(#3632,(IFCLINEINDEX((1,2,3,4,1))),$);
#3634=IFCARBITRARYCLOSEDPROFILEDEF(.AREA.,$,#3633);
#3635=IFCCARTESIANPOINT((0.,-0.60000002384185791,0.));
#3636=IFCDIRECTION((0.,-1.,0.));
#3637=IFCDIRECTION((1.,0.,0.));
#3638=IFCAXIS2PLACEMENT3D(#3635,#3636,#3637);
#3639=IFCDIRECTION((0.,0.,-1.));
#3640=IFCEXTRUDEDAREASOLID(#3634,#3638,#3639,1.2);
#3641=IFCSHAPEREPRESENTATION(#11,'Body','SweptSolid',(#3640));
#3642=IFCCARTESIANPOINT((0.,0.,0.));
#3643=IFCDIRECTION((1.,0.,0.));
#3644=IFCDIRECTION((0.,0.,1.));
#3645=IFCAXIS2PLACEMENT3D(#3642,#3644,#3643);
#3646=IFCREPRESENTATIONMAP(#3645,#3641);
#3647=IFCCARTESIANPOINT((0.,0.,0.));
#3648=IFCDIRECTION((1.,0.,0.));
#3649=IFCDIRECTION((0.,1.,0.));
#3650=IFCDIRECTION((0.,0.,1.));
#3651=IFCCARTESIANTRANSFORMATIONOPERATOR3D(#3648,#3649,#3647,1.,#3650);
#3652=IFCMAPPEDITEM(#3646,#3651);
#3653=IFCSHAPEREPRESENTATION(#11,'Body','MappedRepresentation',(#3652));
#3654=IFCPRODUCTDEFINITIONSHAPE($,$,(#3653));
#3655=IFCRELVOIDSELEMENT('1hMEMValj39evJpzYjZKuf',$,$,$,#864,#3626);
#3656=IFCCARTESIANPOINT((0.74729223868864869,0.09999998234832419,0.));
#3657=IFCDIRECTION((0.,0.,1.));
#3658=IFCDIRECTION((-0.99999999999999956,-3.1786498766447871E-08,0.));
#3659=IFCAXIS2PLACEMENT3D(#3656,#3657,#3658);
#3660=IFCLOCALPLACEMENT(#8580,#3659);
#3661=IFCRELFILLSELEMENT('2ZVaNgkBf8jRztCm7TlSVk',$,$,$,#3626,#3596);
#3662=IFCCARTESIANPOINT((-4.4408920985006262E-16,0.,0.));
#3663=IFCDIRECTION((0.,0.,1.));
#3664=IFCDIRECTION((1.,0.,0.));
#3665=IFCAXIS2PLACEMENT3D(#3662,#3663,#3664);
#3666=IFCLOCALPLACEMENT(#3660,#3665);
#3667=IFCDOORTYPE('3ZMXMYxe9Ev90hL2Vx9OT8',$,'MAIDS-GF',$,$,(#3668),(#3670,#3678,#3747,#6165),$,$,.DOOR.,.SINGLE_SWING_LEFT.,$,$);
#3668=IFCPROPERTYSET('2hnsC5JGbCS9k1g5OVXFad',$,'BBIM_Door',$,(#3669));
#3669=IFCPROPERTYSINGLEVALUE('Data',$,IFCTEXT('{"door_type": "SLIDING_TO_RIGHT", "overall_height": 2.0, "overall_width": 1.4521052837371826, "lining_properties": {"lining_depth": 0.05000000074505806, "lining_thickness": 0.08663921058177948, "lining_offset": 0.0, "transom_thickness": 0.0, "casing_thickness": 0.07667489349842072, "casing_depth": 0.004999999888241291, "threshold_thickness": 0.02500000037252903, "threshold_depth": 0.10000000149011612, "threshold_offset": 0.0}, "panel_properties": {"panel_depth": 0.011438045650720596, "panel_width_ratio": 1.0}}'),$);
#3670=IFCREPRESENTATIONMAP(#3671,#6287);
#3671=IFCAXIS2PLACEMENT3D(#3672,#3673,#3674);
#3672=IFCCARTESIANPOINT((0.,0.,0.));
#3673=IFCDIRECTION((0.,0.,1.));
#3674=IFCDIRECTION((1.,0.,0.));
#3678=IFCREPRESENTATIONMAP(#3679,#6351);
#3679=IFCAXIS2PLACEMENT3D(#3680,#3681,#3682);
#3680=IFCCARTESIANPOINT((0.,0.,0.));
#3681=IFCDIRECTION((0.,0.,1.));
#3682=IFCDIRECTION((1.,0.,0.));
#3747=IFCREPRESENTATIONMAP(#3748,#6358);
#3748=IFCAXIS2PLACEMENT3D(#3749,#3750,#3751);
#3749=IFCCARTESIANPOINT((0.,0.,0.));
#3750=IFCDIRECTION((0.,0.,1.));
#3751=IFCDIRECTION((1.,0.,0.));
#3769=IFCDOOR('2bjcHLO7z5DBv95vvoXr1z',$,'Door',$,$,#3840,#3778,$,2.,1.4521052837371826,$,$,$);
#3770=IFCRELDEFINESBYTYPE('3KVfxl$TL5fuIqqyAXzDQo',$,$,$,(#3841,#4617,#4808,#3769,#6374),#3667);
#3771=IFCCARTESIANPOINT((0.,0.,0.));
#3772=IFCDIRECTION((1.,0.,0.));
#3773=IFCDIRECTION((0.,1.,0.));
#3774=IFCDIRECTION((0.,0.,1.));
#3775=IFCCARTESIANTRANSFORMATIONOPERATOR3D(#3772,#3773,#3771,1.,#3774);
#3776=IFCMAPPEDITEM(#3670,#3775);
#3777=IFCSHAPEREPRESENTATION(#18,'Profile','MappedRepresentation',(#3776));
#3778=IFCPRODUCTDEFINITIONSHAPE($,$,(#3777,#3785,#3792,#6186));
#3779=IFCCARTESIANPOINT((0.,0.,0.));
#3780=IFCDIRECTION((1.,0.,0.));
#3781=IFCDIRECTION((0.,1.,0.));
#3782=IFCDIRECTION((0.,0.,1.));
#3783=IFCCARTESIANTRANSFORMATIONOPERATOR3D(#3780,#3781,#3779,1.,#3782);
#3784=IFCMAPPEDITEM(#3678,#3783);
#3785=IFCSHAPEREPRESENTATION(#11,'Body','MappedRepresentation',(#3784));
#3786=IFCCARTESIANPOINT((0.,0.,0.));
#3787=IFCDIRECTION((1.,0.,0.));
#3788=IFCDIRECTION((0.,1.,0.));
#3789=IFCDIRECTION((0.,0.,1.));
#3790=IFCCARTESIANTRANSFORMATIONOPERATOR3D(#3787,#3788,#3786,1.,#3789);
#3791=IFCMAPPEDITEM(#3747,#3790);
#3792=IFCSHAPEREPRESENTATION(#24,'Body','MappedRepresentation',(#3791));
#3830=IFCCARTESIANPOINT((1.4293650893994534,0.10000002290810617,0.));
#3831=IFCDIRECTION((0.,0.,1.));
#3832=IFCDIRECTION((-0.99999999999999611,8.7422790784314003E-08,0.));
#3833=IFCAXIS2PLACEMENT3D(#3830,#3831,#3832);
#3834=IFCLOCALPLACEMENT(#8570,#3833);
#3836=IFCCARTESIANPOINT((1.1102230246251565E-16,-4.4408920985006262E-16,0.));
#3837=IFCDIRECTION((0.,0.,1.));
#3838=IFCDIRECTION((0.99999999999999989,0.,0.));
#3839=IFCAXIS2PLACEMENT3D(#3836,#3837,#3838);
#3840=IFCLOCALPLACEMENT(#3834,#3839);
#3841=IFCDOOR('1dMb_8R0H2jug4toPNXC4U',$,'Door',$,$,#4499,#3849,$,2.,1.4521052837371826,$,.SLIDING_TO_RIGHT.,$);
#3842=IFCCARTESIANPOINT((0.,0.,0.));
#3843=IFCDIRECTION((1.,0.,0.));
#3844=IFCDIRECTION((0.,1.,0.));
#3845=IFCDIRECTION((0.,0.,1.));
#3846=IFCCARTESIANTRANSFORMATIONOPERATOR3D(#3843,#3844,#3842,1.,#3845);
#3847=IFCMAPPEDITEM(#3670,#3846);
#3848=IFCSHAPEREPRESENTATION(#18,'Profile','MappedRepresentation',(#3847));
#3849=IFCPRODUCTDEFINITIONSHAPE($,$,(#3848,#3856,#3863,#6172));
#3850=IFCCARTESIANPOINT((0.,0.,0.));
#3851=IFCDIRECTION((1.,0.,0.));
#3852=IFCDIRECTION((0.,1.,0.));
#3853=IFCDIRECTION((0.,0.,1.));
#3854=IFCCARTESIANTRANSFORMATIONOPERATOR3D(#3851,#3852,#3850,1.,#3853);
#3855=IFCMAPPEDITEM(#3678,#3854);
#3856=IFCSHAPEREPRESENTATION(#11,'Body','MappedRepresentation',(#3855));
#3857=IFCCARTESIANPOINT((0.,0.,0.));
#3858=IFCDIRECTION((1.,0.,0.));
#3859=IFCDIRECTION((0.,1.,0.));
#3860=IFCDIRECTION((0.,0.,1.));
#3861=IFCCARTESIANTRANSFORMATIONOPERATOR3D(#3858,#3859,#3857,1.,#3860);
#3862=IFCMAPPEDITEM(#3747,#3861);
#3863=IFCSHAPEREPRESENTATION(#24,'Body','MappedRepresentation',(#3862));
#3915=IFCCARTESIANPOINTLIST2D(((0.,0.),(0.,2.),(0.60913336277008057,2.),(0.60913336277008057,0.),(0.55913336202502251,0.),(0.55913336202502251,1.9499999992549419),(0.05000000074505806,1.9499999992549419),(0.05000000074505806,0.)));
#3916=IFCINDEXEDPOLYCURVE(#3915,(IFCLINEINDEX((1,2,3,4,5,6,7,8,1))),$);
#3917=IFCARBITRARYCLOSEDPROFILEDEF(.AREA.,$,#3916);
#3918=IFCCARTESIANPOINT((0.,0.,0.));
#3919=IFCDIRECTION((0.,-1.,0.));
#3920=IFCDIRECTION((1.,0.,0.));
#3921=IFCAXIS2PLACEMENT3D(#3918,#3919,#3920);
#3922=IFCDIRECTION((0.,0.,-1.));
#3923=IFCEXTRUDEDAREASOLID(#3917,#3921,#3922,0.05000000074505806);
#3924=IFCCARTESIANPOINTLIST2D(((0.,0.),(0.50913336127996445,0.),(0.50913336127996445,0.10000000149011612),(0.,0.10000000149011612)));
#3925=IFCINDEXEDPOLYCURVE(#3924,(IFCLINEINDEX((1,2,3,4,1))),$);
#3926=IFCARBITRARYCLOSEDPROFILEDEF(.AREA.,$,#3925);
#3927=IFCCARTESIANPOINT((0.05000000074505806,0.,0.));
#3928=IFCDIRECTION((0.,0.,1.));
#3929=IFCDIRECTION((1.,0.,0.));
#3930=IFCAXIS2PLACEMENT3D(#3927,#3928,#3929);
#3931=IFCDIRECTION((0.,0.,1.));
#3932=IFCEXTRUDEDAREASOLID(#3926,#3930,#3931,0.02500000037252903);
#3933=IFCCARTESIANPOINTLIST2D(((0.,0.),(0.,2.0250000022351742),(0.65913336724042892,2.0250000022351742),(0.65913336724042892,0.),(0.58413336426019669,0.),(0.58413336426019669,1.9499999992549419),(0.075000002980232239,1.9499999992549419),(0.075000002980232239,0.)));
#3934=IFCINDEXEDPOLYCURVE(#3933,(IFCLINEINDEX((1,2,3,4,5,6,7,8,1))),$);
#3935=IFCARBITRARYCLOSEDPROFILEDEF(.AREA.,$,#3934);
#3936=IFCCARTESIANPOINT((-0.025000002235174179,-0.004999999888241291,0.));
#3937=IFCDIRECTION((0.,-1.,0.));
#3938=IFCDIRECTION((1.,0.,0.));
#3939=IFCAXIS2PLACEMENT3D(#3936,#3937,#3938);
#3940=IFCDIRECTION((0.,0.,-1.));
#3941=IFCEXTRUDEDAREASOLID(#3935,#3939,#3940,0.004999999888241291);
#3942=IFCCARTESIANPOINTLIST2D(((0.,0.),(0.,2.0250000022351742),(0.65913336724042892,2.0250000022351742),(0.65913336724042892,0.),(0.58413336426019669,0.),(0.58413336426019669,1.9499999992549419),(0.075000002980232239,1.9499999992549419),(0.075000002980232239,0.)));
#3943=IFCINDEXEDPOLYCURVE(#3942,(IFCLINEINDEX((1,2,3,4,5,6,7,8,1))),$);
#3944=IFCARBITRARYCLOSEDPROFILEDEF(.AREA.,$,#3943);
#3945=IFCCARTESIANPOINT((-0.025000002235174179,0.05000000074505806,0.));
#3946=IFCDIRECTION((0.,-1.,0.));
#3947=IFCDIRECTION((1.,0.,0.));
#3948=IFCAXIS2PLACEMENT3D(#3945,#3946,#3947);
#3949=IFCDIRECTION((0.,0.,-1.));
#3950=IFCEXTRUDEDAREASOLID(#3944,#3948,#3949,0.004999999888241291);
#3951=IFCCARTESIANPOINTLIST2D(((0.,0.),(0.25356668063998222,0.),(0.25356668063998222,0.035000000149011612),(0.,0.035000000149011612)));
#3952=IFCINDEXEDPOLYCURVE(#3951,(IFCLINEINDEX((1,2,3,4,1))),$);
#3953=IFCARBITRARYCLOSEDPROFILEDEF(.AREA.,$,#3952);
#3954=IFCCARTESIANPOINT((0.05000000074505806,-0.035000000149011612,0.02500000037252903));
#3955=IFCDIRECTION((0.,0.,1.));
#3956=IFCDIRECTION((1.,0.,0.));
#3957=IFCAXIS2PLACEMENT3D(#3954,#3955,#3956);
#3958=IFCDIRECTION((0.,0.,1.));
#3959=IFCEXTRUDEDAREASOLID(#3953,#3957,#3958,1.9249999988824129);
#3960=IFCCARTESIANPOINTLIST2D(((0.,0.),(0.,-0.040000000000000008),(-0.12,-0.040000000000000008),(-0.12,-0.020000000000000004),(-0.020000000000000018,-0.020000000000000004),(-0.020000000000000018,0.)));
#3961=IFCINDEXEDPOLYCURVE(#3960,(IFCLINEINDEX((1,2,3,4,5,6,1))),$);
#3962=IFCARBITRARYCLOSEDPROFILEDEF(.AREA.,$,#3961);
#3963=IFCCARTESIANPOINT((0.25356668138504029,-0.035000000149011612,1.015000000372529));
#3964=IFCDIRECTION((0.,0.,1.));
#3965=IFCDIRECTION((1.,0.,0.));
#3966=IFCAXIS2PLACEMENT3D(#3963,#3964,#3965);
#3967=IFCDIRECTION((0.,0.,1.));
#3968=IFCEXTRUDEDAREASOLID(#3962,#3966,#3967,0.02);
#3969=IFCEXTRUDEDAREASOLID(#3970,#3973,#3977,0.02);
#3970=IFCARBITRARYCLOSEDPROFILEDEF(.AREA.,$,#3971);
#3971=IFCINDEXEDPOLYCURVE(#3972,(IFCLINEINDEX((1,2,3,4,5,6,1))),$);
#3972=IFCCARTESIANPOINTLIST2D(((0.,0.),(0.,0.040000000000000008),(-0.12,0.040000000000000008),(-0.12,0.020000000000000004),(-0.020000000000000018,0.020000000000000004),(-0.020000000000000018,0.)));
#3973=IFCAXIS2PLACEMENT3D(#3974,#3975,#3976);
#3974=IFCCARTESIANPOINT((0.25356668138504029,0.,1.015000000372529));
#3975=IFCDIRECTION((0.,0.,1.));
#3976=IFCDIRECTION((1.,0.,0.));
#3977=IFCDIRECTION((0.,0.,1.));
#3978=IFCEXTRUDEDAREASOLID(#3979,#3982,#3986,1.9249999988824129);
#3979=IFCARBITRARYCLOSEDPROFILEDEF(.AREA.,$,#3980);
#3980=IFCINDEXEDPOLYCURVE(#3981,(IFCLINEINDEX((1,2,3,4,1))),$);
#3981=IFCCARTESIANPOINTLIST2D(((0.,0.),(-0.25356668063998222,0.),(-0.25356668063998222,0.035000000149011612),(0.,0.035000000149011612)));
#3982=IFCAXIS2PLACEMENT3D(#3983,#3984,#3985);
#3983=IFCCARTESIANPOINT((0.55913336202502251,-0.035000000149011612,0.02500000037252903));
#3984=IFCDIRECTION((0.,0.,1.));
#3985=IFCDIRECTION((1.,0.,0.));
#3986=IFCDIRECTION((0.,0.,1.));
#3987=IFCEXTRUDEDAREASOLID(#3988,#3991,#3995,0.02);
#3988=IFCARBITRARYCLOSEDPROFILEDEF(.AREA.,$,#3989);
#3989=IFCINDEXEDPOLYCURVE(#3990,(IFCLINEINDEX((1,2,3,4,5,6,1))),$);
#3990=IFCCARTESIANPOINTLIST2D(((0.,0.),(0.,-0.040000000000000008),(0.12,-0.040000000000000008),(0.12,-0.020000000000000004),(0.020000000000000018,-0.020000000000000004),(0.020000000000000018,0.)));
#3991=IFCAXIS2PLACEMENT3D(#3992,#3993,#3994);
#3992=IFCCARTESIANPOINT((0.35556668138504027,-0.035000000149011612,1.015000000372529));
#3993=IFCDIRECTION((0.,0.,1.));
#3994=IFCDIRECTION((1.,0.,0.));
#3995=IFCDIRECTION((0.,0.,1.));
#3996=IFCEXTRUDEDAREASOLID(#3997,#4000,#4004,0.02);
#3997=IFCARBITRARYCLOSEDPROFILEDEF(.AREA.,$,#3998);
#3998=IFCINDEXEDPOLYCURVE(#3999,(IFCLINEINDEX((1,2,3,4,5,6,1))),$);
#3999=IFCCARTESIANPOINTLIST2D(((0.,0.),(0.,0.040000000000000008),(0.12,0.040000000000000008),(0.12,0.020000000000000004),(0.020000000000000018,0.020000000000000004),(0.020000000000000018,0.)));
#4000=IFCAXIS2PLACEMENT3D(#4001,#4002,#4003);
#4001=IFCCARTESIANPOINT((0.35556668138504027,0.,1.015000000372529));
#4002=IFCDIRECTION((0.,0.,1.));
#4003=IFCDIRECTION((1.,0.,0.));
#4004=IFCDIRECTION((0.,0.,1.));
#4006=IFCSHAPEREPRESENTATION(#11,'Body','SweptSolid',(#4203,#6323,#6314,#6120,#6305,#6111,#5935,#3950,#5726,#4434,#6102,#3941,#4194,#4425,#6296,#3932,#4293,#4416,#3923,#5717,#5926,#6093,#5708,#4185,#5917,#4284,#5699,#4176,#4407,#5635,#5908,#5626,#5899,#5835,#5617,#4096,#5826,#5608,#5817,#5599,#4087,#5808,#5799,#4078,#5735,#4069,#4311,#4060,#4302));
#4007=IFCSHAPEASPECT((#4006),'Lining',$,.T.,#3849);
#4008=IFCSHAPEREPRESENTATION(#11,'Body','SweptSolid',(#5854,#6129,#4452,#5944,#4443,#3996,#3987,#3978,#6342,#5653,#5754,#5644,#5853,#5844,#3969,#4330,#4453,#6139,#5954,#4222,#4114,#6341,#4105,#6332,#3968,#5654,#5744,#6138,#5753,#4329,#5953,#4221,#4320,#3959,#4212,#4115));
#4009=IFCSHAPEASPECT((#4008),'Framing',$,.T.,#3849);
#4052=IFCCARTESIANPOINTLIST2D(((0.,0.),(0.,2.),(0.60913336277008057,2.),(0.60913336277008057,0.),(0.58413336239755154,0.),(0.58413336239755154,1.974999999627471),(0.02500000037252903,1.974999999627471),(0.02500000037252903,0.)));
#4053=IFCINDEXEDPOLYCURVE(#4052,(IFCLINEINDEX((1,2,3,4,5,6,7,8,1))),$);
#4054=IFCARBITRARYCLOSEDPROFILEDEF(.AREA.,$,#4053);
#4055=IFCCARTESIANPOINT((0.,0.02500000037252903,0.));
#4056=IFCDIRECTION((0.,-1.,0.));
#4057=IFCDIRECTION((1.,0.,0.));
#4058=IFCAXIS2PLACEMENT3D(#4055,#4056,#4057);
#4059=IFCDIRECTION((0.,0.,-1.));
#4060=IFCEXTRUDEDAREASOLID(#4054,#4058,#4059,0.02500000037252903);
#4061=IFCCARTESIANPOINTLIST2D(((0.,0.),(0.,2.),(0.60913336277008057,2.),(0.60913336277008057,0.),(0.55913336202502251,0.),(0.55913336202502251,1.9499999992549419),(0.05000000074505806,1.9499999992549419),(0.05000000074505806,0.)));
#4062=IFCINDEXEDPOLYCURVE(#4061,(IFCLINEINDEX((1,2,3,4,5,6,7,8,1))),$);
#4063=IFCARBITRARYCLOSEDPROFILEDEF(.AREA.,$,#4062);
#4064=IFCCARTESIANPOINT((0.,0.,0.));
#4065=IFCDIRECTION((0.,-1.,0.));
#4066=IFCDIRECTION((1.,0.,0.));
#4067=IFCAXIS2PLACEMENT3D(#4064,#4065,#4066);
#4068=IFCDIRECTION((0.,0.,-1.));
#4069=IFCEXTRUDEDAREASOLID(#4063,#4067,#4068,0.02500000037252903);
#4070=IFCCARTESIANPOINTLIST2D(((0.,0.),(0.50913336127996445,0.),(0.50913336127996445,0.10000000149011612),(0.,0.10000000149011612)));
#4071=IFCINDEXEDPOLYCURVE(#4070,(IFCLINEINDEX((1,2,3,4,1))),$);
#4072=IFCARBITRARYCLOSEDPROFILEDEF(.AREA.,$,#4071);
#4073=IFCCARTESIANPOINT((0.05000000074505806,0.,0.));
#4074=IFCDIRECTION((0.,0.,1.));
#4075=IFCDIRECTION((1.,0.,0.));
#4076=IFCAXIS2PLACEMENT3D(#4073,#4074,#4075);
#4077=IFCDIRECTION((0.,0.,1.));
#4078=IFCEXTRUDEDAREASOLID(#4072,#4076,#4077,0.02500000037252903);
#4079=IFCCARTESIANPOINTLIST2D(((0.,0.),(0.,2.0250000022351742),(0.65913336724042892,2.0250000022351742),(0.65913336724042892,0.),(0.58413336426019669,0.),(0.58413336426019669,1.9499999992549419),(0.075000002980232239,1.9499999992549419),(0.075000002980232239,0.)));
#4080=IFCINDEXEDPOLYCURVE(#4079,(IFCLINEINDEX((1,2,3,4,5,6,7,8,1))),$);
#4081=IFCARBITRARYCLOSEDPROFILEDEF(.AREA.,$,#4080);
#4082=IFCCARTESIANPOINT((-0.025000002235174179,-0.004999999888241291,0.));
#4083=IFCDIRECTION((0.,-1.,0.));
#4084=IFCDIRECTION((1.,0.,0.));
#4085=IFCAXIS2PLACEMENT3D(#4082,#4083,#4084);
#4086=IFCDIRECTION((0.,0.,-1.));
#4087=IFCEXTRUDEDAREASOLID(#4081,#4085,#4086,0.004999999888241291);
#4088=IFCCARTESIANPOINTLIST2D(((0.,0.),(0.,2.0250000022351742),(0.65913336724042892,2.0250000022351742),(0.65913336724042892,0.),(0.60913336463272572,0.),(0.60913336463272572,1.974999999627471),(0.050000002607703209,1.974999999627471),(0.050000002607703209,0.)));
#4089=IFCINDEXEDPOLYCURVE(#4088,(IFCLINEINDEX((1,2,3,4,5,6,7,8,1))),$);
#4090=IFCARBITRARYCLOSEDPROFILEDEF(.AREA.,$,#4089);
#4091=IFCCARTESIANPOINT((-0.025000002235174179,0.05000000074505806,0.));
#4092=IFCDIRECTION((0.,-1.,0.));
#4093=IFCDIRECTION((1.,0.,0.));
#4094=IFCAXIS2PLACEMENT3D(#4091,#4092,#4093);
#4095=IFCDIRECTION((0.,0.,-1.));
#4096=IFCEXTRUDEDAREASOLID(#4090,#4094,#4095,0.004999999888241291);
#4097=IFCCARTESIANPOINTLIST2D(((0.,0.),(0.55913336202502251,0.),(0.55913336202502251,0.035000000149011612),(0.,0.035000000149011612)));
#4098=IFCINDEXEDPOLYCURVE(#4097,(IFCLINEINDEX((1,2,3,4,1))),$);
#4099=IFCARBITRARYCLOSEDPROFILEDEF(.AREA.,$,#4098);
#4100=IFCCARTESIANPOINT((0.02500000037252903,0.02500000037252903,0.02500000037252903));
#4101=IFCDIRECTION((0.,0.,1.));
#4102=IFCDIRECTION((1.,0.,0.));
#4103=IFCAXIS2PLACEMENT3D(#4100,#4101,#4102);
#4104=IFCDIRECTION((0.,0.,1.));
#4105=IFCEXTRUDEDAREASOLID(#4099,#4103,#4104,1.9499999992549419);
#4106=IFCCARTESIANPOINTLIST2D(((0.,0.),(0.,-0.040000000000000001),(-0.11999999999999994,-0.040000000000000001),(-0.11999999999999994,-0.02),(-0.020000000000000018,-0.02),(-0.020000000000000018,0.)));
#4107=IFCINDEXEDPOLYCURVE(#4106,(IFCLINEINDEX((1,2,3,4,5,6,1))),$);
#4108=IFCARBITRARYCLOSEDPROFILEDEF(.AREA.,$,#4107);
#4109=IFCCARTESIANPOINT((0.53413336239755149,0.02500000037252903,1.015000000372529));
#4110=IFCDIRECTION((0.,0.,1.));
#4111=IFCDIRECTION((1.,0.,0.));
#4112=IFCAXIS2PLACEMENT3D(#4109,#4110,#4111);
#4113=IFCDIRECTION((0.,0.,1.));
#4114=IFCEXTRUDEDAREASOLID(#4108,#4112,#4113,0.02);
#4115=IFCEXTRUDEDAREASOLID(#4116,#4119,#4123,0.02);
#4116=IFCARBITRARYCLOSEDPROFILEDEF(.AREA.,$,#4117);
#4117=IFCINDEXEDPOLYCURVE(#4118,(IFCLINEINDEX((1,2,3,4,5,6,1))),$);
#4118=IFCCARTESIANPOINTLIST2D(((0.,0.),(0.,0.040000000000000008),(-0.11999999999999994,0.040000000000000008),(-0.11999999999999994,0.020000000000000004),(-0.020000000000000018,0.020000000000000004),(-0.020000000000000018,0.)));
#4119=IFCAXIS2PLACEMENT3D(#4120,#4121,#4122);
#4120=IFCCARTESIANPOINT((0.53413336239755149,0.060000000521540642,1.015000000372529));
#4121=IFCDIRECTION((0.,0.,1.));
#4122=IFCDIRECTION((1.,0.,0.));
#4123=IFCDIRECTION((0.,0.,1.));
#4168=IFCCARTESIANPOINTLIST2D(((0.,0.),(0.,2.),(1.3423925638198853,2.),(1.3423925638198853,0.),(1.3173925634473562,0.),(1.3173925634473562,1.974999999627471),(0.02500000037252903,1.974999999627471),(0.02500000037252903,0.)));
#4169=IFCINDEXEDPOLYCURVE(#4168,(IFCLINEINDEX((1,2,3,4,5,6,7,8,1))),$);
#4170=IFCARBITRARYCLOSEDPROFILEDEF(.AREA.,$,#4169);
#4171=IFCCARTESIANPOINT((0.,0.,0.));
#4172=IFCDIRECTION((0.,-1.,0.));
#4173=IFCDIRECTION((1.,0.,0.));
#4174=IFCAXIS2PLACEMENT3D(#4171,#4172,#4173);
#4175=IFCDIRECTION((0.,0.,-1.));
#4176=IFCEXTRUDEDAREASOLID(#4170,#4174,#4175,0.05000000074505806);
#4177=IFCCARTESIANPOINTLIST2D(((0.,0.),(1.2923925630748272,0.),(1.2923925630748272,0.10000000149011612),(0.,0.10000000149011612)));
#4178=IFCINDEXEDPOLYCURVE(#4177,(IFCLINEINDEX((1,2,3,4,1))),$);
#4179=IFCARBITRARYCLOSEDPROFILEDEF(.AREA.,$,#4178);
#4180=IFCCARTESIANPOINT((0.02500000037252903,0.,0.));
#4181=IFCDIRECTION((0.,0.,1.));
#4182=IFCDIRECTION((1.,0.,0.));
#4183=IFCAXIS2PLACEMENT3D(#4180,#4181,#4182);
#4184=IFCDIRECTION((0.,0.,1.));
#4185=IFCEXTRUDEDAREASOLID(#4179,#4183,#4184,0.02500000037252903);
#4186=IFCCARTESIANPOINTLIST2D(((0.,0.),(0.,2.0250000022351742),(1.3923925682902336,2.0250000022351742),(1.3923925682902336,0.),(1.3423925656825304,0.),(1.3423925656825304,1.974999999627471),(0.050000002607703209,1.974999999627471),(0.050000002607703209,0.)));
#4187=IFCINDEXEDPOLYCURVE(#4186,(IFCLINEINDEX((1,2,3,4,5,6,7,8,1))),$);
#4188=IFCARBITRARYCLOSEDPROFILEDEF(.AREA.,$,#4187);
#4189=IFCCARTESIANPOINT((-0.025000002235174179,-0.004999999888241291,0.));
#4190=IFCDIRECTION((0.,-1.,0.));
#4191=IFCDIRECTION((1.,0.,0.));
#4192=IFCAXIS2PLACEMENT3D(#4189,#4190,#4191);
#4193=IFCDIRECTION((0.,0.,-1.));
#4194=IFCEXTRUDEDAREASOLID(#4188,#4192,#4193,0.004999999888241291);
#4195=IFCCARTESIANPOINTLIST2D(((0.,0.),(0.,2.0250000022351742),(1.3923925682902336,2.0250000022351742),(1.3923925682902336,0.),(1.3423925656825304,0.),(1.3423925656825304,1.974999999627471),(0.050000002607703209,1.974999999627471),(0.050000002607703209,0.)));
#4196=IFCINDEXEDPOLYCURVE(#4195,(IFCLINEINDEX((1,2,3,4,5,6,7,8,1))),$);
#4197=IFCARBITRARYCLOSEDPROFILEDEF(.AREA.,$,#4196);
#4198=IFCCARTESIANPOINT((-0.025000002235174179,0.05000000074505806,0.));
#4199=IFCDIRECTION((0.,-1.,0.));
#4200=IFCDIRECTION((1.,0.,0.));
#4201=IFCAXIS2PLACEMENT3D(#4198,#4199,#4200);
#4202=IFCDIRECTION((0.,0.,-1.));
#4203=IFCEXTRUDEDAREASOLID(#4197,#4201,#4202,0.004999999888241291);
#4204=IFCCARTESIANPOINTLIST2D(((0.,0.),(1.2923925630748272,0.),(1.2923925630748272,0.035000000149011612),(0.,0.035000000149011612)));
#4205=IFCINDEXEDPOLYCURVE(#4204,(IFCLINEINDEX((1,2,3,4,1))),$);
#4206=IFCARBITRARYCLOSEDPROFILEDEF(.AREA.,$,#4205);
#4207=IFCCARTESIANPOINT((0.02500000037252903,0.02500000037252903,0.02500000037252903));
#4208=IFCDIRECTION((0.,0.,1.));
#4209=IFCDIRECTION((1.,0.,0.));
#4210=IFCAXIS2PLACEMENT3D(#4207,#4208,#4209);
#4211=IFCDIRECTION((0.,0.,1.));
#4212=IFCEXTRUDEDAREASOLID(#4206,#4210,#4211,1.9499999992549419);
#4213=IFCCARTESIANPOINTLIST2D(((0.,0.),(0.,-0.040000000000000001),(0.12,-0.040000000000000001),(0.12,-0.02),(0.02,-0.02),(0.02,0.)));
#4214=IFCINDEXEDPOLYCURVE(#4213,(IFCLINEINDEX((1,2,3,4,5,6,1))),$);
#4215=IFCARBITRARYCLOSEDPROFILEDEF(.AREA.,$,#4214);
#4216=IFCCARTESIANPOINT((0.075000000372529033,0.02500000037252903,1.015000000372529));
#4217=IFCDIRECTION((0.,0.,1.));
#4218=IFCDIRECTION((1.,0.,0.));
#4219=IFCAXIS2PLACEMENT3D(#4216,#4217,#4218);
#4220=IFCDIRECTION((0.,0.,1.));
#4221=IFCEXTRUDEDAREASOLID(#4215,#4219,#4220,0.02);
#4222=IFCEXTRUDEDAREASOLID(#4223,#4226,#4230,0.02);
#4223=IFCARBITRARYCLOSEDPROFILEDEF(.AREA.,$,#4224);
#4224=IFCINDEXEDPOLYCURVE(#4225,(IFCLINEINDEX((1,2,3,4,5,6,1))),$);
#4225=IFCCARTESIANPOINTLIST2D(((0.,0.),(0.,0.040000000000000008),(0.11999999999999998,0.040000000000000008),(0.11999999999999998,0.020000000000000004),(0.020000000000000004,0.020000000000000004),(0.020000000000000004,0.)));
#4226=IFCAXIS2PLACEMENT3D(#4227,#4228,#4229);
#4227=IFCCARTESIANPOINT((0.075000000372529033,0.060000000521540642,1.015000000372529));
#4228=IFCDIRECTION((0.,0.,1.));
#4229=IFCDIRECTION((1.,0.,0.));
#4230=IFCDIRECTION((0.,0.,1.));
#4276=IFCCARTESIANPOINTLIST2D(((0.,0.),(0.,2.),(1.3423925638198853,2.),(1.3423925638198853,0.),(1.2923925630748272,0.),(1.2923925630748272,1.9499999992549419),(0.05000000074505806,1.9499999992549419),(0.05000000074505806,0.)));
#4277=IFCINDEXEDPOLYCURVE(#4276,(IFCLINEINDEX((1,2,3,4,5,6,7,8,1))),$);
#4278=IFCARBITRARYCLOSEDPROFILEDEF(.AREA.,$,#4277);
#4279=IFCCARTESIANPOINT((0.,0.,0.));
#4280=IFCDIRECTION((0.,-1.,0.));
#4281=IFCDIRECTION((1.,0.,0.));
#4282=IFCAXIS2PLACEMENT3D(#4279,#4280,#4281);
#4283=IFCDIRECTION((0.,0.,-1.));
#4284=IFCEXTRUDEDAREASOLID(#4278,#4282,#4283,0.05000000074505806);
#4285=IFCCARTESIANPOINTLIST2D(((0.,0.),(1.2423925623297691,0.),(1.2423925623297691,0.10000000149011612),(0.,0.10000000149011612)));
#4286=IFCINDEXEDPOLYCURVE(#4285,(IFCLINEINDEX((1,2,3,4,1))),$);
#4287=IFCARBITRARYCLOSEDPROFILEDEF(.AREA.,$,#4286);
#4288=IFCCARTESIANPOINT((0.05000000074505806,0.,0.));
#4289=IFCDIRECTION((0.,0.,1.));
#4290=IFCDIRECTION((1.,0.,0.));
#4291=IFCAXIS2PLACEMENT3D(#4288,#4289,#4290);
#4292=IFCDIRECTION((0.,0.,1.));
#4293=IFCEXTRUDEDAREASOLID(#4287,#4291,#4292,0.02500000037252903);
#4294=IFCCARTESIANPOINTLIST2D(((0.,0.),(0.,2.0250000022351742),(1.3923925682902336,2.0250000022351742),(1.3923925682902336,0.),(1.3173925653100014,0.),(1.3173925653100014,1.9499999992549419),(0.075000002980232239,1.9499999992549419),(0.075000002980232239,0.)));
#4295=IFCINDEXEDPOLYCURVE(#4294,(IFCLINEINDEX((1,2,3,4,5,6,7,8,1))),$);
#4296=IFCARBITRARYCLOSEDPROFILEDEF(.AREA.,$,#4295);
#4297=IFCCARTESIANPOINT((-0.025000002235174179,-0.004999999888241291,0.));
#4298=IFCDIRECTION((0.,-1.,0.));
#4299=IFCDIRECTION((1.,0.,0.));
#4300=IFCAXIS2PLACEMENT3D(#4297,#4298,#4299);
#4301=IFCDIRECTION((0.,0.,-1.));
#4302=IFCEXTRUDEDAREASOLID(#4296,#4300,#4301,0.004999999888241291);
#4303=IFCCARTESIANPOINTLIST2D(((0.,0.),(0.,2.0250000022351742),(1.3923925682902336,2.0250000022351742),(1.3923925682902336,0.),(1.3173925653100014,0.),(1.3173925653100014,1.9499999992549419),(0.075000002980232239,1.9499999992549419),(0.075000002980232239,0.)));
#4304=IFCINDEXEDPOLYCURVE(#4303,(IFCLINEINDEX((1,2,3,4,5,6,7,8,1))),$);
#4305=IFCARBITRARYCLOSEDPROFILEDEF(.AREA.,$,#4304);
#4306=IFCCARTESIANPOINT((-0.025000002235174179,0.05000000074505806,0.));
#4307=IFCDIRECTION((0.,-1.,0.));
#4308=IFCDIRECTION((1.,0.,0.));
#4309=IFCAXIS2PLACEMENT3D(#4306,#4307,#4308);
#4310=IFCDIRECTION((0.,0.,-1.));
#4311=IFCEXTRUDEDAREASOLID(#4305,#4309,#4310,0.004999999888241291);
#4312=IFCCARTESIANPOINTLIST2D(((0.,0.),(1.2423925623297691,0.),(1.2423925623297691,0.035000000149011612),(0.,0.035000000149011612)));
#4313=IFCINDEXEDPOLYCURVE(#4312,(IFCLINEINDEX((1,2,3,4,1))),$);
#4314=IFCARBITRARYCLOSEDPROFILEDEF(.AREA.,$,#4313);
#4315=IFCCARTESIANPOINT((0.05000000074505806,-0.035000000149011612,0.02500000037252903));
#4316=IFCDIRECTION((0.,0.,1.));
#4317=IFCDIRECTION((1.,0.,0.));
#4318=IFCAXIS2PLACEMENT3D(#4315,#4316,#4317);
#4319=IFCDIRECTION((0.,0.,1.));
#4320=IFCEXTRUDEDAREASOLID(#4314,#4318,#4319,1.9249999988824129);
#4321=IFCCARTESIANPOINTLIST2D(((0.,0.),(0.,-0.040000000000000001),(0.12,-0.040000000000000001),(0.12,-0.02),(0.02,-0.02),(0.02,0.)));
#4322=IFCINDEXEDPOLYCURVE(#4321,(IFCLINEINDEX((1,2,3,4,5,6,1))),$);
#4323=IFCARBITRARYCLOSEDPROFILEDEF(.AREA.,$,#4322);
#4324=IFCCARTESIANPOINT((0.10000000074505806,-0.035000000149011612,1.015000000372529));
#4325=IFCDIRECTION((0.,0.,1.));
#4326=IFCDIRECTION((1.,0.,0.));
#4327=IFCAXIS2PLACEMENT3D(#4324,#4325,#4326);
#4328=IFCDIRECTION((0.,0.,1.));
#4329=IFCEXTRUDEDAREASOLID(#4323,#4327,#4328,0.02);
#4330=IFCEXTRUDEDAREASOLID(#4331,#4334,#4338,0.02);
#4331=IFCARBITRARYCLOSEDPROFILEDEF(.AREA.,$,#4332);
#4332=IFCINDEXEDPOLYCURVE(#4333,(IFCLINEINDEX((1,2,3,4,5,6,1))),$);
#4333=IFCCARTESIANPOINTLIST2D(((0.,0.),(0.,0.040000000000000008),(0.11999999999999998,0.040000000000000008),(0.11999999999999998,0.020000000000000004),(0.020000000000000004,0.020000000000000004),(0.020000000000000004,0.)));
#4334=IFCAXIS2PLACEMENT3D(#4335,#4336,#4337);
#4335=IFCCARTESIANPOINT((0.10000000074505806,0.,1.015000000372529));
#4336=IFCDIRECTION((0.,0.,1.));
#4337=IFCDIRECTION((1.,0.,0.));
#4338=IFCDIRECTION((0.,0.,1.));
#4399=IFCCARTESIANPOINTLIST2D(((0.,0.),(0.,2.),(1.3582719564437866,2.),(1.3582719564437866,0.),(1.3082719556987286,0.),(1.3082719556987286,1.9499999992549419),(0.05000000074505806,1.9499999992549419),(0.05000000074505806,0.)));
#4400=IFCINDEXEDPOLYCURVE(#4399,(IFCLINEINDEX((1,2,3,4,5,6,7,8,1))),$);
#4401=IFCARBITRARYCLOSEDPROFILEDEF(.AREA.,$,#4400);
#4402=IFCCARTESIANPOINT((0.,0.,0.));
#4403=IFCDIRECTION((0.,-1.,0.));
#4404=IFCDIRECTION((1.,0.,0.));
#4405=IFCAXIS2PLACEMENT3D(#4402,#4403,#4404);
#4406=IFCDIRECTION((0.,0.,-1.));
#4407=IFCEXTRUDEDAREASOLID(#4401,#4405,#4406,0.05000000074505806);
#4408=IFCCARTESIANPOINTLIST2D(((0.,0.),(1.2582719549536705,0.),(1.2582719549536705,0.10000000149011612),(0.,0.10000000149011612)));
#4409=IFCINDEXEDPOLYCURVE(#4408,(IFCLINEINDEX((1,2,3,4,1))),$);
#4410=IFCARBITRARYCLOSEDPROFILEDEF(.AREA.,$,#4409);
#4411=IFCCARTESIANPOINT((0.05000000074505806,0.,0.));
#4412=IFCDIRECTION((0.,0.,1.));
#4413=IFCDIRECTION((1.,0.,0.));
#4414=IFCAXIS2PLACEMENT3D(#4411,#4412,#4413);
#4415=IFCDIRECTION((0.,0.,1.));
#4416=IFCEXTRUDEDAREASOLID(#4410,#4414,#4415,0.02500000037252903);
#4417=IFCCARTESIANPOINTLIST2D(((0.,0.),(0.,2.0250000022351742),(1.408271960914135,2.0250000022351742),(1.408271960914135,0.),(1.3332719579339027,0.),(1.3332719579339027,1.9499999992549419),(0.075000002980232239,1.9499999992549419),(0.075000002980232239,0.)));
#4418=IFCINDEXEDPOLYCURVE(#4417,(IFCLINEINDEX((1,2,3,4,5,6,7,8,1))),$);
#4419=IFCARBITRARYCLOSEDPROFILEDEF(.AREA.,$,#4418);
#4420=IFCCARTESIANPOINT((-0.025000002235174179,-0.004999999888241291,0.));
#4421=IFCDIRECTION((0.,-1.,0.));
#4422=IFCDIRECTION((1.,0.,0.));
#4423=IFCAXIS2PLACEMENT3D(#4420,#4421,#4422);
#4424=IFCDIRECTION((0.,0.,-1.));
#4425=IFCEXTRUDEDAREASOLID(#4419,#4423,#4424,0.004999999888241291);
#4426=IFCCARTESIANPOINTLIST2D(((0.,0.),(0.,2.0250000022351742),(1.408271960914135,2.0250000022351742),(1.408271960914135,0.),(1.3332719579339027,0.),(1.3332719579339027,1.9499999992549419),(0.075000002980232239,1.9499999992549419),(0.075000002980232239,0.)));
#4427=IFCINDEXEDPOLYCURVE(#4426,(IFCLINEINDEX((1,2,3,4,5,6,7,8,1))),$);
#4428=IFCARBITRARYCLOSEDPROFILEDEF(.AREA.,$,#4427);
#4429=IFCCARTESIANPOINT((-0.025000002235174179,0.05000000074505806,0.));
#4430=IFCDIRECTION((0.,-1.,0.));
#4431=IFCDIRECTION((1.,0.,0.));
#4432=IFCAXIS2PLACEMENT3D(#4429,#4430,#4431);
#4433=IFCDIRECTION((0.,0.,-1.));
#4434=IFCEXTRUDEDAREASOLID(#4428,#4432,#4433,0.004999999888241291);
#4435=IFCCARTESIANPOINTLIST2D(((0.,0.),(1.2582719549536705,0.),(1.2582719549536705,0.035000000149011612),(0.,0.035000000149011612)));
#4436=IFCINDEXEDPOLYCURVE(#4435,(IFCLINEINDEX((1,2,3,4,1))),$);
#4437=IFCARBITRARYCLOSEDPROFILEDEF(.AREA.,$,#4436);
#4438=IFCCARTESIANPOINT((0.05000000074505806,-0.035000000149011612,0.02500000037252903));
#4439=IFCDIRECTION((0.,0.,1.));
#4440=IFCDIRECTION((1.,0.,0.));
#4441=IFCAXIS2PLACEMENT3D(#4438,#4439,#4440);
#4442=IFCDIRECTION((0.,0.,1.));
#4443=IFCEXTRUDEDAREASOLID(#4437,#4441,#4442,1.9249999988824129);
#4444=IFCCARTESIANPOINTLIST2D(((0.,0.),(0.,-0.040000000000000001),(0.12,-0.040000000000000001),(0.12,-0.02),(0.02,-0.02),(0.02,0.)));
#4445=IFCINDEXEDPOLYCURVE(#4444,(IFCLINEINDEX((1,2,3,4,5,6,1))),$);
#4446=IFCARBITRARYCLOSEDPROFILEDEF(.AREA.,$,#4445);
#4447=IFCCARTESIANPOINT((0.10000000074505806,-0.035000000149011612,1.015000000372529));
#4448=IFCDIRECTION((0.,0.,1.));
#4449=IFCDIRECTION((1.,0.,0.));
#4450=IFCAXIS2PLACEMENT3D(#4447,#4448,#4449);
#4451=IFCDIRECTION((0.,0.,1.));
#4452=IFCEXTRUDEDAREASOLID(#4446,#4450,#4451,0.02);
#4453=IFCEXTRUDEDAREASOLID(#4454,#4457,#4461,0.02);
#4454=IFCARBITRARYCLOSEDPROFILEDEF(.AREA.,$,#4455);
#4455=IFCINDEXEDPOLYCURVE(#4456,(IFCLINEINDEX((1,2,3,4,5,6,1))),$);
#4456=IFCCARTESIANPOINTLIST2D(((0.,0.),(0.,0.040000000000000008),(0.11999999999999998,0.040000000000000008),(0.11999999999999998,0.020000000000000004),(0.020000000000000004,0.020000000000000004),(0.020000000000000004,0.)));
#4457=IFCAXIS2PLACEMENT3D(#4458,#4459,#4460);
#4458=IFCCARTESIANPOINT((0.10000000074505806,0.,1.015000000372529));
#4459=IFCDIRECTION((0.,0.,1.));
#4460=IFCDIRECTION((1.,0.,0.));
#4461=IFCDIRECTION((0.,0.,1.));
#4490=IFCCARTESIANPOINT((0.1065790297413326,0.015000184904967906,0.));
#4491=IFCDIRECTION((0.,0.,1.));
#4492=IFCDIRECTION((0.99999999999997158,-2.3841857910149749E-07,0.));
#4493=IFCAXIS2PLACEMENT3D(#4490,#4491,#4492);
#4494=IFCLOCALPLACEMENT(#8570,#4493);
#4495=IFCCARTESIANPOINT((0.,0.,0.));
#4496=IFCDIRECTION((0.,0.,1.));
#4497=IFCDIRECTION((1.,0.,0.));
#4498=IFCAXIS2PLACEMENT3D(#4495,#4496,#4497);
#4499=IFCLOCALPLACEMENT(#4494,#4498);
#4581=IFCCARTESIANPOINTLIST2D(((0.,0.),(0.,2.),(1.3582719564437866,2.),(1.3582719564437866,0.),(1.3082719556987286,0.),(1.3082719556987286,1.9499999992549419),(0.05000000074505806,1.9499999992549419),(0.05000000074505806,0.)));
#4582=IFCINDEXEDPOLYCURVE(#4581,(IFCLINEINDEX((1,2,3,4,5,6,7,8,1))),$);
#4583=IFCARBITRARYCLOSEDPROFILEDEF(.AREA.,$,#4582);
#4584=IFCCARTESIANPOINT((0.,0.,0.));
#4585=IFCDIRECTION((0.,-1.,0.));
#4586=IFCDIRECTION((1.,0.,0.));
#4587=IFCAXIS2PLACEMENT3D(#4584,#4585,#4586);
#4588=IFCDIRECTION((0.,0.,-1.));
#4589=IFCEXTRUDEDAREASOLID(#4583,#4587,#4588,0.05000000074505806);
#4590=IFCCARTESIANPOINTLIST2D(((0.,0.),(1.2582719549536705,0.),(1.2582719549536705,0.10000000149011612),(0.,0.10000000149011612)));
#4591=IFCINDEXEDPOLYCURVE(#4590,(IFCLINEINDEX((1,2,3,4,1))),$);
#4592=IFCARBITRARYCLOSEDPROFILEDEF(.AREA.,$,#4591);
#4593=IFCCARTESIANPOINT((0.05000000074505806,0.,0.));
#4594=IFCDIRECTION((0.,0.,1.));
#4595=IFCDIRECTION((1.,0.,0.));
#4596=IFCAXIS2PLACEMENT3D(#4593,#4594,#4595);
#4597=IFCDIRECTION((0.,0.,1.));
#4598=IFCEXTRUDEDAREASOLID(#4592,#4596,#4597,0.02500000037252903);
#4599=IFCCARTESIANPOINTLIST2D(((0.,0.),(0.,2.0250000022351742),(1.408271960914135,2.0250000022351742),(1.408271960914135,0.),(1.3332719579339027,0.),(1.3332719579339027,1.9499999992549419),(0.075000002980232239,1.9499999992549419),(0.075000002980232239,0.)));
#4600=IFCINDEXEDPOLYCURVE(#4599,(IFCLINEINDEX((1,2,3,4,5,6,7,8,1))),$);
#4601=IFCARBITRARYCLOSEDPROFILEDEF(.AREA.,$,#4600);
#4602=IFCCARTESIANPOINT((-0.025000002235174179,-0.004999999888241291,0.));
#4603=IFCDIRECTION((0.,-1.,0.));
#4604=IFCDIRECTION((1.,0.,0.));
#4605=IFCAXIS2PLACEMENT3D(#4602,#4603,#4604);
#4606=IFCDIRECTION((0.,0.,-1.));
#4607=IFCEXTRUDEDAREASOLID(#4601,#4605,#4606,0.004999999888241291);
#4608=IFCCARTESIANPOINTLIST2D(((0.,0.),(0.,2.0250000022351742),(1.408271960914135,2.0250000022351742),(1.408271960914135,0.),(1.3332719579339027,0.),(1.3332719579339027,1.9499999992549419),(0.075000002980232239,1.9499999992549419),(0.075000002980232239,0.)));
#4609=IFCINDEXEDPOLYCURVE(#4608,(IFCLINEINDEX((1,2,3,4,5,6,7,8,1))),$);
#4610=IFCARBITRARYCLOSEDPROFILEDEF(.AREA.,$,#4609);
#4611=IFCCARTESIANPOINT((-0.025000002235174179,0.05000000074505806,0.));
#4612=IFCDIRECTION((0.,-1.,0.));
#4613=IFCDIRECTION((1.,0.,0.));
#4614=IFCAXIS2PLACEMENT3D(#4611,#4612,#4613);
#4615=IFCDIRECTION((0.,0.,-1.));
#4616=IFCEXTRUDEDAREASOLID(#4610,#4614,#4615,0.004999999888241291);
#4617=IFCDOOR('1t$Wp7srL0HeULPtjMPrmv',$,'Door',$,$,#4807,#4625,$,2.,1.4521052837371826,$,.SINGLE_SWING_RIGHT.,$);
#4618=IFCCARTESIANPOINT((0.,0.,0.));
#4619=IFCDIRECTION((1.,0.,0.));
#4620=IFCDIRECTION((0.,1.,0.));
#4621=IFCDIRECTION((0.,0.,1.));
#4622=IFCCARTESIANTRANSFORMATIONOPERATOR3D(#4619,#4620,#4618,1.,#4621);
#4623=IFCMAPPEDITEM(#3670,#4622);
#4624=IFCSHAPEREPRESENTATION(#18,'Profile','MappedRepresentation',(#4623));
#4625=IFCPRODUCTDEFINITIONSHAPE($,$,(#4624,#4632,#4639,#6193));
#4626=IFCCARTESIANPOINT((0.,0.,0.));
#4627=IFCDIRECTION((1.,0.,0.));
#4628=IFCDIRECTION((0.,1.,0.));
#4629=IFCDIRECTION((0.,0.,1.));
#4630=IFCCARTESIANTRANSFORMATIONOPERATOR3D(#4627,#4628,#4626,1.,#4629);
#4631=IFCMAPPEDITEM(#3678,#4630);
#4632=IFCSHAPEREPRESENTATION(#11,'Body','MappedRepresentation',(#4631));
#4633=IFCCARTESIANPOINT((0.,0.,0.));
#4634=IFCDIRECTION((1.,0.,0.));
#4635=IFCDIRECTION((0.,1.,0.));
#4636=IFCDIRECTION((0.,0.,1.));
#4637=IFCCARTESIANTRANSFORMATIONOPERATOR3D(#4634,#4635,#4633,1.,#4636);
#4638=IFCMAPPEDITEM(#3747,#4637);
#4639=IFCSHAPEREPRESENTATION(#24,'Body','MappedRepresentation',(#4638));
#4691=IFCCARTESIANPOINTLIST2D(((0.,0.),(0.,2.),(1.3582719564437866,2.),(1.3582719564437866,0.),(1.3332719560712576,0.),(1.3332719560712576,1.974999999627471),(0.02500000037252903,1.974999999627471),(0.02500000037252903,0.)));
#4692=IFCINDEXEDPOLYCURVE(#4691,(IFCLINEINDEX((1,2,3,4,5,6,7,8,1))),$);
#4693=IFCARBITRARYCLOSEDPROFILEDEF(.AREA.,$,#4692);
#4694=IFCCARTESIANPOINT((0.,0.02500000037252903,0.));
#4695=IFCDIRECTION((0.,-1.,0.));
#4696=IFCDIRECTION((1.,0.,0.));
#4697=IFCAXIS2PLACEMENT3D(#4694,#4695,#4696);
#4698=IFCDIRECTION((0.,0.,-1.));
#4699=IFCEXTRUDEDAREASOLID(#4693,#4697,#4698,0.02500000037252903);
#4700=IFCCARTESIANPOINTLIST2D(((0.,0.),(0.,2.),(1.3582719564437866,2.),(1.3582719564437866,0.),(1.3082719556987286,0.),(1.3082719556987286,1.9499999992549419),(0.05000000074505806,1.9499999992549419),(0.05000000074505806,0.)));
#4701=IFCINDEXEDPOLYCURVE(#4700,(IFCLINEINDEX((1,2,3,4,5,6,7,8,1))),$);
#4702=IFCARBITRARYCLOSEDPROFILEDEF(.AREA.,$,#4701);
#4703=IFCCARTESIANPOINT((0.,0.,0.));
#4704=IFCDIRECTION((0.,-1.,0.));
#4705=IFCDIRECTION((1.,0.,0.));
#4706=IFCAXIS2PLACEMENT3D(#4703,#4704,#4705);
#4707=IFCDIRECTION((0.,0.,-1.));
#4708=IFCEXTRUDEDAREASOLID(#4702,#4706,#4707,0.02500000037252903);
#4709=IFCCARTESIANPOINTLIST2D(((0.,0.),(1.2582719549536705,0.),(1.2582719549536705,0.10000000149011612),(0.,0.10000000149011612)));
#4710=IFCINDEXEDPOLYCURVE(#4709,(IFCLINEINDEX((1,2,3,4,1))),$);
#4711=IFCARBITRARYCLOSEDPROFILEDEF(.AREA.,$,#4710);
#4712=IFCCARTESIANPOINT((0.05000000074505806,0.,0.));
#4713=IFCDIRECTION((0.,0.,1.));
#4714=IFCDIRECTION((1.,0.,0.));
#4715=IFCAXIS2PLACEMENT3D(#4712,#4713,#4714);
#4716=IFCDIRECTION((0.,0.,1.));
#4717=IFCEXTRUDEDAREASOLID(#4711,#4715,#4716,0.02500000037252903);
#4718=IFCCARTESIANPOINTLIST2D(((0.,0.),(0.,2.0250000022351742),(1.408271960914135,2.0250000022351742),(1.408271960914135,0.),(1.3332719579339027,0.),(1.3332719579339027,1.9499999992549419),(0.075000002980232239,1.9499999992549419),(0.075000002980232239,0.)));
#4719=IFCINDEXEDPOLYCURVE(#4718,(IFCLINEINDEX((1,2,3,4,5,6,7,8,1))),$);
#4720=IFCARBITRARYCLOSEDPROFILEDEF(.AREA.,$,#4719);
#4721=IFCCARTESIANPOINT((-0.025000002235174179,-0.004999999888241291,0.));
#4722=IFCDIRECTION((0.,-1.,0.));
#4723=IFCDIRECTION((1.,0.,0.));
#4724=IFCAXIS2PLACEMENT3D(#4721,#4722,#4723);
#4725=IFCDIRECTION((0.,0.,-1.));
#4726=IFCEXTRUDEDAREASOLID(#4720,#4724,#4725,0.004999999888241291);
#4727=IFCCARTESIANPOINTLIST2D(((0.,0.),(0.,2.0250000022351742),(1.408271960914135,2.0250000022351742),(1.408271960914135,0.),(1.3582719583064318,0.),(1.3582719583064318,1.974999999627471),(0.050000002607703209,1.974999999627471),(0.050000002607703209,0.)));
#4728=IFCINDEXEDPOLYCURVE(#4727,(IFCLINEINDEX((1,2,3,4,5,6,7,8,1))),$);
#4729=IFCARBITRARYCLOSEDPROFILEDEF(.AREA.,$,#4728);
#4730=IFCCARTESIANPOINT((-0.025000002235174179,0.05000000074505806,0.));
#4731=IFCDIRECTION((0.,-1.,0.));
#4732=IFCDIRECTION((1.,0.,0.));
#4733=IFCAXIS2PLACEMENT3D(#4730,#4731,#4732);
#4734=IFCDIRECTION((0.,0.,-1.));
#4735=IFCEXTRUDEDAREASOLID(#4729,#4733,#4734,0.004999999888241291);
#4736=IFCCARTESIANPOINTLIST2D(((0.,0.),(1.3082719556987286,0.),(1.3082719556987286,0.035000000149011612),(0.,0.035000000149011612)));
#4737=IFCINDEXEDPOLYCURVE(#4736,(IFCLINEINDEX((1,2,3,4,1))),$);
#4738=IFCARBITRARYCLOSEDPROFILEDEF(.AREA.,$,#4737);
#4739=IFCCARTESIANPOINT((0.02500000037252903,0.02500000037252903,0.02500000037252903));
#4740=IFCDIRECTION((0.,0.,1.));
#4741=IFCDIRECTION((1.,0.,0.));
#4742=IFCAXIS2PLACEMENT3D(#4739,#4740,#4741);
#4743=IFCDIRECTION((0.,0.,1.));
#4744=IFCEXTRUDEDAREASOLID(#4738,#4742,#4743,1.9499999992549419);
#4745=IFCCARTESIANPOINTLIST2D(((0.,0.),(0.,-0.040000000000000001),(0.12,-0.040000000000000001),(0.12,-0.02),(0.02,-0.02),(0.02,0.)));
#4746=IFCINDEXEDPOLYCURVE(#4745,(IFCLINEINDEX((1,2,3,4,5,6,1))),$);
#4747=IFCARBITRARYCLOSEDPROFILEDEF(.AREA.,$,#4746);
#4748=IFCCARTESIANPOINT((0.075000000372529033,0.02500000037252903,1.015000000372529));
#4749=IFCDIRECTION((0.,0.,1.));
#4750=IFCDIRECTION((1.,0.,0.));
#4751=IFCAXIS2PLACEMENT3D(#4748,#4749,#4750);
#4752=IFCDIRECTION((0.,0.,1.));
#4753=IFCEXTRUDEDAREASOLID(#4747,#4751,#4752,0.02);
#4754=IFCEXTRUDEDAREASOLID(#4755,#4758,#4762,0.02);
#4755=IFCARBITRARYCLOSEDPROFILEDEF(.AREA.,$,#4756);
#4756=IFCINDEXEDPOLYCURVE(#4757,(IFCLINEINDEX((1,2,3,4,5,6,1))),$);
#4757=IFCCARTESIANPOINTLIST2D(((0.,0.),(0.,0.040000000000000008),(0.11999999999999998,0.040000000000000008),(0.11999999999999998,0.020000000000000004),(0.020000000000000004,0.020000000000000004),(0.020000000000000004,0.)));
#4758=IFCAXIS2PLACEMENT3D(#4759,#4760,#4761);
#4759=IFCCARTESIANPOINT((0.075000000372529033,0.060000000521540642,1.015000000372529));
#4760=IFCDIRECTION((0.,0.,1.));
#4761=IFCDIRECTION((1.,0.,0.));
#4762=IFCDIRECTION((0.,0.,1.));
#4764=IFCSHAPEREPRESENTATION(#11,'Body','SweptSolid',(#4699,#4708,#4717,#4726,#4735));
#4765=IFCSHAPEASPECT((#4764),'Lining',$,.T.,#4625);
#4766=IFCSHAPEREPRESENTATION(#11,'Body','SweptSolid',(#4744,#4753,#4754));
#4767=IFCSHAPEASPECT((#4766),'Framing',$,.T.,#4625);
#4798=IFCCARTESIANPOINT((1.4370128421612935,0.10000002588625101,0.));
#4799=IFCDIRECTION((0.,0.,1.));
#4800=IFCDIRECTION((-0.99999999999999611,8.7422790784314003E-08,0.));
#4801=IFCAXIS2PLACEMENT3D(#4798,#4799,#4800);
#4802=IFCLOCALPLACEMENT(#8570,#4801);
#4803=IFCCARTESIANPOINT((-1.1102230246251565E-16,-4.4408920985006262E-16,0.));
#4804=IFCDIRECTION((0.,0.,1.));
#4805=IFCDIRECTION((1.,0.,0.));
#4806=IFCAXIS2PLACEMENT3D(#4803,#4804,#4805);
#4807=IFCLOCALPLACEMENT(#4802,#4806);
#4808=IFCDOOR('3kl6f$1qzFrPkxYvePV0Fp',$,'Door',$,$,#8585,#4816,$,2.,1.4521052837371826,$,$,$);
#4809=IFCCARTESIANPOINT((0.,0.,0.));
#4810=IFCDIRECTION((1.,0.,0.));
#4811=IFCDIRECTION((0.,1.,0.));
#4812=IFCDIRECTION((0.,0.,1.));
#4813=IFCCARTESIANTRANSFORMATIONOPERATOR3D(#4810,#4811,#4809,1.,#4812);
#4814=IFCMAPPEDITEM(#3670,#4813);
#4815=IFCSHAPEREPRESENTATION(#18,'Profile','MappedRepresentation',(#4814));
#4816=IFCPRODUCTDEFINITIONSHAPE($,$,(#4815,#4823,#4830,#6179));
#4817=IFCCARTESIANPOINT((0.,0.,0.));
#4818=IFCDIRECTION((1.,0.,0.));
#4819=IFCDIRECTION((0.,1.,0.));
#4820=IFCDIRECTION((0.,0.,1.));
#4821=IFCCARTESIANTRANSFORMATIONOPERATOR3D(#4818,#4819,#4817,1.,#4820);
#4822=IFCMAPPEDITEM(#3678,#4821);
#4823=IFCSHAPEREPRESENTATION(#11,'Body','MappedRepresentation',(#4822));
#4824=IFCCARTESIANPOINT((0.,0.,0.));
#4825=IFCDIRECTION((1.,0.,0.));
#4826=IFCDIRECTION((0.,1.,0.));
#4827=IFCDIRECTION((0.,0.,1.));
#4828=IFCCARTESIANTRANSFORMATIONOPERATOR3D(#4825,#4826,#4824,1.,#4827);
#4829=IFCMAPPEDITEM(#3747,#4828);
#4830=IFCSHAPEREPRESENTATION(#24,'Body','MappedRepresentation',(#4829));
#4836=IFCDOOR('1OQWALbOj6T82vlBd7OBrv',$,'Door',$,$,#5365,#4844,$,2.,0.89999997615814209,$,.SLIDING_TO_RIGHT.,$);
#4837=IFCCARTESIANPOINT((0.,0.,0.));
#4838=IFCDIRECTION((1.,0.,0.));
#4839=IFCDIRECTION((0.,1.,0.));
#4840=IFCDIRECTION((0.,0.,1.));
#4841=IFCCARTESIANTRANSFORMATIONOPERATOR3D(#4838,#4839,#4837,1.,#4840);
#4842=IFCMAPPEDITEM(#1290,#4841);
#4843=IFCSHAPEREPRESENTATION(#18,'Profile','MappedRepresentation',(#4842));
#4844=IFCPRODUCTDEFINITIONSHAPE($,$,(#4843,#4851,#4858,#5116));
#4845=IFCCARTESIANPOINT((0.,0.,0.));
#4846=IFCDIRECTION((1.,0.,0.));
#4847=IFCDIRECTION((0.,1.,0.));
#4848=IFCDIRECTION((0.,0.,1.));
#4849=IFCCARTESIANTRANSFORMATIONOPERATOR3D(#4846,#4847,#4845,1.,#4848);
#4850=IFCMAPPEDITEM(#1368,#4849);
#4851=IFCSHAPEREPRESENTATION(#11,'Body','MappedRepresentation',(#4850));
#4852=IFCCARTESIANPOINT((0.,0.,0.));
#4853=IFCDIRECTION((1.,0.,0.));
#4854=IFCDIRECTION((0.,1.,0.));
#4855=IFCDIRECTION((0.,0.,1.));
#4856=IFCCARTESIANTRANSFORMATIONOPERATOR3D(#4853,#4854,#4852,1.,#4855);
#4857=IFCMAPPEDITEM(#1387,#4856);
#4858=IFCSHAPEREPRESENTATION(#24,'Body','MappedRepresentation',(#4857));
#4859=IFCOPENINGELEMENT('0GDlRzKCH7GRF1XFWs513$',$,'Opening',$,$,#5360,#4887,$,.OPENING.);
#4875=IFCCARTESIANPOINT((0.,0.,0.));
#4876=IFCDIRECTION((1.,0.,0.));
#4877=IFCDIRECTION((0.,0.,1.));
#4878=IFCAXIS2PLACEMENT3D(#4875,#4877,#4876);
#4879=IFCREPRESENTATIONMAP(#4878,#5350);
#4880=IFCCARTESIANPOINT((0.,0.,0.));
#4881=IFCDIRECTION((1.,0.,0.));
#4882=IFCDIRECTION((0.,1.,0.));
#4883=IFCDIRECTION((0.,0.,1.));
#4884=IFCCARTESIANTRANSFORMATIONOPERATOR3D(#4881,#4882,#4880,1.,#4883);
#4885=IFCMAPPEDITEM(#4879,#4884);
#4886=IFCSHAPEREPRESENTATION(#11,'Body','MappedRepresentation',(#4885));
#4887=IFCPRODUCTDEFINITIONSHAPE($,$,(#4886));
#4888=IFCRELVOIDSELEMENT('07gNZ6gCX0cA1DJbBmApV6',$,$,$,#123,#4859);
#4894=IFCRELFILLSELEMENT('1Zbovxz$DB8P_Ii0lYIJZI',$,$,$,#4859,#4836);
#4903=IFCCARTESIANPOINTLIST2D(((0.,0.),(0.,2.),(0.89999997615814209,2.),(0.89999997615814209,0.),(0.87499997578561306,0.),(0.87499997578561306,1.974999999627471),(0.02500000037252903,1.974999999627471),(0.02500000037252903,0.)));
#4904=IFCINDEXEDPOLYCURVE(#4903,(IFCLINEINDEX((1,2,3,4,5,6,7,8,1))),$);
#4905=IFCARBITRARYCLOSEDPROFILEDEF(.AREA.,$,#4904);
#4906=IFCCARTESIANPOINT((0.,0.02500000037252903,0.));
#4907=IFCDIRECTION((0.,-1.,0.));
#4908=IFCDIRECTION((1.,0.,0.));
#4909=IFCAXIS2PLACEMENT3D(#4906,#4907,#4908);
#4910=IFCDIRECTION((0.,0.,-1.));
#4911=IFCEXTRUDEDAREASOLID(#4905,#4909,#4910,0.02500000037252903);
#4912=IFCCARTESIANPOINTLIST2D(((0.,0.),(0.,2.),(0.89999997615814209,2.),(0.89999997615814209,0.),(0.84999997541308403,0.),(0.84999997541308403,1.9499999992549419),(0.05000000074505806,1.9499999992549419),(0.05000000074505806,0.)));
#4913=IFCINDEXEDPOLYCURVE(#4912,(IFCLINEINDEX((1,2,3,4,5,6,7,8,1))),$);
#4914=IFCARBITRARYCLOSEDPROFILEDEF(.AREA.,$,#4913);
#4915=IFCCARTESIANPOINT((0.,0.,0.));
#4916=IFCDIRECTION((0.,-1.,0.));
#4917=IFCDIRECTION((1.,0.,0.));
#4918=IFCAXIS2PLACEMENT3D(#4915,#4916,#4917);
#4919=IFCDIRECTION((0.,0.,-1.));
#4920=IFCEXTRUDEDAREASOLID(#4914,#4918,#4919,0.02500000037252903);
#4921=IFCCARTESIANPOINTLIST2D(((0.,0.),(0.79999997466802597,0.),(0.79999997466802597,0.10000000149011612),(0.,0.10000000149011612)));
#4922=IFCINDEXEDPOLYCURVE(#4921,(IFCLINEINDEX((1,2,3,4,1))),$);
#4923=IFCARBITRARYCLOSEDPROFILEDEF(.AREA.,$,#4922);
#4924=IFCCARTESIANPOINT((0.05000000074505806,0.,0.));
#4925=IFCDIRECTION((0.,0.,1.));
#4926=IFCDIRECTION((1.,0.,0.));
#4927=IFCAXIS2PLACEMENT3D(#4924,#4925,#4926);
#4928=IFCDIRECTION((0.,0.,1.));
#4929=IFCEXTRUDEDAREASOLID(#4923,#4927,#4928,0.02500000037252903);
#4930=IFCCARTESIANPOINTLIST2D(((0.,0.),(0.,2.0250000022351742),(0.94999998062849045,2.0250000022351742),(0.94999998062849045,0.),(0.87499997764825821,0.),(0.87499997764825821,1.9499999992549419),(0.075000002980232239,1.9499999992549419),(0.075000002980232239,0.)));
#4931=IFCINDEXEDPOLYCURVE(#4930,(IFCLINEINDEX((1,2,3,4,5,6,7,8,1))),$);
#4932=IFCARBITRARYCLOSEDPROFILEDEF(.AREA.,$,#4931);
#4933=IFCCARTESIANPOINT((-0.025000002235174179,-0.004999999888241291,0.));
#4934=IFCDIRECTION((0.,-1.,0.));
#4935=IFCDIRECTION((1.,0.,0.));
#4936=IFCAXIS2PLACEMENT3D(#4933,#4934,#4935);
#4937=IFCDIRECTION((0.,0.,-1.));
#4938=IFCEXTRUDEDAREASOLID(#4932,#4936,#4937,0.004999999888241291);
#4939=IFCCARTESIANPOINTLIST2D(((0.,0.),(0.,2.0250000022351742),(0.94999998062849045,2.0250000022351742),(0.94999998062849045,0.),(0.89999997802078724,0.),(0.89999997802078724,1.974999999627471),(0.050000002607703209,1.974999999627471),(0.050000002607703209,0.)));
#4940=IFCINDEXEDPOLYCURVE(#4939,(IFCLINEINDEX((1,2,3,4,5,6,7,8,1))),$);
#4941=IFCARBITRARYCLOSEDPROFILEDEF(.AREA.,$,#4940);
#4942=IFCCARTESIANPOINT((-0.025000002235174179,0.05000000074505806,0.));
#4943=IFCDIRECTION((0.,-1.,0.));
#4944=IFCDIRECTION((1.,0.,0.));
#4945=IFCAXIS2PLACEMENT3D(#4942,#4943,#4944);
#4946=IFCDIRECTION((0.,0.,-1.));
#4947=IFCEXTRUDEDAREASOLID(#4941,#4945,#4946,0.004999999888241291);
#4948=IFCCARTESIANPOINTLIST2D(((0.,0.),(0.84999997541308403,0.),(0.84999997541308403,0.035000000149011612),(0.,0.035000000149011612)));
#4949=IFCINDEXEDPOLYCURVE(#4948,(IFCLINEINDEX((1,2,3,4,1))),$);
#4950=IFCARBITRARYCLOSEDPROFILEDEF(.AREA.,$,#4949);
#4951=IFCCARTESIANPOINT((0.02500000037252903,0.02500000037252903,0.02500000037252903));
#4952=IFCDIRECTION((0.,0.,1.));
#4953=IFCDIRECTION((1.,0.,0.));
#4954=IFCAXIS2PLACEMENT3D(#4951,#4952,#4953);
#4955=IFCDIRECTION((0.,0.,1.));
#4956=IFCEXTRUDEDAREASOLID(#4950,#4954,#4955,1.9499999992549419);
#4957=IFCCARTESIANPOINTLIST2D(((0.,0.),(0.,-0.040000000000000001),(0.12,-0.040000000000000001),(0.12,-0.02),(0.02,-0.02),(0.02,0.)));
#4958=IFCINDEXEDPOLYCURVE(#4957,(IFCLINEINDEX((1,2,3,4,5,6,1))),$);
#4959=IFCARBITRARYCLOSEDPROFILEDEF(.AREA.,$,#4958);
#4960=IFCCARTESIANPOINT((0.075000000372529033,0.02500000037252903,1.015000000372529));
#4961=IFCDIRECTION((0.,0.,1.));
#4962=IFCDIRECTION((1.,0.,0.));
#4963=IFCAXIS2PLACEMENT3D(#4960,#4961,#4962);
#4964=IFCDIRECTION((0.,0.,1.));
#4965=IFCEXTRUDEDAREASOLID(#4959,#4963,#4964,0.02);
#4966=IFCEXTRUDEDAREASOLID(#4967,#4970,#4974,0.02);
#4967=IFCARBITRARYCLOSEDPROFILEDEF(.AREA.,$,#4968);
#4968=IFCINDEXEDPOLYCURVE(#4969,(IFCLINEINDEX((1,2,3,4,5,6,1))),$);
#4969=IFCCARTESIANPOINTLIST2D(((0.,0.),(0.,0.040000000000000008),(0.11999999999999998,0.040000000000000008),(0.11999999999999998,0.020000000000000004),(0.020000000000000004,0.020000000000000004),(0.020000000000000004,0.)));
#4970=IFCAXIS2PLACEMENT3D(#4971,#4972,#4973);
#4971=IFCCARTESIANPOINT((0.075000000372529033,0.060000000521540642,1.015000000372529));
#4972=IFCDIRECTION((0.,0.,1.));
#4973=IFCDIRECTION((1.,0.,0.));
#4974=IFCDIRECTION((0.,0.,1.));
#4976=IFCSHAPEREPRESENTATION(#11,'Body','SweptSolid',(#5300,#5291,#4947,#5282,#5030,#4938,#4911,#5057,#4920,#5048,#4929,#5273,#5039));
#4977=IFCSHAPEASPECT((#4976),'Lining',$,.T.,#4844);
#4978=IFCSHAPEREPRESENTATION(#11,'Body','SweptSolid',(#5066,#5319,#4965,#4966,#5075,#4956,#5076,#5318,#5309));
#4979=IFCSHAPEASPECT((#4978),'Framing',$,.T.,#4844);
#5022=IFCCARTESIANPOINTLIST2D(((0.,0.),(0.,2.),(0.89999997615814209,2.),(0.89999997615814209,0.),(0.84999997541308403,0.),(0.84999997541308403,1.9499999992549419),(0.05000000074505806,1.9499999992549419),(0.05000000074505806,0.)));
#5023=IFCINDEXEDPOLYCURVE(#5022,(IFCLINEINDEX((1,2,3,4,5,6,7,8,1))),$);
#5024=IFCARBITRARYCLOSEDPROFILEDEF(.AREA.,$,#5023);
#5025=IFCCARTESIANPOINT((0.,0.,0.));
#5026=IFCDIRECTION((0.,-1.,0.));
#5027=IFCDIRECTION((1.,0.,0.));
#5028=IFCAXIS2PLACEMENT3D(#5025,#5026,#5027);
#5029=IFCDIRECTION((0.,0.,-1.));
#5030=IFCEXTRUDEDAREASOLID(#5024,#5028,#5029,0.05000000074505806);
#5031=IFCCARTESIANPOINTLIST2D(((0.,0.),(0.79999997466802597,0.),(0.79999997466802597,0.10000000149011612),(0.,0.10000000149011612)));
#5032=IFCINDEXEDPOLYCURVE(#5031,(IFCLINEINDEX((1,2,3,4,1))),$);
#5033=IFCARBITRARYCLOSEDPROFILEDEF(.AREA.,$,#5032);
#5034=IFCCARTESIANPOINT((0.05000000074505806,0.,0.));
#5035=IFCDIRECTION((0.,0.,1.));
#5036=IFCDIRECTION((1.,0.,0.));
#5037=IFCAXIS2PLACEMENT3D(#5034,#5035,#5036);
#5038=IFCDIRECTION((0.,0.,1.));
#5039=IFCEXTRUDEDAREASOLID(#5033,#5037,#5038,0.02500000037252903);
#5040=IFCCARTESIANPOINTLIST2D(((0.,0.),(0.,2.0250000022351742),(0.94999998062849045,2.0250000022351742),(0.94999998062849045,0.),(0.87499997764825821,0.),(0.87499997764825821,1.9499999992549419),(0.075000002980232239,1.9499999992549419),(0.075000002980232239,0.)));
#5041=IFCINDEXEDPOLYCURVE(#5040,(IFCLINEINDEX((1,2,3,4,5,6,7,8,1))),$);
#5042=IFCARBITRARYCLOSEDPROFILEDEF(.AREA.,$,#5041);
#5043=IFCCARTESIANPOINT((-0.025000002235174179,-0.004999999888241291,0.));
#5044=IFCDIRECTION((0.,-1.,0.));
#5045=IFCDIRECTION((1.,0.,0.));
#5046=IFCAXIS2PLACEMENT3D(#5043,#5044,#5045);
#5047=IFCDIRECTION((0.,0.,-1.));
#5048=IFCEXTRUDEDAREASOLID(#5042,#5046,#5047,0.004999999888241291);
#5049=IFCCARTESIANPOINTLIST2D(((0.,0.),(0.,2.0250000022351742),(0.94999998062849045,2.0250000022351742),(0.94999998062849045,0.),(0.87499997764825821,0.),(0.87499997764825821,1.9499999992549419),(0.075000002980232239,1.9499999992549419),(0.075000002980232239,0.)));
#5050=IFCINDEXEDPOLYCURVE(#5049,(IFCLINEINDEX((1,2,3,4,5,6,7,8,1))),$);
#5051=IFCARBITRARYCLOSEDPROFILEDEF(.AREA.,$,#5050);
#5052=IFCCARTESIANPOINT((-0.025000002235174179,0.05000000074505806,0.));
#5053=IFCDIRECTION((0.,-1.,0.));
#5054=IFCDIRECTION((1.,0.,0.));
#5055=IFCAXIS2PLACEMENT3D(#5052,#5053,#5054);
#5056=IFCDIRECTION((0.,0.,-1.));
#5057=IFCEXTRUDEDAREASOLID(#5051,#5055,#5056,0.004999999888241291);
#5058=IFCCARTESIANPOINTLIST2D(((0.,0.),(0.79999997466802597,0.),(0.79999997466802597,0.035000000149011612),(0.,0.035000000149011612)));
#5059=IFCINDEXEDPOLYCURVE(#5058,(IFCLINEINDEX((1,2,3,4,1))),$);
#5060=IFCARBITRARYCLOSEDPROFILEDEF(.AREA.,$,#5059);
#5061=IFCCARTESIANPOINT((0.05000000074505806,-0.035000000149011612,0.02500000037252903));
#5062=IFCDIRECTION((0.,0.,1.));
#5063=IFCDIRECTION((1.,0.,0.));
#5064=IFCAXIS2PLACEMENT3D(#5061,#5062,#5063);
#5065=IFCDIRECTION((0.,0.,1.));
#5066=IFCEXTRUDEDAREASOLID(#5060,#5064,#5065,1.9249999988824129);
#5067=IFCCARTESIANPOINTLIST2D(((0.,0.),(0.,-0.040000000000000001),(0.12,-0.040000000000000001),(0.12,-0.02),(0.02,-0.02),(0.02,0.)));
#5068=IFCINDEXEDPOLYCURVE(#5067,(IFCLINEINDEX((1,2,3,4,5,6,1))),$);
#5069=IFCARBITRARYCLOSEDPROFILEDEF(.AREA.,$,#5068);
#5070=IFCCARTESIANPOINT((0.10000000074505806,-0.035000000149011612,1.015000000372529));
#5071=IFCDIRECTION((0.,0.,1.));
#5072=IFCDIRECTION((1.,0.,0.));
#5073=IFCAXIS2PLACEMENT3D(#5070,#5071,#5072);
#5074=IFCDIRECTION((0.,0.,1.));
#5075=IFCEXTRUDEDAREASOLID(#5069,#5073,#5074,0.02);
#5076=IFCEXTRUDEDAREASOLID(#5077,#5080,#5084,0.02);
#5077=IFCARBITRARYCLOSEDPROFILEDEF(.AREA.,$,#5078);
#5078=IFCINDEXEDPOLYCURVE(#5079,(IFCLINEINDEX((1,2,3,4,5,6,1))),$);
#5079=IFCCARTESIANPOINTLIST2D(((0.,0.),(0.,0.040000000000000008),(0.11999999999999998,0.040000000000000008),(0.11999999999999998,0.020000000000000004),(0.020000000000000004,0.020000000000000004),(0.020000000000000004,0.)));
#5080=IFCAXIS2PLACEMENT3D(#5081,#5082,#5083);
#5081=IFCCARTESIANPOINT((0.10000000074505806,0.,1.015000000372529));
#5082=IFCDIRECTION((0.,0.,1.));
#5083=IFCDIRECTION((1.,0.,0.));
#5084=IFCDIRECTION((0.,0.,1.));
#5098=IFCCARTESIANPOINT((0.,0.,0.));
#5099=IFCDIRECTION((1.,0.,0.));
#5100=IFCDIRECTION((0.,0.,1.));
#5101=IFCAXIS2PLACEMENT3D(#5098,#5100,#5099);
#5102=IFCREPRESENTATIONMAP(#5101,#5340);
#5103=IFCCARTESIANPOINT((0.,0.,0.));
#5104=IFCDIRECTION((1.,0.,0.));
#5105=IFCDIRECTION((0.,1.,0.));
#5106=IFCDIRECTION((0.,0.,1.));
#5107=IFCCARTESIANTRANSFORMATIONOPERATOR3D(#5104,#5105,#5103,1.,#5106);
#5108=IFCMAPPEDITEM(#5102,#5107);
#5109=IFCSHAPEREPRESENTATION(#25,'Annotation','MappedRepresentation',(#5108));
#5110=IFCCARTESIANPOINT((0.,0.,0.));
#5111=IFCDIRECTION((1.,0.,0.));
#5112=IFCDIRECTION((0.,1.,0.));
#5113=IFCDIRECTION((0.,0.,1.));
#5114=IFCCARTESIANTRANSFORMATIONOPERATOR3D(#5111,#5112,#5110,1.,#5113);
#5115=IFCMAPPEDITEM(#5102,#5114);
#5116=IFCSHAPEREPRESENTATION(#25,'Annotation','MappedRepresentation',(#5115));
#5142=IFCWINDOWTYPE('1qByKg07f7vBqOIsG1ryDz',$,'LIVING-GF',$,$,(#5143),(#5152,#5200,#5222),$,$,.WINDOW.,.SINGLE_PANEL.,$,$);
#5143=IFCPROPERTYSET('2f$SBCrVHBLevTCi2qc7QP',$,'BBIM_Window',$,(#5144));
#5144=IFCPROPERTYSINGLEVALUE('Data',$,IFCTEXT('{"window_type": "SINGLE_PANEL", "overall_height": 0.8999999761581421, "overall_width": 0.6515599489212036, "lining_properties": {"lining_depth": 0.05000000074505806, "lining_thickness": 0.05000000074505806, "lining_offset": 0.05000000074505806, "lining_to_panel_offset_x": 0.02500000037252903, "lining_to_panel_offset_y": 0.02500000037252903}, "panel_properties": {"frame_depth": [0.03500000014901161, 0.03500000014901161, 0.03500000014901161], "frame_thickness": [0.03500000014901161, 0.03500000014901161, 0.03500000014901161]}}'),$);
#5148=IFCCARTESIANPOINT((0.,0.,0.));
#5149=IFCDIRECTION((1.,0.,0.));
#5150=IFCDIRECTION((0.,0.,1.));
#5151=IFCAXIS2PLACEMENT3D(#5148,#5150,#5149);
#5152=IFCREPRESENTATIONMAP(#5151,#7175);
#5196=IFCCARTESIANPOINT((0.,0.,0.));
#5197=IFCDIRECTION((1.,0.,0.));
#5198=IFCDIRECTION((0.,0.,1.));
#5199=IFCAXIS2PLACEMENT3D(#5196,#5198,#5197);
#5200=IFCREPRESENTATIONMAP(#5199,#7218);
#5218=IFCCARTESIANPOINT((0.,0.,0.));
#5219=IFCDIRECTION((1.,0.,0.));
#5220=IFCDIRECTION((0.,0.,1.));
#5221=IFCAXIS2PLACEMENT3D(#5218,#5220,#5219);
#5222=IFCREPRESENTATIONMAP(#5221,#7235);
#5262=IFCCARTESIANPOINTLIST3D(((0.,0.,0.),(0.89999997615814209,0.,0.),(0.89999997615814209,0.,2.),(0.,0.,2.)));
#5263=IFCINDEXEDPOLYCURVE(#5262,(IFCLINEINDEX((1,2,3,4,1))),$);
#5264=IFCSHAPEREPRESENTATION(#18,'Profile','Curve3D',(#5263));
#5265=IFCCARTESIANPOINTLIST2D(((0.,0.),(0.,2.),(0.89999997615814209,2.),(0.89999997615814209,0.),(0.84999997541308403,0.),(0.84999997541308403,1.9499999992549419),(0.05000000074505806,1.9499999992549419),(0.05000000074505806,0.)));
#5266=IFCINDEXEDPOLYCURVE(#5265,(IFCLINEINDEX((1,2,3,4,5,6,7,8,1))),$);
#5267=IFCARBITRARYCLOSEDPROFILEDEF(.AREA.,$,#5266);
#5268=IFCCARTESIANPOINT((0.,0.,0.));
#5269=IFCDIRECTION((0.,-1.,0.));
#5270=IFCDIRECTION((1.,0.,0.));
#5271=IFCAXIS2PLACEMENT3D(#5268,#5269,#5270);
#5272=IFCDIRECTION((0.,0.,-1.));
#5273=IFCEXTRUDEDAREASOLID(#5267,#5271,#5272,0.05000000074505806);
#5274=IFCCARTESIANPOINTLIST2D(((0.,0.),(0.79999997466802597,0.),(0.79999997466802597,0.10000000149011612),(0.,0.10000000149011612)));
#5275=IFCINDEXEDPOLYCURVE(#5274,(IFCLINEINDEX((1,2,3,4,1))),$);
#5276=IFCARBITRARYCLOSEDPROFILEDEF(.AREA.,$,#5275);
#5277=IFCCARTESIANPOINT((0.05000000074505806,0.,0.));
#5278=IFCDIRECTION((0.,0.,1.));
#5279=IFCDIRECTION((1.,0.,0.));
#5280=IFCAXIS2PLACEMENT3D(#5277,#5278,#5279);
#5281=IFCDIRECTION((0.,0.,1.));
#5282=IFCEXTRUDEDAREASOLID(#5276,#5280,#5281,0.02500000037252903);
#5283=IFCCARTESIANPOINTLIST2D(((0.,0.),(0.,2.0250000022351742),(0.94999998062849045,2.0250000022351742),(0.94999998062849045,0.),(0.87499997764825821,0.),(0.87499997764825821,1.9499999992549419),(0.075000002980232239,1.9499999992549419),(0.075000002980232239,0.)));
#5284=IFCINDEXEDPOLYCURVE(#5283,(IFCLINEINDEX((1,2,3,4,5,6,7,8,1))),$);
#5285=IFCARBITRARYCLOSEDPROFILEDEF(.AREA.,$,#5284);
#5286=IFCCARTESIANPOINT((-0.025000002235174179,-0.004999999888241291,0.));
#5287=IFCDIRECTION((0.,-1.,0.));
#5288=IFCDIRECTION((1.,0.,0.));
#5289=IFCAXIS2PLACEMENT3D(#5286,#5287,#5288);
#5290=IFCDIRECTION((0.,0.,-1.));
#5291=IFCEXTRUDEDAREASOLID(#5285,#5289,#5290,0.004999999888241291);
#5292=IFCCARTESIANPOINTLIST2D(((0.,0.),(0.,2.0250000022351742),(0.94999998062849045,2.0250000022351742),(0.94999998062849045,0.),(0.87499997764825821,0.),(0.87499997764825821,1.9499999992549419),(0.075000002980232239,1.9499999992549419),(0.075000002980232239,0.)));
#5293=IFCINDEXEDPOLYCURVE(#5292,(IFCLINEINDEX((1,2,3,4,5,6,7,8,1))),$);
#5294=IFCARBITRARYCLOSEDPROFILEDEF(.AREA.,$,#5293);
#5295=IFCCARTESIANPOINT((-0.025000002235174179,0.05000000074505806,0.));
#5296=IFCDIRECTION((0.,-1.,0.));
#5297=IFCDIRECTION((1.,0.,0.));
#5298=IFCAXIS2PLACEMENT3D(#5295,#5296,#5297);
#5299=IFCDIRECTION((0.,0.,-1.));
#5300=IFCEXTRUDEDAREASOLID(#5294,#5298,#5299,0.004999999888241291);
#5301=IFCCARTESIANPOINTLIST2D(((0.,0.),(0.79999997466802597,0.),(0.79999997466802597,0.0057963468134403229),(0.,0.0057963468134403229)));
#5302=IFCINDEXEDPOLYCURVE(#5301,(IFCLINEINDEX((1,2,3,4,1))),$);
#5303=IFCARBITRARYCLOSEDPROFILEDEF(.AREA.,$,#5302);
#5304=IFCCARTESIANPOINT((0.05000000074505806,-0.0057963468134403229,0.02500000037252903));
#5305=IFCDIRECTION((0.,0.,1.));
#5306=IFCDIRECTION((1.,0.,0.));
#5307=IFCAXIS2PLACEMENT3D(#5304,#5305,#5306);
#5308=IFCDIRECTION((0.,0.,1.));
#5309=IFCEXTRUDEDAREASOLID(#5303,#5307,#5308,1.9249999988824129);
#5310=IFCCARTESIANPOINTLIST2D(((0.,0.),(0.,-0.040000000000000001),(0.12,-0.040000000000000001),(0.12,-0.02),(0.02,-0.02),(0.02,0.)));
#5311=IFCINDEXEDPOLYCURVE(#5310,(IFCLINEINDEX((1,2,3,4,5,6,1))),$);
#5312=IFCARBITRARYCLOSEDPROFILEDEF(.AREA.,$,#5311);
#5313=IFCCARTESIANPOINT((0.10000000074505806,-0.0057963468134403229,1.015000000372529));
#5314=IFCDIRECTION((0.,0.,1.));
#5315=IFCDIRECTION((1.,0.,0.));
#5316=IFCAXIS2PLACEMENT3D(#5313,#5314,#5315);
#5317=IFCDIRECTION((0.,0.,1.));
#5318=IFCEXTRUDEDAREASOLID(#5312,#5316,#5317,0.02);
#5319=IFCEXTRUDEDAREASOLID(#5320,#5323,#5327,0.02);
#5320=IFCARBITRARYCLOSEDPROFILEDEF(.AREA.,$,#5321);
#5321=IFCINDEXEDPOLYCURVE(#5322,(IFCLINEINDEX((1,2,3,4,5,6,1))),$);
#5322=IFCCARTESIANPOINTLIST2D(((0.,0.),(0.,0.040000000000000001),(0.11999999999999998,0.040000000000000001),(0.11999999999999998,0.02),(0.020000000000000004,0.02),(0.020000000000000004,0.)));
#5323=IFCAXIS2PLACEMENT3D(#5324,#5325,#5326);
#5324=IFCCARTESIANPOINT((0.10000000074505806,0.,1.015000000372529));
#5325=IFCDIRECTION((0.,0.,1.));
#5326=IFCDIRECTION((1.,0.,0.));
#5327=IFCDIRECTION((0.,0.,1.));
#5328=IFCSHAPEREPRESENTATION(#11,'Body','SweptSolid',(#5273,#5309,#5318,#5319,#5282,#5291,#5300));
#5329=IFCCARTESIANPOINTLIST2D(((0.,0.),(0.05000000074505806,0.),(0.05000000074505806,0.05000000074505806),(0.,0.05000000074505806)));
#5330=IFCINDEXEDPOLYCURVE(#5329,(IFCLINEINDEX((1,2,3,4,1))),$);
#5331=IFCINDEXEDPOLYCURVE(#5332,(IFCLINEINDEX((1,2,3,4,1))),$);
#5332=IFCCARTESIANPOINTLIST2D(((0.89999997615814209,0.),(0.84999997541308403,0.),(0.84999997541308403,0.05000000074505806),(0.89999997615814209,0.05000000074505806)));
#5333=IFCCARTESIANPOINTLIST2D(((1.249999962747097,-0.0057963468134403229),(0.44999998807907104,-0.0057963468134403229),(0.44999998807907104,0.),(1.249999962747097,0.)));
#5334=IFCINDEXEDPOLYCURVE(#5333,(IFCLINEINDEX((1,2,3,4,1))),$);
#5335=IFCSHAPEREPRESENTATION(#24,'Body','Curve2D',(#5330,#5331,#5334));
#5336=IFCCARTESIANPOINTLIST2D(((0.32999999187886714,-0.052383774931894056),(0.56999998427927501,-0.052383774931894056)));
#5337=IFCINDEXEDPOLYCURVE(#5336,$,$);
#5338=IFCCARTESIANPOINTLIST2D(((0.35999999187886711,-0.021325489519591567),(0.32999999187886714,-0.052383774931894056),(0.35999999187886711,-0.083442060344196545)));
#5339=IFCINDEXEDPOLYCURVE(#5338,$,$);
#5340=IFCSHAPEREPRESENTATION(#25,'Annotation','Curve2D',(#5337,#5339));
#5341=IFCCARTESIANPOINTLIST2D(((0.,0.),(0.89999997615814209,0.),(0.89999997615814209,2.),(0.,2.)));
#5342=IFCINDEXEDPOLYCURVE(#5341,(IFCLINEINDEX((1,2,3,4,1))),$);
#5343=IFCARBITRARYCLOSEDPROFILEDEF(.AREA.,$,#5342);
#5344=IFCCARTESIANPOINT((0.,-0.60000002384185791,0.));
#5345=IFCDIRECTION((0.,-1.,0.));
#5346=IFCDIRECTION((1.,0.,0.));
#5347=IFCAXIS2PLACEMENT3D(#5344,#5345,#5346);
#5348=IFCDIRECTION((0.,0.,-1.));
#5349=IFCEXTRUDEDAREASOLID(#5343,#5347,#5348,1.2);
#5350=IFCSHAPEREPRESENTATION(#11,'Body','SweptSolid',(#5349));
#5356=IFCCARTESIANPOINT((1.2546827097766855,0.099999904632568359,0.));
#5357=IFCDIRECTION((0.,0.,1.));
#5358=IFCDIRECTION((-0.99999999999998868,1.5099580252808492E-07,0.));
#5359=IFCAXIS2PLACEMENT3D(#5356,#5357,#5358);
#5360=IFCLOCALPLACEMENT(#8550,#5359);
#5361=IFCCARTESIANPOINT((0.,0.,0.));
#5362=IFCDIRECTION((0.,0.,1.));
#5363=IFCDIRECTION((1.,0.,0.));
#5364=IFCAXIS2PLACEMENT3D(#5361,#5362,#5363);
#5365=IFCLOCALPLACEMENT(#5360,#5364);
#5366=IFCWINDOW('3_RVjl9KrB7OmRnoEjhKVz',$,'Window',$,$,#5430,#5375,$,0.89999997615814209,0.65155994892120361,$,$,$);
#5367=IFCRELDEFINESBYTYPE('16NOuFscj24haYzHN24EVS',$,$,$,(#5431,#5366),#5142);
#5368=IFCCARTESIANPOINT((0.,0.,0.));
#5369=IFCDIRECTION((1.,0.,0.));
#5370=IFCDIRECTION((0.,1.,0.));
#5371=IFCDIRECTION((0.,0.,1.));
#5372=IFCCARTESIANTRANSFORMATIONOPERATOR3D(#5369,#5370,#5368,1.,#5371);
#5373=IFCMAPPEDITEM(#5152,#5372);
#5374=IFCSHAPEREPRESENTATION(#18,'Profile','MappedRepresentation',(#5373));
#5375=IFCPRODUCTDEFINITIONSHAPE($,$,(#5374,#5382,#5389));
#5376=IFCCARTESIANPOINT((0.,0.,0.));
#5377=IFCDIRECTION((1.,0.,0.));
#5378=IFCDIRECTION((0.,1.,0.));
#5379=IFCDIRECTION((0.,0.,1.));
#5380=IFCCARTESIANTRANSFORMATIONOPERATOR3D(#5377,#5378,#5376,1.,#5379);
#5381=IFCMAPPEDITEM(#5200,#5380);
#5382=IFCSHAPEREPRESENTATION(#11,'Body','MappedRepresentation',(#5381));
#5383=IFCCARTESIANPOINT((0.,0.,0.));
#5384=IFCDIRECTION((1.,0.,0.));
#5385=IFCDIRECTION((0.,1.,0.));
#5386=IFCDIRECTION((0.,0.,1.));
#5387=IFCCARTESIANTRANSFORMATIONOPERATOR3D(#5384,#5385,#5383,1.,#5386);
#5388=IFCMAPPEDITEM(#5222,#5387);
#5389=IFCSHAPEREPRESENTATION(#24,'Body','MappedRepresentation',(#5388));
#5420=IFCCARTESIANPOINT((2.394359995924757,0.099999904632568359,1.));
#5421=IFCDIRECTION((0.,0.,1.));
#5422=IFCDIRECTION((-0.99999999999998868,1.5099580252808492E-07,0.));
#5423=IFCAXIS2PLACEMENT3D(#5420,#5421,#5422);
#5424=IFCLOCALPLACEMENT(#8550,#5423);
#5426=IFCCARTESIANPOINT((4.4408920985006262E-16,0.,0.));
#5427=IFCDIRECTION((0.,0.,1.));
#5428=IFCDIRECTION((1.,0.,0.));
#5429=IFCAXIS2PLACEMENT3D(#5426,#5427,#5428);
#5430=IFCLOCALPLACEMENT(#5424,#5429);
#5431=IFCWINDOW('1CxwGsVej7KBYfkOYQPNO1',$,'Window',$,$,#7260,#5439,$,0.89999997615814209,0.65155994892120361,$,.SINGLE_PANEL.,$);
#5432=IFCCARTESIANPOINT((0.,0.,0.));
#5433=IFCDIRECTION((1.,0.,0.));
#5434=IFCDIRECTION((0.,1.,0.));
#5435=IFCDIRECTION((0.,0.,1.));
#5436=IFCCARTESIANTRANSFORMATIONOPERATOR3D(#5433,#5434,#5432,1.,#5435);
#5437=IFCMAPPEDITEM(#5152,#5436);
#5438=IFCSHAPEREPRESENTATION(#18,'Profile','MappedRepresentation',(#5437));
#5439=IFCPRODUCTDEFINITIONSHAPE($,$,(#5438,#5446,#5453));
#5440=IFCCARTESIANPOINT((0.,0.,0.));
#5441=IFCDIRECTION((1.,0.,0.));
#5442=IFCDIRECTION((0.,1.,0.));
#5443=IFCDIRECTION((0.,0.,1.));
#5444=IFCCARTESIANTRANSFORMATIONOPERATOR3D(#5441,#5442,#5440,1.,#5443);
#5445=IFCMAPPEDITEM(#5200,#5444);
#5446=IFCSHAPEREPRESENTATION(#11,'Body','MappedRepresentation',(#5445));
#5447=IFCCARTESIANPOINT((0.,0.,0.));
#5448=IFCDIRECTION((1.,0.,0.));
#5449=IFCDIRECTION((0.,1.,0.));
#5450=IFCDIRECTION((0.,0.,1.));
#5451=IFCCARTESIANTRANSFORMATIONOPERATOR3D(#5448,#5449,#5447,1.,#5450);
#5452=IFCMAPPEDITEM(#5222,#5451);
#5453=IFCSHAPEREPRESENTATION(#24,'Body','MappedRepresentation',(#5452));
#5454=IFCOPENINGELEMENT('2vYaQ1he1F08QlNGGHLfjH',$,'Opening',$,$,#7255,#5482,$,.OPENING.);
#5470=IFCCARTESIANPOINT((0.,0.,0.));
#5471=IFCDIRECTION((1.,0.,0.));
#5472=IFCDIRECTION((0.,0.,1.));
#5473=IFCAXIS2PLACEMENT3D(#5470,#5472,#5471);
#5474=IFCREPRESENTATIONMAP(#5473,#7245);
#5475=IFCCARTESIANPOINT((0.,0.,0.));
#5476=IFCDIRECTION((1.,0.,0.));
#5477=IFCDIRECTION((0.,1.,0.));
#5478=IFCDIRECTION((0.,0.,1.));
#5479=IFCCARTESIANTRANSFORMATIONOPERATOR3D(#5476,#5477,#5475,1.,#5478);
#5480=IFCMAPPEDITEM(#5474,#5479);
#5481=IFCSHAPEREPRESENTATION(#11,'Body','MappedRepresentation',(#5480));
#5482=IFCPRODUCTDEFINITIONSHAPE($,$,(#5481));
#5483=IFCRELVOIDSELEMENT('1req$fqN11OA5v8SH6iytt',$,$,$,#123,#5454);
#5489=IFCRELFILLSELEMENT('3wJRYB4fjDGg0$6xvmgSu3',$,$,$,#5454,#5431);
#5591=IFCCARTESIANPOINTLIST2D(((0.,0.),(0.,2.),(1.3582719564437866,2.),(1.3582719564437866,0.),(1.3332719560712576,0.),(1.3332719560712576,1.974999999627471),(0.02500000037252903,1.974999999627471),(0.02500000037252903,0.)));
#5592=IFCINDEXEDPOLYCURVE(#5591,(IFCLINEINDEX((1,2,3,4,5,6,7,8,1))),$);
#5593=IFCARBITRARYCLOSEDPROFILEDEF(.AREA.,$,#5592);
#5594=IFCCARTESIANPOINT((0.,0.02500000037252903,0.));
#5595=IFCDIRECTION((0.,-1.,0.));
#5596=IFCDIRECTION((1.,0.,0.));
#5597=IFCAXIS2PLACEMENT3D(#5594,#5595,#5596);
#5598=IFCDIRECTION((0.,0.,-1.));
#5599=IFCEXTRUDEDAREASOLID(#5593,#5597,#5598,0.02500000037252903);
#5600=IFCCARTESIANPOINTLIST2D(((0.,0.),(0.,2.),(1.3582719564437866,2.),(1.3582719564437866,0.),(1.3082719556987286,0.),(1.3082719556987286,1.9499999992549419),(0.05000000074505806,1.9499999992549419),(0.05000000074505806,0.)));
#5601=IFCINDEXEDPOLYCURVE(#5600,(IFCLINEINDEX((1,2,3,4,5,6,7,8,1))),$);
#5602=IFCARBITRARYCLOSEDPROFILEDEF(.AREA.,$,#5601);
#5603=IFCCARTESIANPOINT((0.,0.,0.));
#5604=IFCDIRECTION((0.,-1.,0.));
#5605=IFCDIRECTION((1.,0.,0.));
#5606=IFCAXIS2PLACEMENT3D(#5603,#5604,#5605);
#5607=IFCDIRECTION((0.,0.,-1.));
#5608=IFCEXTRUDEDAREASOLID(#5602,#5606,#5607,0.02500000037252903);
#5609=IFCCARTESIANPOINTLIST2D(((0.,0.),(1.2582719549536705,0.),(1.2582719549536705,0.10000000149011612),(0.,0.10000000149011612)));
#5610=IFCINDEXEDPOLYCURVE(#5609,(IFCLINEINDEX((1,2,3,4,1))),$);
#5611=IFCARBITRARYCLOSEDPROFILEDEF(.AREA.,$,#5610);
#5612=IFCCARTESIANPOINT((0.05000000074505806,0.,0.));
#5613=IFCDIRECTION((0.,0.,1.));
#5614=IFCDIRECTION((1.,0.,0.));
#5615=IFCAXIS2PLACEMENT3D(#5612,#5613,#5614);
#5616=IFCDIRECTION((0.,0.,1.));
#5617=IFCEXTRUDEDAREASOLID(#5611,#5615,#5616,0.02500000037252903);
#5618=IFCCARTESIANPOINTLIST2D(((0.,0.),(0.,2.0250000022351742),(1.408271960914135,2.0250000022351742),(1.408271960914135,0.),(1.3332719579339027,0.),(1.3332719579339027,1.9499999992549419),(0.075000002980232239,1.9499999992549419),(0.075000002980232239,0.)));
#5619=IFCINDEXEDPOLYCURVE(#5618,(IFCLINEINDEX((1,2,3,4,5,6,7,8,1))),$);
#5620=IFCARBITRARYCLOSEDPROFILEDEF(.AREA.,$,#5619);
#5621=IFCCARTESIANPOINT((-0.025000002235174179,-0.004999999888241291,0.));
#5622=IFCDIRECTION((0.,-1.,0.));
#5623=IFCDIRECTION((1.,0.,0.));
#5624=IFCAXIS2PLACEMENT3D(#5621,#5622,#5623);
#5625=IFCDIRECTION((0.,0.,-1.));
#5626=IFCEXTRUDEDAREASOLID(#5620,#5624,#5625,0.004999999888241291);
#5627=IFCCARTESIANPOINTLIST2D(((0.,0.),(0.,2.0250000022351742),(1.408271960914135,2.0250000022351742),(1.408271960914135,0.),(1.3582719583064318,0.),(1.3582719583064318,1.974999999627471),(0.050000002607703209,1.974999999627471),(0.050000002607703209,0.)));
#5628=IFCINDEXEDPOLYCURVE(#5627,(IFCLINEINDEX((1,2,3,4,5,6,7,8,1))),$);
#5629=IFCARBITRARYCLOSEDPROFILEDEF(.AREA.,$,#5628);
#5630=IFCCARTESIANPOINT((-0.025000002235174179,0.05000000074505806,0.));
#5631=IFCDIRECTION((0.,-1.,0.));
#5632=IFCDIRECTION((1.,0.,0.));
#5633=IFCAXIS2PLACEMENT3D(#5630,#5631,#5632);
#5634=IFCDIRECTION((0.,0.,-1.));
#5635=IFCEXTRUDEDAREASOLID(#5629,#5633,#5634,0.004999999888241291);
#5636=IFCCARTESIANPOINTLIST2D(((0.,0.),(1.3082719556987286,0.),(1.3082719556987286,0.035000000149011612),(0.,0.035000000149011612)));
#5637=IFCINDEXEDPOLYCURVE(#5636,(IFCLINEINDEX((1,2,3,4,1))),$);
#5638=IFCARBITRARYCLOSEDPROFILEDEF(.AREA.,$,#5637);
#5639=IFCCARTESIANPOINT((0.02500000037252903,0.02500000037252903,0.02500000037252903));
#5640=IFCDIRECTION((0.,0.,1.));
#5641=IFCDIRECTION((1.,0.,0.));
#5642=IFCAXIS2PLACEMENT3D(#5639,#5640,#5641);
#5643=IFCDIRECTION((0.,0.,1.));
#5644=IFCEXTRUDEDAREASOLID(#5638,#5642,#5643,1.9499999992549419);
#5645=IFCCARTESIANPOINTLIST2D(((0.,0.),(0.,-0.040000000000000001),(0.12,-0.040000000000000001),(0.12,-0.02),(0.02,-0.02),(0.02,0.)));
#5646=IFCINDEXEDPOLYCURVE(#5645,(IFCLINEINDEX((1,2,3,4,5,6,1))),$);
#5647=IFCARBITRARYCLOSEDPROFILEDEF(.AREA.,$,#5646);
#5648=IFCCARTESIANPOINT((0.075000000372529033,0.02500000037252903,1.015000000372529));
#5649=IFCDIRECTION((0.,0.,1.));
#5650=IFCDIRECTION((1.,0.,0.));
#5651=IFCAXIS2PLACEMENT3D(#5648,#5649,#5650);
#5652=IFCDIRECTION((0.,0.,1.));
#5653=IFCEXTRUDEDAREASOLID(#5647,#5651,#5652,0.02);
#5654=IFCEXTRUDEDAREASOLID(#5655,#5658,#5662,0.02);
#5655=IFCARBITRARYCLOSEDPROFILEDEF(.AREA.,$,#5656);
#5656=IFCINDEXEDPOLYCURVE(#5657,(IFCLINEINDEX((1,2,3,4,5,6,1))),$);
#5657=IFCCARTESIANPOINTLIST2D(((0.,0.),(0.,0.040000000000000008),(0.11999999999999998,0.040000000000000008),(0.11999999999999998,0.020000000000000004),(0.020000000000000004,0.020000000000000004),(0.020000000000000004,0.)));
#5658=IFCAXIS2PLACEMENT3D(#5659,#5660,#5661);
#5659=IFCCARTESIANPOINT((0.075000000372529033,0.060000000521540642,1.015000000372529));
#5660=IFCDIRECTION((0.,0.,1.));
#5661=IFCDIRECTION((1.,0.,0.));
#5662=IFCDIRECTION((0.,0.,1.));
#5691=IFCCARTESIANPOINTLIST2D(((0.,0.),(0.,2.),(1.3582719564437866,2.),(1.3582719564437866,0.),(1.3332719560712576,0.),(1.3332719560712576,1.974999999627471),(0.02500000037252903,1.974999999627471),(0.02500000037252903,0.)));
#5692=IFCINDEXEDPOLYCURVE(#5691,(IFCLINEINDEX((1,2,3,4,5,6,7,8,1))),$);
#5693=IFCARBITRARYCLOSEDPROFILEDEF(.AREA.,$,#5692);
#5694=IFCCARTESIANPOINT((0.,0.02500000037252903,0.));
#5695=IFCDIRECTION((0.,-1.,0.));
#5696=IFCDIRECTION((1.,0.,0.));
#5697=IFCAXIS2PLACEMENT3D(#5694,#5695,#5696);
#5698=IFCDIRECTION((0.,0.,-1.));
#5699=IFCEXTRUDEDAREASOLID(#5693,#5697,#5698,0.02500000037252903);
#5700=IFCCARTESIANPOINTLIST2D(((0.,0.),(0.,2.),(1.3582719564437866,2.),(1.3582719564437866,0.),(1.3082719556987286,0.),(1.3082719556987286,1.9499999992549419),(0.05000000074505806,1.9499999992549419),(0.05000000074505806,0.)));
#5701=IFCINDEXEDPOLYCURVE(#5700,(IFCLINEINDEX((1,2,3,4,5,6,7,8,1))),$);
#5702=IFCARBITRARYCLOSEDPROFILEDEF(.AREA.,$,#5701);
#5703=IFCCARTESIANPOINT((0.,0.,0.));
#5704=IFCDIRECTION((0.,-1.,0.));
#5705=IFCDIRECTION((1.,0.,0.));
#5706=IFCAXIS2PLACEMENT3D(#5703,#5704,#5705);
#5707=IFCDIRECTION((0.,0.,-1.));
#5708=IFCEXTRUDEDAREASOLID(#5702,#5706,#5707,0.02500000037252903);
#5709=IFCCARTESIANPOINTLIST2D(((0.,0.),(1.2582719549536705,0.),(1.2582719549536705,0.10000000149011612),(0.,0.10000000149011612)));
#5710=IFCINDEXEDPOLYCURVE(#5709,(IFCLINEINDEX((1,2,3,4,1))),$);
#5711=IFCARBITRARYCLOSEDPROFILEDEF(.AREA.,$,#5710);
#5712=IFCCARTESIANPOINT((0.05000000074505806,0.,0.));
#5713=IFCDIRECTION((0.,0.,1.));
#5714=IFCDIRECTION((1.,0.,0.));
#5715=IFCAXIS2PLACEMENT3D(#5712,#5713,#5714);
#5716=IFCDIRECTION((0.,0.,1.));
#5717=IFCEXTRUDEDAREASOLID(#5711,#5715,#5716,0.02500000037252903);
#5718=IFCCARTESIANPOINTLIST2D(((0.,0.),(0.,2.0250000022351742),(1.408271960914135,2.0250000022351742),(1.408271960914135,0.),(1.3332719579339027,0.),(1.3332719579339027,1.9499999992549419),(0.075000002980232239,1.9499999992549419),(0.075000002980232239,0.)));
#5719=IFCINDEXEDPOLYCURVE(#5718,(IFCLINEINDEX((1,2,3,4,5,6,7,8,1))),$);
#5720=IFCARBITRARYCLOSEDPROFILEDEF(.AREA.,$,#5719);
#5721=IFCCARTESIANPOINT((-0.025000002235174179,-0.004999999888241291,0.));
#5722=IFCDIRECTION((0.,-1.,0.));
#5723=IFCDIRECTION((1.,0.,0.));
#5724=IFCAXIS2PLACEMENT3D(#5721,#5722,#5723);
#5725=IFCDIRECTION((0.,0.,-1.));
#5726=IFCEXTRUDEDAREASOLID(#5720,#5724,#5725,0.004999999888241291);
#5727=IFCCARTESIANPOINTLIST2D(((0.,0.),(0.,2.0250000022351742),(1.408271960914135,2.0250000022351742),(1.408271960914135,0.),(1.3582719583064318,0.),(1.3582719583064318,1.974999999627471),(0.050000002607703209,1.974999999627471),(0.050000002607703209,0.)));
#5728=IFCINDEXEDPOLYCURVE(#5727,(IFCLINEINDEX((1,2,3,4,5,6,7,8,1))),$);
#5729=IFCARBITRARYCLOSEDPROFILEDEF(.AREA.,$,#5728);
#5730=IFCCARTESIANPOINT((-0.025000002235174179,0.05000000074505806,0.));
#5731=IFCDIRECTION((0.,-1.,0.));
#5732=IFCDIRECTION((1.,0.,0.));
#5733=IFCAXIS2PLACEMENT3D(#5730,#5731,#5732);
#5734=IFCDIRECTION((0.,0.,-1.));
#5735=IFCEXTRUDEDAREASOLID(#5729,#5733,#5734,0.004999999888241291);
#5736=IFCCARTESIANPOINTLIST2D(((0.,0.),(1.3082719556987286,0.),(1.3082719556987286,0.011438045650720596),(0.,0.011438045650720596)));
#5737=IFCINDEXEDPOLYCURVE(#5736,(IFCLINEINDEX((1,2,3,4,1))),$);
#5738=IFCARBITRARYCLOSEDPROFILEDEF(.AREA.,$,#5737);
#5739=IFCCARTESIANPOINT((0.02500000037252903,0.02500000037252903,0.02500000037252903));
#5740=IFCDIRECTION((0.,0.,1.));
#5741=IFCDIRECTION((1.,0.,0.));
#5742=IFCAXIS2PLACEMENT3D(#5739,#5740,#5741);
#5743=IFCDIRECTION((0.,0.,1.));
#5744=IFCEXTRUDEDAREASOLID(#5738,#5742,#5743,1.9499999992549419);
#5745=IFCCARTESIANPOINTLIST2D(((0.,0.),(0.,-0.040000000000000001),(0.12,-0.040000000000000001),(0.12,-0.02),(0.02,-0.02),(0.02,0.)));
#5746=IFCINDEXEDPOLYCURVE(#5745,(IFCLINEINDEX((1,2,3,4,5,6,1))),$);
#5747=IFCARBITRARYCLOSEDPROFILEDEF(.AREA.,$,#5746);
#5748=IFCCARTESIANPOINT((0.075000000372529033,0.02500000037252903,1.015000000372529));
#5749=IFCDIRECTION((0.,0.,1.));
#5750=IFCDIRECTION((1.,0.,0.));
#5751=IFCAXIS2PLACEMENT3D(#5748,#5749,#5750);
#5752=IFCDIRECTION((0.,0.,1.));
#5753=IFCEXTRUDEDAREASOLID(#5747,#5751,#5752,0.02);
#5754=IFCEXTRUDEDAREASOLID(#5755,#5758,#5762,0.02);
#5755=IFCARBITRARYCLOSEDPROFILEDEF(.AREA.,$,#5756);
#5756=IFCINDEXEDPOLYCURVE(#5757,(IFCLINEINDEX((1,2,3,4,5,6,1))),$);
#5757=IFCCARTESIANPOINTLIST2D(((0.,0.),(0.,0.040000000000000008),(0.11999999999999998,0.040000000000000008),(0.11999999999999998,0.020000000000000004),(0.020000000000000004,0.020000000000000004),(0.020000000000000004,0.)));
#5758=IFCAXIS2PLACEMENT3D(#5759,#5760,#5761);
#5759=IFCCARTESIANPOINT((0.075000000372529033,0.036438046023249626,1.015000000372529));
#5760=IFCDIRECTION((0.,0.,1.));
#5761=IFCDIRECTION((1.,0.,0.));
#5762=IFCDIRECTION((0.,0.,1.));
#5791=IFCCARTESIANPOINTLIST2D(((0.,0.),(0.,2.),(1.3582719564437866,2.),(1.3582719564437866,0.),(1.3332719560712576,0.),(1.3332719560712576,1.974999999627471),(0.02500000037252903,1.974999999627471),(0.02500000037252903,0.)));
#5792=IFCINDEXEDPOLYCURVE(#5791,(IFCLINEINDEX((1,2,3,4,5,6,7,8,1))),$);
#5793=IFCARBITRARYCLOSEDPROFILEDEF(.AREA.,$,#5792);
#5794=IFCCARTESIANPOINT((0.,0.02500000037252903,0.));
#5795=IFCDIRECTION((0.,-1.,0.));
#5796=IFCDIRECTION((1.,0.,0.));
#5797=IFCAXIS2PLACEMENT3D(#5794,#5795,#5796);
#5798=IFCDIRECTION((0.,0.,-1.));
#5799=IFCEXTRUDEDAREASOLID(#5793,#5797,#5798,0.02500000037252903);
#5800=IFCCARTESIANPOINTLIST2D(((0.,0.),(0.,2.),(1.3582719564437866,2.),(1.3582719564437866,0.),(1.2716327458620071,0.),(1.2716327458620071,1.9133607894182205),(0.08663921058177948,1.9133607894182205),(0.08663921058177948,0.)));
#5801=IFCINDEXEDPOLYCURVE(#5800,(IFCLINEINDEX((1,2,3,4,5,6,7,8,1))),$);
#5802=IFCARBITRARYCLOSEDPROFILEDEF(.AREA.,$,#5801);
#5803=IFCCARTESIANPOINT((0.,0.,0.));
#5804=IFCDIRECTION((0.,-1.,0.));
#5805=IFCDIRECTION((1.,0.,0.));
#5806=IFCAXIS2PLACEMENT3D(#5803,#5804,#5805);
#5807=IFCDIRECTION((0.,0.,-1.));
#5808=IFCEXTRUDEDAREASOLID(#5802,#5806,#5807,0.02500000037252903);
#5809=IFCCARTESIANPOINTLIST2D(((0.,0.),(1.1849935352802277,0.),(1.1849935352802277,0.10000000149011612),(0.,0.10000000149011612)));
#5810=IFCINDEXEDPOLYCURVE(#5809,(IFCLINEINDEX((1,2,3,4,1))),$);
#5811=IFCARBITRARYCLOSEDPROFILEDEF(.AREA.,$,#5810);
#5812=IFCCARTESIANPOINT((0.08663921058177948,0.,0.));
#5813=IFCDIRECTION((0.,0.,1.));
#5814=IFCDIRECTION((1.,0.,0.));
#5815=IFCAXIS2PLACEMENT3D(#5812,#5813,#5814);
#5816=IFCDIRECTION((0.,0.,1.));
#5817=IFCEXTRUDEDAREASOLID(#5811,#5815,#5816,0.02500000037252903);
#5818=IFCCARTESIANPOINTLIST2D(((0.,0.),(0.,2.),(1.3582719564437866,2.),(1.3582719564437866,0.),(1.2815970629453659,0.),(1.2815970629453659,1.9233251065015793),(0.076674893498420715,1.9233251065015793),(0.076674893498420715,0.)));
#5819=IFCINDEXEDPOLYCURVE(#5818,(IFCLINEINDEX((1,2,3,4,5,6,7,8,1))),$);
#5820=IFCARBITRARYCLOSEDPROFILEDEF(.AREA.,$,#5819);
#5821=IFCCARTESIANPOINT((0.,-0.004999999888241291,0.));
#5822=IFCDIRECTION((0.,-1.,0.));
#5823=IFCDIRECTION((1.,0.,0.));
#5824=IFCAXIS2PLACEMENT3D(#5821,#5822,#5823);
#5825=IFCDIRECTION((0.,0.,-1.));
#5826=IFCEXTRUDEDAREASOLID(#5820,#5824,#5825,0.004999999888241291);
#5827=IFCCARTESIANPOINTLIST2D(((0.,0.),(0.,2.),(1.3582719564437866,2.),(1.3582719564437866,0.),(1.3432362731546164,0.),(1.3432362731546164,1.9849643167108297),(0.015035683289170265,1.9849643167108297),(0.015035683289170265,0.)));
#5828=IFCINDEXEDPOLYCURVE(#5827,(IFCLINEINDEX((1,2,3,4,5,6,7,8,1))),$);
#5829=IFCARBITRARYCLOSEDPROFILEDEF(.AREA.,$,#5828);
#5830=IFCCARTESIANPOINT((0.,0.05000000074505806,0.));
#5831=IFCDIRECTION((0.,-1.,0.));
#5832=IFCDIRECTION((1.,0.,0.));
#5833=IFCAXIS2PLACEMENT3D(#5830,#5831,#5832);
#5834=IFCDIRECTION((0.,0.,-1.));
#5835=IFCEXTRUDEDAREASOLID(#5829,#5833,#5834,0.004999999888241291);
#5836=IFCCARTESIANPOINTLIST2D(((0.,0.),(1.3082719556987286,0.),(1.3082719556987286,0.011438045650720596),(0.,0.011438045650720596)));
#5837=IFCINDEXEDPOLYCURVE(#5836,(IFCLINEINDEX((1,2,3,4,1))),$);
#5838=IFCARBITRARYCLOSEDPROFILEDEF(.AREA.,$,#5837);
#5839=IFCCARTESIANPOINT((0.02500000037252903,0.02500000037252903,0.02500000037252903));
#5840=IFCDIRECTION((0.,0.,1.));
#5841=IFCDIRECTION((1.,0.,0.));
#5842=IFCAXIS2PLACEMENT3D(#5839,#5840,#5841);
#5843=IFCDIRECTION((0.,0.,1.));
#5844=IFCEXTRUDEDAREASOLID(#5838,#5842,#5843,1.9499999992549419);
#5845=IFCCARTESIANPOINTLIST2D(((0.,0.),(0.,-0.040000000000000001),(0.12,-0.040000000000000001),(0.12,-0.02),(0.02,-0.02),(0.02,0.)));
#5846=IFCINDEXEDPOLYCURVE(#5845,(IFCLINEINDEX((1,2,3,4,5,6,1))),$);
#5847=IFCARBITRARYCLOSEDPROFILEDEF(.AREA.,$,#5846);
#5848=IFCCARTESIANPOINT((0.075000000372529033,0.02500000037252903,1.015000000372529));
#5849=IFCDIRECTION((0.,0.,1.));
#5850=IFCDIRECTION((1.,0.,0.));
#5851=IFCAXIS2PLACEMENT3D(#5848,#5849,#5850);
#5852=IFCDIRECTION((0.,0.,1.));
#5853=IFCEXTRUDEDAREASOLID(#5847,#5851,#5852,0.02);
#5854=IFCEXTRUDEDAREASOLID(#5855,#5858,#5862,0.02);
#5855=IFCARBITRARYCLOSEDPROFILEDEF(.AREA.,$,#5856);
#5856=IFCINDEXEDPOLYCURVE(#5857,(IFCLINEINDEX((1,2,3,4,5,6,1))),$);
#5857=IFCCARTESIANPOINTLIST2D(((0.,0.),(0.,0.040000000000000008),(0.11999999999999998,0.040000000000000008),(0.11999999999999998,0.020000000000000004),(0.020000000000000004,0.020000000000000004),(0.020000000000000004,0.)));
#5858=IFCAXIS2PLACEMENT3D(#5859,#5860,#5861);
#5859=IFCCARTESIANPOINT((0.075000000372529033,0.036438046023249626,1.015000000372529));
#5860=IFCDIRECTION((0.,0.,1.));
#5861=IFCDIRECTION((1.,0.,0.));
#5862=IFCDIRECTION((0.,0.,1.));
#5891=IFCCARTESIANPOINTLIST2D(((0.,0.),(0.,2.),(1.4078836441040039,2.),(1.4078836441040039,0.),(1.3828836437314749,0.),(1.3828836437314749,1.974999999627471),(0.02500000037252903,1.974999999627471),(0.02500000037252903,0.)));
#5892=IFCINDEXEDPOLYCURVE(#5891,(IFCLINEINDEX((1,2,3,4,5,6,7,8,1))),$);
#5893=IFCARBITRARYCLOSEDPROFILEDEF(.AREA.,$,#5892);
#5894=IFCCARTESIANPOINT((0.,0.02500000037252903,0.));
#5895=IFCDIRECTION((0.,-1.,0.));
#5896=IFCDIRECTION((1.,0.,0.));
#5897=IFCAXIS2PLACEMENT3D(#5894,#5895,#5896);
#5898=IFCDIRECTION((0.,0.,-1.));
#5899=IFCEXTRUDEDAREASOLID(#5893,#5897,#5898,0.02500000037252903);
#5900=IFCCARTESIANPOINTLIST2D(((0.,0.),(0.,2.),(1.4078836441040039,2.),(1.4078836441040039,0.),(1.3212444335222244,0.),(1.3212444335222244,1.9133607894182205),(0.08663921058177948,1.9133607894182205),(0.08663921058177948,0.)));
#5901=IFCINDEXEDPOLYCURVE(#5900,(IFCLINEINDEX((1,2,3,4,5,6,7,8,1))),$);
#5902=IFCARBITRARYCLOSEDPROFILEDEF(.AREA.,$,#5901);
#5903=IFCCARTESIANPOINT((0.,0.,0.));
#5904=IFCDIRECTION((0.,-1.,0.));
#5905=IFCDIRECTION((1.,0.,0.));
#5906=IFCAXIS2PLACEMENT3D(#5903,#5904,#5905);
#5907=IFCDIRECTION((0.,0.,-1.));
#5908=IFCEXTRUDEDAREASOLID(#5902,#5906,#5907,0.02500000037252903);
#5909=IFCCARTESIANPOINTLIST2D(((0.,0.),(1.2346052229404449,0.),(1.2346052229404449,0.10000000149011612),(0.,0.10000000149011612)));
#5910=IFCINDEXEDPOLYCURVE(#5909,(IFCLINEINDEX((1,2,3,4,1))),$);
#5911=IFCARBITRARYCLOSEDPROFILEDEF(.AREA.,$,#5910);
#5912=IFCCARTESIANPOINT((0.08663921058177948,0.,0.));
#5913=IFCDIRECTION((0.,0.,1.));
#5914=IFCDIRECTION((1.,0.,0.));
#5915=IFCAXIS2PLACEMENT3D(#5912,#5913,#5914);
#5916=IFCDIRECTION((0.,0.,1.));
#5917=IFCEXTRUDEDAREASOLID(#5911,#5915,#5916,0.02500000037252903);
#5918=IFCCARTESIANPOINTLIST2D(((0.,0.),(0.,2.),(1.4078836441040039,2.),(1.4078836441040039,0.),(1.3312087506055832,0.),(1.3312087506055832,1.9233251065015793),(0.076674893498420715,1.9233251065015793),(0.076674893498420715,0.)));
#5919=IFCINDEXEDPOLYCURVE(#5918,(IFCLINEINDEX((1,2,3,4,5,6,7,8,1))),$);
#5920=IFCARBITRARYCLOSEDPROFILEDEF(.AREA.,$,#5919);
#5921=IFCCARTESIANPOINT((0.,-0.004999999888241291,0.));
#5922=IFCDIRECTION((0.,-1.,0.));
#5923=IFCDIRECTION((1.,0.,0.));
#5924=IFCAXIS2PLACEMENT3D(#5921,#5922,#5923);
#5925=IFCDIRECTION((0.,0.,-1.));
#5926=IFCEXTRUDEDAREASOLID(#5920,#5924,#5925,0.004999999888241291);
#5927=IFCCARTESIANPOINTLIST2D(((0.,0.),(0.,2.),(1.4078836441040039,2.),(1.4078836441040039,0.),(1.3928479608148336,0.),(1.3928479608148336,1.9849643167108297),(0.015035683289170265,1.9849643167108297),(0.015035683289170265,0.)));
#5928=IFCINDEXEDPOLYCURVE(#5927,(IFCLINEINDEX((1,2,3,4,5,6,7,8,1))),$);
#5929=IFCARBITRARYCLOSEDPROFILEDEF(.AREA.,$,#5928);
#5930=IFCCARTESIANPOINT((0.,0.05000000074505806,0.));
#5931=IFCDIRECTION((0.,-1.,0.));
#5932=IFCDIRECTION((1.,0.,0.));
#5933=IFCAXIS2PLACEMENT3D(#5930,#5931,#5932);
#5934=IFCDIRECTION((0.,0.,-1.));
#5935=IFCEXTRUDEDAREASOLID(#5929,#5933,#5934,0.004999999888241291);
#5936=IFCCARTESIANPOINTLIST2D(((0.,0.),(1.3578836433589458,0.),(1.3578836433589458,0.011438045650720596),(0.,0.011438045650720596)));
#5937=IFCINDEXEDPOLYCURVE(#5936,(IFCLINEINDEX((1,2,3,4,1))),$);
#5938=IFCARBITRARYCLOSEDPROFILEDEF(.AREA.,$,#5937);
#5939=IFCCARTESIANPOINT((0.02500000037252903,0.02500000037252903,0.02500000037252903));
#5940=IFCDIRECTION((0.,0.,1.));
#5941=IFCDIRECTION((1.,0.,0.));
#5942=IFCAXIS2PLACEMENT3D(#5939,#5940,#5941);
#5943=IFCDIRECTION((0.,0.,1.));
#5944=IFCEXTRUDEDAREASOLID(#5938,#5942,#5943,1.9499999992549419);
#5945=IFCCARTESIANPOINTLIST2D(((0.,0.),(0.,-0.040000000000000001),(0.12,-0.040000000000000001),(0.12,-0.02),(0.02,-0.02),(0.02,0.)));
#5946=IFCINDEXEDPOLYCURVE(#5945,(IFCLINEINDEX((1,2,3,4,5,6,1))),$);
#5947=IFCARBITRARYCLOSEDPROFILEDEF(.AREA.,$,#5946);
#5948=IFCCARTESIANPOINT((0.075000000372529033,0.02500000037252903,1.015000000372529));
#5949=IFCDIRECTION((0.,0.,1.));
#5950=IFCDIRECTION((1.,0.,0.));
#5951=IFCAXIS2PLACEMENT3D(#5948,#5949,#5950);
#5952=IFCDIRECTION((0.,0.,1.));
#5953=IFCEXTRUDEDAREASOLID(#5947,#5951,#5952,0.02);
#5954=IFCEXTRUDEDAREASOLID(#5955,#5958,#5962,0.02);
#5955=IFCARBITRARYCLOSEDPROFILEDEF(.AREA.,$,#5956);
#5956=IFCINDEXEDPOLYCURVE(#5957,(IFCLINEINDEX((1,2,3,4,5,6,1))),$);
#5957=IFCCARTESIANPOINTLIST2D(((0.,0.),(0.,0.040000000000000008),(0.11999999999999998,0.040000000000000008),(0.11999999999999998,0.020000000000000004),(0.020000000000000004,0.020000000000000004),(0.020000000000000004,0.)));
#5958=IFCAXIS2PLACEMENT3D(#5959,#5960,#5961);
#5959=IFCCARTESIANPOINT((0.075000000372529033,0.036438046023249626,1.015000000372529));
#5960=IFCDIRECTION((0.,0.,1.));
#5961=IFCDIRECTION((1.,0.,0.));
#5962=IFCDIRECTION((0.,0.,1.));
#5991=IFCCARTESIANPOINTLIST2D(((0.,0.),(0.60402429103851318,0.),(0.60402429103851318,0.89999997615814209),(0.,0.89999997615814209)));
#5992=IFCINDEXEDPOLYCURVE(#5991,(IFCLINEINDEX((1,2,3,4,1))),$);
#5993=IFCCARTESIANPOINTLIST2D(((0.02500000037252903,0.02500000037252903),(0.57902429066598415,0.02500000037252903),(0.57902429066598415,0.87499997578561306),(0.02500000037252903,0.87499997578561306)));
#5994=IFCINDEXEDPOLYCURVE(#5993,(IFCLINEINDEX((1,2,3,4,1))),$);
#5995=IFCARBITRARYPROFILEDEFWITHVOIDS(.AREA.,$,#5992,(#5994));
#5996=IFCCARTESIANPOINT((0.,0.090000001713633537,0.));
#5997=IFCDIRECTION((0.,-1.,0.));
#5998=IFCDIRECTION((1.,0.,0.));
#5999=IFCAXIS2PLACEMENT3D(#5996,#5997,#5998);
#6000=IFCDIRECTION((0.,0.,-1.));
#6001=IFCEXTRUDEDAREASOLID(#5995,#5999,#6000,0.0099999997764825821);
#6002=IFCCARTESIANPOINTLIST2D(((0.,0.),(0.60402429103851318,0.),(0.60402429103851318,0.89999997615814209),(0.,0.89999997615814209)));
#6003=IFCINDEXEDPOLYCURVE(#6002,(IFCLINEINDEX((1,2,3,4,1))),$);
#6004=IFCCARTESIANPOINTLIST2D(((0.05000000074505806,0.05000000074505806),(0.55402429029345512,0.05000000074505806),(0.55402429029345512,0.84999997541308403),(0.05000000074505806,0.84999997541308403)));
#6005=IFCINDEXEDPOLYCURVE(#6004,(IFCLINEINDEX((1,2,3,4,1))),$);
#6006=IFCARBITRARYPROFILEDEFWITHVOIDS(.AREA.,$,#6003,(#6005));
#6007=IFCCARTESIANPOINT((0.,0.05000000074505806,0.));
#6008=IFCDIRECTION((0.,-1.,0.));
#6009=IFCDIRECTION((1.,0.,0.));
#6010=IFCAXIS2PLACEMENT3D(#6007,#6008,#6009);
#6011=IFCDIRECTION((0.,0.,-1.));
#6012=IFCEXTRUDEDAREASOLID(#6006,#6010,#6011,0.040000000968575478);
#6013=IFCCARTESIANPOINTLIST2D(((0.,0.),(0.55402429029345512,0.),(0.55402429029345512,0.84999997541308403),(0.,0.84999997541308403)));
#6014=IFCINDEXEDPOLYCURVE(#6013,(IFCLINEINDEX((1,2,3,4,1))),$);
#6015=IFCCARTESIANPOINTLIST2D(((0.035000000149011612,0.035000000149011612),(0.51902429014444351,0.035000000149011612),(0.51902429014444351,0.81499997526407242),(0.035000000149011612,0.81499997526407242)));
#6016=IFCINDEXEDPOLYCURVE(#6015,(IFCLINEINDEX((1,2,3,4,1))),$);
#6017=IFCARBITRARYPROFILEDEFWITHVOIDS(.AREA.,$,#6014,(#6016));
#6018=IFCCARTESIANPOINT((0.02500000037252903,0.090000001713633537,0.02500000037252903));
#6019=IFCDIRECTION((0.,-1.,0.));
#6020=IFCDIRECTION((1.,0.,0.));
#6021=IFCAXIS2PLACEMENT3D(#6018,#6019,#6020);
#6022=IFCDIRECTION((0.,0.,-1.));
#6023=IFCEXTRUDEDAREASOLID(#6017,#6021,#6022,0.035000000149011612);
#6024=IFCINDEXEDPOLYCURVE(#6025,(IFCLINEINDEX((1,2,3,4,1))),$);
#6025=IFCCARTESIANPOINTLIST2D(((0.035000000149011612,0.035000000149011612),(0.51902429014444351,0.035000000149011612),(0.51902429014444351,0.81499997526407242),(0.035000000149011612,0.81499997526407242)));
#6026=IFCARBITRARYCLOSEDPROFILEDEF(.AREA.,$,#6024);
#6027=IFCCARTESIANPOINT((0.02500000037252903,0.10250000178813934,0.02500000037252903));
#6028=IFCDIRECTION((0.,-1.,0.));
#6029=IFCDIRECTION((1.,0.,0.));
#6030=IFCAXIS2PLACEMENT3D(#6027,#6028,#6029);
#6031=IFCDIRECTION((0.,0.,-1.));
#6032=IFCEXTRUDEDAREASOLID(#6026,#6030,#6031,0.01);
#6034=IFCSHAPEREPRESENTATION(#11,'Body','SweptSolid',(#7186,#7197,#6012,#6001));
#6035=IFCSHAPEASPECT((#6034),'Lining',$,.T.,#5439);
#6036=IFCSHAPEREPRESENTATION(#11,'Body','SweptSolid',(#7208,#6023));
#6037=IFCSHAPEASPECT((#6036),'Framing',$,.T.,#5439);
#6038=IFCSHAPEREPRESENTATION(#11,'Body','SweptSolid',(#7217,#6032));
#6039=IFCSHAPEASPECT((#6038),'Glazing',$,.T.,#5439);
#6085=IFCCARTESIANPOINTLIST2D(((0.,0.),(0.,2.),(1.4078836441040039,2.),(1.4078836441040039,0.),(1.3212444335222244,0.),(1.3212444335222244,1.9133607894182205),(0.08663921058177948,1.9133607894182205),(0.08663921058177948,0.)));
#6086=IFCINDEXEDPOLYCURVE(#6085,(IFCLINEINDEX((1,2,3,4,5,6,7,8,1))),$);
#6087=IFCARBITRARYCLOSEDPROFILEDEF(.AREA.,$,#6086);
#6088=IFCCARTESIANPOINT((0.,0.,0.));
#6089=IFCDIRECTION((0.,-1.,0.));
#6090=IFCDIRECTION((1.,0.,0.));
#6091=IFCAXIS2PLACEMENT3D(#6088,#6089,#6090);
#6092=IFCDIRECTION((0.,0.,-1.));
#6093=IFCEXTRUDEDAREASOLID(#6087,#6091,#6092,0.05000000074505806);
#6094=IFCCARTESIANPOINTLIST2D(((0.,0.),(1.2346052229404449,0.),(1.2346052229404449,0.10000000149011612),(0.,0.10000000149011612)));
#6095=IFCINDEXEDPOLYCURVE(#6094,(IFCLINEINDEX((1,2,3,4,1))),$);
#6096=IFCARBITRARYCLOSEDPROFILEDEF(.AREA.,$,#6095);
#6097=IFCCARTESIANPOINT((0.08663921058177948,0.,0.));
#6098=IFCDIRECTION((0.,0.,1.));
#6099=IFCDIRECTION((1.,0.,0.));
#6100=IFCAXIS2PLACEMENT3D(#6097,#6098,#6099);
#6101=IFCDIRECTION((0.,0.,1.));
#6102=IFCEXTRUDEDAREASOLID(#6096,#6100,#6101,0.02500000037252903);
#6103=IFCCARTESIANPOINTLIST2D(((0.,0.),(0.,2.),(1.4078836441040039,2.),(1.4078836441040039,0.),(1.3312087506055832,0.),(1.3312087506055832,1.9233251065015793),(0.076674893498420715,1.9233251065015793),(0.076674893498420715,0.)));
#6104=IFCINDEXEDPOLYCURVE(#6103,(IFCLINEINDEX((1,2,3,4,5,6,7,8,1))),$);
#6105=IFCARBITRARYCLOSEDPROFILEDEF(.AREA.,$,#6104);
#6106=IFCCARTESIANPOINT((0.,-0.004999999888241291,0.));
#6107=IFCDIRECTION((0.,-1.,0.));
#6108=IFCDIRECTION((1.,0.,0.));
#6109=IFCAXIS2PLACEMENT3D(#6106,#6107,#6108);
#6110=IFCDIRECTION((0.,0.,-1.));
#6111=IFCEXTRUDEDAREASOLID(#6105,#6109,#6110,0.004999999888241291);
#6112=IFCCARTESIANPOINTLIST2D(((0.,0.),(0.,2.),(1.4078836441040039,2.),(1.4078836441040039,0.),(1.3312087506055832,0.),(1.3312087506055832,1.9233251065015793),(0.076674893498420715,1.9233251065015793),(0.076674893498420715,0.)));
#6113=IFCINDEXEDPOLYCURVE(#6112,(IFCLINEINDEX((1,2,3,4,5,6,7,8,1))),$);
#6114=IFCARBITRARYCLOSEDPROFILEDEF(.AREA.,$,#6113);
#6115=IFCCARTESIANPOINT((0.,0.05000000074505806,0.));
#6116=IFCDIRECTION((0.,-1.,0.));
#6117=IFCDIRECTION((1.,0.,0.));
#6118=IFCAXIS2PLACEMENT3D(#6115,#6116,#6117);
#6119=IFCDIRECTION((0.,0.,-1.));
#6120=IFCEXTRUDEDAREASOLID(#6114,#6118,#6119,0.004999999888241291);
#6121=IFCCARTESIANPOINTLIST2D(((0.,0.),(1.2346052229404449,0.),(1.2346052229404449,0.011438045650720596),(0.,0.011438045650720596)));
#6122=IFCINDEXEDPOLYCURVE(#6121,(IFCLINEINDEX((1,2,3,4,1))),$);
#6123=IFCARBITRARYCLOSEDPROFILEDEF(.AREA.,$,#6122);
#6124=IFCCARTESIANPOINT((0.08663921058177948,-0.011438045650720596,0.02500000037252903));
#6125=IFCDIRECTION((0.,0.,1.));
#6126=IFCDIRECTION((1.,0.,0.));
#6127=IFCAXIS2PLACEMENT3D(#6124,#6125,#6126);
#6128=IFCDIRECTION((0.,0.,1.));
#6129=IFCEXTRUDEDAREASOLID(#6123,#6127,#6128,1.8883607890456915);
#6130=IFCCARTESIANPOINTLIST2D(((0.,0.),(0.,-0.040000000000000001),(0.12,-0.040000000000000001),(0.12,-0.02),(0.02,-0.02),(0.02,0.)));
#6131=IFCINDEXEDPOLYCURVE(#6130,(IFCLINEINDEX((1,2,3,4,5,6,1))),$);
#6132=IFCARBITRARYCLOSEDPROFILEDEF(.AREA.,$,#6131);
#6133=IFCCARTESIANPOINT((0.13663921058177947,-0.011438045650720596,1.015000000372529));
#6134=IFCDIRECTION((0.,0.,1.));
#6135=IFCDIRECTION((1.,0.,0.));
#6136=IFCAXIS2PLACEMENT3D(#6133,#6134,#6135);
#6137=IFCDIRECTION((0.,0.,1.));
#6138=IFCEXTRUDEDAREASOLID(#6132,#6136,#6137,0.02);
#6139=IFCEXTRUDEDAREASOLID(#6140,#6143,#6147,0.02);
#6140=IFCARBITRARYCLOSEDPROFILEDEF(.AREA.,$,#6141);
#6141=IFCINDEXEDPOLYCURVE(#6142,(IFCLINEINDEX((1,2,3,4,5,6,1))),$);
#6142=IFCCARTESIANPOINTLIST2D(((0.,0.),(0.,0.040000000000000001),(0.12,0.040000000000000001),(0.12,0.020000000000000004),(0.01999999999999999,0.020000000000000004),(0.01999999999999999,0.)));
#6143=IFCAXIS2PLACEMENT3D(#6144,#6145,#6146);
#6144=IFCCARTESIANPOINT((0.13663921058177947,0.,1.015000000372529));
#6145=IFCDIRECTION((0.,0.,1.));
#6146=IFCDIRECTION((1.,0.,0.));
#6147=IFCDIRECTION((0.,0.,1.));
#6161=IFCCARTESIANPOINT((0.,0.,0.));
#6162=IFCDIRECTION((1.,0.,0.));
#6163=IFCDIRECTION((0.,0.,1.));
#6164=IFCAXIS2PLACEMENT3D(#6161,#6163,#6162);
#6165=IFCREPRESENTATIONMAP(#6164,#6363);
#6166=IFCCARTESIANPOINT((0.,0.,0.));
#6167=IFCDIRECTION((1.,0.,0.));
#6168=IFCDIRECTION((0.,1.,0.));
#6169=IFCDIRECTION((0.,0.,1.));
#6170=IFCCARTESIANTRANSFORMATIONOPERATOR3D(#6167,#6168,#6166,1.,#6169);
#6171=IFCMAPPEDITEM(#6165,#6170);
#6172=IFCSHAPEREPRESENTATION(#25,'Annotation','MappedRepresentation',(#6171));
#6173=IFCCARTESIANPOINT((0.,0.,0.));
#6174=IFCDIRECTION((1.,0.,0.));
#6175=IFCDIRECTION((0.,1.,0.));
#6176=IFCDIRECTION((0.,0.,1.));
#6177=IFCCARTESIANTRANSFORMATIONOPERATOR3D(#6174,#6175,#6173,1.,#6176);
#6178=IFCMAPPEDITEM(#6165,#6177);
#6179=IFCSHAPEREPRESENTATION(#25,'Annotation','MappedRepresentation',(#6178));
#6180=IFCCARTESIANPOINT((0.,0.,0.));
#6181=IFCDIRECTION((1.,0.,0.));
#6182=IFCDIRECTION((0.,1.,0.));
#6183=IFCDIRECTION((0.,0.,1.));
#6184=IFCCARTESIANTRANSFORMATIONOPERATOR3D(#6181,#6182,#6180,1.,#6183);
#6185=IFCMAPPEDITEM(#6165,#6184);
#6186=IFCSHAPEREPRESENTATION(#25,'Annotation','MappedRepresentation',(#6185));
#6187=IFCCARTESIANPOINT((0.,0.,0.));
#6188=IFCDIRECTION((1.,0.,0.));
#6189=IFCDIRECTION((0.,1.,0.));
#6190=IFCDIRECTION((0.,0.,1.));
#6191=IFCCARTESIANTRANSFORMATIONOPERATOR3D(#6188,#6189,#6187,1.,#6190);
#6192=IFCMAPPEDITEM(#6165,#6191);
#6193=IFCSHAPEREPRESENTATION(#25,'Annotation','MappedRepresentation',(#6192));
#6204=IFCWINDOWTYPE('3RD8c8qcT0RfLRdJGrwgKC',$,'GUEST1-GF',$,$,(#6205),(#6207,#6215,#6263),$,$,.WINDOW.,.SINGLE_PANEL.,$,$);
#6205=IFCPROPERTYSET('3_vk3QPFz0H9fgGw$EzbjB',$,'BBIM_Window',$,(#6206));
#6206=IFCPROPERTYSINGLEVALUE('Data',$,IFCTEXT('{"window_type": "DOUBLE_PANEL_VERTICAL", "overall_height": 0.8999999761581421, "overall_width": 1.0489195585250854, "lining_properties": {"lining_depth": 0.05000000074505806, "lining_thickness": 0.05000000074505806, "lining_offset": 0.05000000074505806, "lining_to_panel_offset_x": 0.02500000037252903, "lining_to_panel_offset_y": 0.02500000037252903, "mullion_thickness": 0.05000000074505806, "first_mullion_offset": 0.5180751085281372}, "panel_properties": {"frame_depth": [0.03500000014901161, 0.03500000014901161, 0.03500000014901161], "frame_thickness": [0.03500000014901161, 0.03500000014901161, 0.03500000014901161]}}'),$);
#6207=IFCREPRESENTATIONMAP(#6208,#7018);
#6208=IFCAXIS2PLACEMENT3D(#6209,#6210,#6211);
#6209=IFCCARTESIANPOINT((0.,0.,0.));
#6210=IFCDIRECTION((0.,0.,1.));
#6211=IFCDIRECTION((1.,0.,0.));
#6215=IFCREPRESENTATIONMAP(#6216,#7099);
#6216=IFCAXIS2PLACEMENT3D(#6217,#6218,#6219);
#6217=IFCCARTESIANPOINT((0.,0.,0.));
#6218=IFCDIRECTION((0.,0.,1.));
#6219=IFCDIRECTION((1.,0.,0.));
#6263=IFCREPRESENTATIONMAP(#6264,#7132);
#6264=IFCAXIS2PLACEMENT3D(#6265,#6266,#6267);
#6265=IFCCARTESIANPOINT((0.,0.,0.));
#6266=IFCDIRECTION((0.,0.,1.));
#6267=IFCDIRECTION((1.,0.,0.));
#6285=IFCCARTESIANPOINTLIST3D(((0.,0.,0.),(1.4521052837371826,0.,0.),(1.4521052837371826,0.,2.),(0.,0.,2.)));
#6286=IFCINDEXEDPOLYCURVE(#6285,(IFCLINEINDEX((1,2,3,4,1))),$);
#6287=IFCSHAPEREPRESENTATION(#18,'Profile','Curve3D',(#6286));
#6288=IFCCARTESIANPOINTLIST2D(((0.,0.),(0.,2.),(1.4521052837371826,2.),(1.4521052837371826,0.),(1.3654660731554031,0.),(1.3654660731554031,1.9133607894182205),(0.08663921058177948,1.9133607894182205),(0.08663921058177948,0.)));
#6289=IFCINDEXEDPOLYCURVE(#6288,(IFCLINEINDEX((1,2,3,4,5,6,7,8,1))),$);
#6290=IFCARBITRARYCLOSEDPROFILEDEF(.AREA.,$,#6289);
#6291=IFCCARTESIANPOINT((0.,0.,0.));
#6292=IFCDIRECTION((0.,-1.,0.));
#6293=IFCDIRECTION((1.,0.,0.));
#6294=IFCAXIS2PLACEMENT3D(#6291,#6292,#6293);
#6295=IFCDIRECTION((0.,0.,-1.));
#6296=IFCEXTRUDEDAREASOLID(#6290,#6294,#6295,0.05000000074505806);
#6297=IFCCARTESIANPOINTLIST2D(((0.,0.),(1.2788268625736237,0.),(1.2788268625736237,0.10000000149011612),(0.,0.10000000149011612)));
#6298=IFCINDEXEDPOLYCURVE(#6297,(IFCLINEINDEX((1,2,3,4,1))),$);
#6299=IFCARBITRARYCLOSEDPROFILEDEF(.AREA.,$,#6298);
#6300=IFCCARTESIANPOINT((0.08663921058177948,0.,0.));
#6301=IFCDIRECTION((0.,0.,1.));
#6302=IFCDIRECTION((1.,0.,0.));
#6303=IFCAXIS2PLACEMENT3D(#6300,#6301,#6302);
#6304=IFCDIRECTION((0.,0.,1.));
#6305=IFCEXTRUDEDAREASOLID(#6299,#6303,#6304,0.02500000037252903);
#6306=IFCCARTESIANPOINTLIST2D(((0.,0.),(0.,2.),(1.4521052837371826,2.),(1.4521052837371826,0.),(1.3754303902387619,0.),(1.3754303902387619,1.9233251065015793),(0.076674893498420715,1.9233251065015793),(0.076674893498420715,0.)));
#6307=IFCINDEXEDPOLYCURVE(#6306,(IFCLINEINDEX((1,2,3,4,5,6,7,8,1))),$);
#6308=IFCARBITRARYCLOSEDPROFILEDEF(.AREA.,$,#6307);
#6309=IFCCARTESIANPOINT((0.,-0.004999999888241291,0.));
#6310=IFCDIRECTION((0.,-1.,0.));
#6311=IFCDIRECTION((1.,0.,0.));
#6312=IFCAXIS2PLACEMENT3D(#6309,#6310,#6311);
#6313=IFCDIRECTION((0.,0.,-1.));
#6314=IFCEXTRUDEDAREASOLID(#6308,#6312,#6313,0.004999999888241291);
#6315=IFCCARTESIANPOINTLIST2D(((0.,0.),(0.,2.),(1.4521052837371826,2.),(1.4521052837371826,0.),(1.3754303902387619,0.),(1.3754303902387619,1.9233251065015793),(0.076674893498420715,1.9233251065015793),(0.076674893498420715,0.)));
#6316=IFCINDEXEDPOLYCURVE(#6315,(IFCLINEINDEX((1,2,3,4,5,6,7,8,1))),$);
#6317=IFCARBITRARYCLOSEDPROFILEDEF(.AREA.,$,#6316);
#6318=IFCCARTESIANPOINT((0.,0.05000000074505806,0.));
#6319=IFCDIRECTION((0.,-1.,0.));
#6320=IFCDIRECTION((1.,0.,0.));
#6321=IFCAXIS2PLACEMENT3D(#6318,#6319,#6320);
#6322=IFCDIRECTION((0.,0.,-1.));
#6323=IFCEXTRUDEDAREASOLID(#6317,#6321,#6322,0.004999999888241291);
#6324=IFCCARTESIANPOINTLIST2D(((0.,0.),(1.2788268625736237,0.),(1.2788268625736237,0.011438045650720596),(0.,0.011438045650720596)));
#6325=IFCINDEXEDPOLYCURVE(#6324,(IFCLINEINDEX((1,2,3,4,1))),$);
#6326=IFCARBITRARYCLOSEDPROFILEDEF(.AREA.,$,#6325);
#6327=IFCCARTESIANPOINT((0.08663921058177948,-0.011438045650720596,0.02500000037252903));
#6328=IFCDIRECTION((0.,0.,1.));
#6329=IFCDIRECTION((1.,0.,0.));
#6330=IFCAXIS2PLACEMENT3D(#6327,#6328,#6329);
#6331=IFCDIRECTION((0.,0.,1.));
#6332=IFCEXTRUDEDAREASOLID(#6326,#6330,#6331,1.8883607890456915);
#6333=IFCCARTESIANPOINTLIST2D(((0.,0.),(0.,-0.040000000000000001),(0.12,-0.040000000000000001),(0.12,-0.02),(0.02,-0.02),(0.02,0.)));
#6334=IFCINDEXEDPOLYCURVE(#6333,(IFCLINEINDEX((1,2,3,4,5,6,1))),$);
#6335=IFCARBITRARYCLOSEDPROFILEDEF(.AREA.,$,#6334);
#6336=IFCCARTESIANPOINT((0.13663921058177947,-0.011438045650720596,1.015000000372529));
#6337=IFCDIRECTION((0.,0.,1.));
#6338=IFCDIRECTION((1.,0.,0.));
#6339=IFCAXIS2PLACEMENT3D(#6336,#6337,#6338);
#6340=IFCDIRECTION((0.,0.,1.));
#6341=IFCEXTRUDEDAREASOLID(#6335,#6339,#6340,0.02);
#6342=IFCEXTRUDEDAREASOLID(#6343,#6346,#6350,0.02);
#6343=IFCARBITRARYCLOSEDPROFILEDEF(.AREA.,$,#6344);
#6344=IFCINDEXEDPOLYCURVE(#6345,(IFCLINEINDEX((1,2,3,4,5,6,1))),$);
#6345=IFCCARTESIANPOINTLIST2D(((0.,0.),(0.,0.040000000000000001),(0.12,0.040000000000000001),(0.12,0.020000000000000004),(0.01999999999999999,0.020000000000000004),(0.01999999999999999,0.)));
#6346=IFCAXIS2PLACEMENT3D(#6347,#6348,#6349);
#6347=IFCCARTESIANPOINT((0.13663921058177947,0.,1.015000000372529));
#6348=IFCDIRECTION((0.,0.,1.));
#6349=IFCDIRECTION((1.,0.,0.));
#6350=IFCDIRECTION((0.,0.,1.));
#6351=IFCSHAPEREPRESENTATION(#11,'Body','SweptSolid',(#6296,#6332,#6341,#6342,#6305,#6314,#6323));
#6352=IFCCARTESIANPOINTLIST2D(((0.,0.),(0.08663921058177948,0.),(0.08663921058177948,0.05000000074505806),(0.,0.05000000074505806)));
#6353=IFCINDEXEDPOLYCURVE(#6352,(IFCLINEINDEX((1,2,3,4,1))),$);
#6354=IFCINDEXEDPOLYCURVE(#6355,(IFCLINEINDEX((1,2,3,4,1))),$);
#6355=IFCCARTESIANPOINTLIST2D(((1.4521052837371826,0.),(1.3654660731554031,0.),(1.3654660731554031,0.05000000074505806),(1.4521052837371826,0.05000000074505806)));
#6356=IFCCARTESIANPOINTLIST2D(((2.004879504442215,-0.011438045650720596),(0.72605264186859131,-0.011438045650720596),(0.72605264186859131,0.),(2.004879504442215,0.)));
#6357=IFCINDEXEDPOLYCURVE(#6356,(IFCLINEINDEX((1,2,3,4,1))),$);
#6358=IFCSHAPEREPRESENTATION(#24,'Body','Curve2D',(#6353,#6354,#6357));
#6359=IFCCARTESIANPOINTLIST2D(((0.53422861248254772,-0.058025473769174329),(0.9178766712546349,-0.058025473769174329)));
#6360=IFCINDEXEDPOLYCURVE(#6359,$,$);
#6361=IFCCARTESIANPOINTLIST2D(((0.56422861248254774,-0.026967188356871841),(0.53422861248254772,-0.058025473769174329),(0.56422861248254774,-0.089083759181476818)));
#6362=IFCINDEXEDPOLYCURVE(#6361,$,$);
#6363=IFCSHAPEREPRESENTATION(#25,'Annotation','Curve2D',(#6360,#6362));
#6374=IFCDOOR('13BFhxWMP4avLVcD2G65$I',$,'Door',$,$,#6464,#6382,$,2.,1.4521052837371826,$,$,$);
#6375=IFCCARTESIANPOINT((0.,0.,0.));
#6376=IFCDIRECTION((1.,0.,0.));
#6377=IFCDIRECTION((0.,1.,0.));
#6378=IFCDIRECTION((0.,0.,1.));
#6379=IFCCARTESIANTRANSFORMATIONOPERATOR3D(#6376,#6377,#6375,1.,#6378);
#6380=IFCMAPPEDITEM(#3670,#6379);
#6381=IFCSHAPEREPRESENTATION(#18,'Profile','MappedRepresentation',(#6380));
#6382=IFCPRODUCTDEFINITIONSHAPE($,$,(#6381,#6389,#6396,#6403));
#6383=IFCCARTESIANPOINT((0.,0.,0.));
#6384=IFCDIRECTION((1.,0.,0.));
#6385=IFCDIRECTION((0.,1.,0.));
#6386=IFCDIRECTION((0.,0.,1.));
#6387=IFCCARTESIANTRANSFORMATIONOPERATOR3D(#6384,#6385,#6383,1.,#6386);
#6388=IFCMAPPEDITEM(#3678,#6387);
#6389=IFCSHAPEREPRESENTATION(#11,'Body','MappedRepresentation',(#6388));
#6390=IFCCARTESIANPOINT((0.,0.,0.));
#6391=IFCDIRECTION((1.,0.,0.));
#6392=IFCDIRECTION((0.,1.,0.));
#6393=IFCDIRECTION((0.,0.,1.));
#6394=IFCCARTESIANTRANSFORMATIONOPERATOR3D(#6391,#6392,#6390,1.,#6393);
#6395=IFCMAPPEDITEM(#3747,#6394);
#6396=IFCSHAPEREPRESENTATION(#24,'Body','MappedRepresentation',(#6395));
#6397=IFCCARTESIANPOINT((0.,0.,0.));
#6398=IFCDIRECTION((1.,0.,0.));
#6399=IFCDIRECTION((0.,1.,0.));
#6400=IFCDIRECTION((0.,0.,1.));
#6401=IFCCARTESIANTRANSFORMATIONOPERATOR3D(#6398,#6399,#6397,1.,#6400);
#6402=IFCMAPPEDITEM(#6165,#6401);
#6403=IFCSHAPEREPRESENTATION(#25,'Annotation','MappedRepresentation',(#6402));
#6404=IFCOPENINGELEMENT('1sqbYSx6r6ERTlztQd0IqD',$,'Opening',$,$,#6454,#6432,$,.OPENING.);
#6410=IFCCARTESIANPOINTLIST2D(((0.,0.),(1.4521052837371826,0.),(1.4521052837371826,2.),(0.,2.)));
#6411=IFCINDEXEDPOLYCURVE(#6410,(IFCLINEINDEX((1,2,3,4,1))),$);
#6412=IFCARBITRARYCLOSEDPROFILEDEF(.AREA.,$,#6411);
#6413=IFCCARTESIANPOINT((0.,-0.60000002384185791,0.));
#6414=IFCDIRECTION((0.,-1.,0.));
#6415=IFCDIRECTION((1.,0.,0.));
#6416=IFCAXIS2PLACEMENT3D(#6413,#6414,#6415);
#6417=IFCDIRECTION((0.,0.,-1.));
#6418=IFCEXTRUDEDAREASOLID(#6412,#6416,#6417,1.2);
#6419=IFCSHAPEREPRESENTATION(#11,'Body','SweptSolid',(#6418));
#6420=IFCCARTESIANPOINT((0.,0.,0.));
#6421=IFCDIRECTION((1.,0.,0.));
#6422=IFCDIRECTION((0.,0.,1.));
#6423=IFCAXIS2PLACEMENT3D(#6420,#6422,#6421);
#6424=IFCREPRESENTATIONMAP(#6423,#6419);
#6425=IFCCARTESIANPOINT((0.,0.,0.));
#6426=IFCDIRECTION((1.,0.,0.));
#6427=IFCDIRECTION((0.,1.,0.));
#6428=IFCDIRECTION((0.,0.,1.));
#6429=IFCCARTESIANTRANSFORMATIONOPERATOR3D(#6426,#6427,#6425,1.,#6428);
#6430=IFCMAPPEDITEM(#6424,#6429);
#6431=IFCSHAPEREPRESENTATION(#11,'Body','MappedRepresentation',(#6430));
#6432=IFCPRODUCTDEFINITIONSHAPE($,$,(#6431));
#6433=IFCRELVOIDSELEMENT('3O0r_5$On52PK65$JcfzhL',$,$,$,#959,#6404);
#6439=IFCRELFILLSELEMENT('3Hh3Y9O6H3sArxaM2OReew',$,$,$,#6404,#6374);
#6450=IFCCARTESIANPOINT((0.092988342108588418,5.5154554123859612E-07,0.));
#6451=IFCDIRECTION((0.,0.,1.));
#6452=IFCDIRECTION((0.99999999999997158,-2.3841857910149749E-07,0.));
#6453=IFCAXIS2PLACEMENT3D(#6450,#6451,#6452);
#6454=IFCLOCALPLACEMENT(#8570,#6453);
#6460=IFCCARTESIANPOINT((0.,0.,0.));
#6461=IFCDIRECTION((0.,0.,1.));
#6462=IFCDIRECTION((1.,0.,0.));
#6463=IFCAXIS2PLACEMENT3D(#6460,#6461,#6462);
#6464=IFCLOCALPLACEMENT(#6454,#6463);
#6465=IFCWINDOW('0gF1YAna90oRY8XK3cHsDc',$,'Window',$,$,#7981,#6474,$,0.89999997615814209,1.0489195585250854,$,.DOUBLE_PANEL_VERTICAL.,$);
#6466=IFCRELDEFINESBYTYPE('33_OSr3MTDSxGiwG2XtBaD',$,$,$,(#6465),#6204);
#6467=IFCCARTESIANPOINT((0.,0.,0.));
#6468=IFCDIRECTION((1.,0.,0.));
#6469=IFCDIRECTION((0.,1.,0.));
#6470=IFCDIRECTION((0.,0.,1.));
#6471=IFCCARTESIANTRANSFORMATIONOPERATOR3D(#6468,#6469,#6467,1.,#6470);
#6472=IFCMAPPEDITEM(#6207,#6471);
#6473=IFCSHAPEREPRESENTATION(#18,'Profile','MappedRepresentation',(#6472));
#6474=IFCPRODUCTDEFINITIONSHAPE($,$,(#6473,#6481,#6488));
#6475=IFCCARTESIANPOINT((0.,0.,0.));
#6476=IFCDIRECTION((1.,0.,0.));
#6477=IFCDIRECTION((0.,1.,0.));
#6478=IFCDIRECTION((0.,0.,1.));
#6479=IFCCARTESIANTRANSFORMATIONOPERATOR3D(#6476,#6477,#6475,1.,#6478);
#6480=IFCMAPPEDITEM(#6215,#6479);
#6481=IFCSHAPEREPRESENTATION(#11,'Body','MappedRepresentation',(#6480));
#6482=IFCCARTESIANPOINT((0.,0.,0.));
#6483=IFCDIRECTION((1.,0.,0.));
#6484=IFCDIRECTION((0.,1.,0.));
#6485=IFCDIRECTION((0.,0.,1.));
#6486=IFCCARTESIANTRANSFORMATIONOPERATOR3D(#6483,#6484,#6482,1.,#6485);
#6487=IFCMAPPEDITEM(#6263,#6486);
#6488=IFCSHAPEREPRESENTATION(#24,'Body','MappedRepresentation',(#6487));
#6489=IFCOPENINGELEMENT('0oSknWSmf1Ch307rIgsjZD',$,'Opening',$,$,#7167,#6517,$,.OPENING.);
#6505=IFCCARTESIANPOINT((0.,0.,0.));
#6506=IFCDIRECTION((1.,0.,0.));
#6507=IFCDIRECTION((0.,0.,1.));
#6508=IFCAXIS2PLACEMENT3D(#6505,#6507,#6506);
#6509=IFCREPRESENTATIONMAP(#6508,#7142);
#6510=IFCCARTESIANPOINT((0.,0.,0.));
#6511=IFCDIRECTION((1.,0.,0.));
#6512=IFCDIRECTION((0.,1.,0.));
#6513=IFCDIRECTION((0.,0.,1.));
#6514=IFCCARTESIANTRANSFORMATIONOPERATOR3D(#6511,#6512,#6510,1.,#6513);
#6515=IFCMAPPEDITEM(#6509,#6514);
#6516=IFCSHAPEREPRESENTATION(#11,'Body','MappedRepresentation',(#6515));
#6517=IFCPRODUCTDEFINITIONSHAPE($,$,(#6516));
#6518=IFCRELVOIDSELEMENT('0OJp8FQS14IQME9TDNgH8q',$,$,$,#275,#6489);
#6524=IFCRELFILLSELEMENT('1aeVZajlzFOxV4ItN1V5dt',$,$,$,#6489,#6465);
#6654=IFCSHAPEREPRESENTATION(#11,'Body','SweptSolid',(#6724,#7027,#6764,#6753,#7067,#7078,#6921,#6910,#6870,#6713,#6881,#7038));
#6655=IFCSHAPEASPECT((#6654),'Lining',$,.T.,#6474);
#6656=IFCSHAPEREPRESENTATION(#11,'Body','SweptSolid',(#6775,#6932,#6892,#7049,#7089,#6735));
#6657=IFCSHAPEASPECT((#6656),'Framing',$,.T.,#6474);
#6658=IFCSHAPEREPRESENTATION(#11,'Body','SweptSolid',(#7058,#7098,#6941,#6901,#6744,#6784));
#6659=IFCSHAPEASPECT((#6658),'Glazing',$,.T.,#6474);
#6705=IFCCARTESIANPOINTLIST2D(((0.51807510852813721,0.),(0.,0.),(0.,0.89999997615814209),(0.51807510852813721,0.89999997615814209),(0.51807510852813721,0.87499997578561306),(0.02500000037252903,0.87499997578561306),(0.02500000037252903,0.02500000037252903),(0.51807510852813721,0.02500000037252903)));
#6706=IFCINDEXEDPOLYCURVE(#6705,(IFCLINEINDEX((1,2,3,4,5,6,7,8,1))),$);
#6707=IFCARBITRARYCLOSEDPROFILEDEF(.AREA.,$,#6706);
#6708=IFCCARTESIANPOINT((0.,0.090000001713633537,0.));
#6709=IFCDIRECTION((0.,-1.,0.));
#6710=IFCDIRECTION((1.,0.,0.));
#6711=IFCAXIS2PLACEMENT3D(#6708,#6709,#6710);
#6712=IFCDIRECTION((0.,0.,-1.));
#6713=IFCEXTRUDEDAREASOLID(#6707,#6711,#6712,0.0099999997764825821);
#6714=IFCCARTESIANPOINTLIST2D(((0.,0.),(0.51807510852813721,0.),(0.51807510852813721,0.89999997615814209),(0.,0.89999997615814209)));
#6715=IFCINDEXEDPOLYCURVE(#6714,(IFCLINEINDEX((1,2,3,4,1))),$);
#6716=IFCCARTESIANPOINTLIST2D(((0.05000000074505806,0.05000000074505806),(0.49307510815560818,0.05000000074505806),(0.49307510815560818,0.84999997541308403),(0.05000000074505806,0.84999997541308403)));
#6717=IFCINDEXEDPOLYCURVE(#6716,(IFCLINEINDEX((1,2,3,4,1))),$);
#6718=IFCARBITRARYPROFILEDEFWITHVOIDS(.AREA.,$,#6715,(#6717));
#6719=IFCCARTESIANPOINT((0.,0.05000000074505806,0.));
#6720=IFCDIRECTION((0.,-1.,0.));
#6721=IFCDIRECTION((1.,0.,0.));
#6722=IFCAXIS2PLACEMENT3D(#6719,#6720,#6721);
#6723=IFCDIRECTION((0.,0.,-1.));
#6724=IFCEXTRUDEDAREASOLID(#6718,#6722,#6723,0.040000000968575478);
#6725=IFCCARTESIANPOINTLIST2D(((0.,0.),(0.49307510815560818,0.),(0.49307510815560818,0.84999997541308403),(0.,0.84999997541308403)));
#6726=IFCINDEXEDPOLYCURVE(#6725,(IFCLINEINDEX((1,2,3,4,1))),$);
#6727=IFCCARTESIANPOINTLIST2D(((0.035000000149011612,0.035000000149011612),(0.45807510800659657,0.035000000149011612),(0.45807510800659657,0.81499997526407242),(0.035000000149011612,0.81499997526407242)));
#6728=IFCINDEXEDPOLYCURVE(#6727,(IFCLINEINDEX((1,2,3,4,1))),$);
#6729=IFCARBITRARYPROFILEDEFWITHVOIDS(.AREA.,$,#6726,(#6728));
#6730=IFCCARTESIANPOINT((0.02500000037252903,0.090000001713633537,0.02500000037252903));
#6731=IFCDIRECTION((0.,-1.,0.));
#6732=IFCDIRECTION((1.,0.,0.));
#6733=IFCAXIS2PLACEMENT3D(#6730,#6731,#6732);
#6734=IFCDIRECTION((0.,0.,-1.));
#6735=IFCEXTRUDEDAREASOLID(#6729,#6733,#6734,0.035000000149011612);
#6736=IFCINDEXEDPOLYCURVE(#6737,(IFCLINEINDEX((1,2,3,4,1))),$);
#6737=IFCCARTESIANPOINTLIST2D(((0.035000000149011612,0.035000000149011612),(0.45807510800659657,0.035000000149011612),(0.45807510800659657,0.81499997526407242),(0.035000000149011612,0.81499997526407242)));
#6738=IFCARBITRARYCLOSEDPROFILEDEF(.AREA.,$,#6736);
#6739=IFCCARTESIANPOINT((0.02500000037252903,0.10250000178813934,0.02500000037252903));
#6740=IFCDIRECTION((0.,-1.,0.));
#6741=IFCDIRECTION((1.,0.,0.));
#6742=IFCAXIS2PLACEMENT3D(#6739,#6740,#6741);
#6743=IFCDIRECTION((0.,0.,-1.));
#6744=IFCEXTRUDEDAREASOLID(#6738,#6742,#6743,0.01);
#6745=IFCCARTESIANPOINTLIST2D(((0.,0.89999997615814209),(0.5008922815322876,0.89999997615814209),(0.5008922815322876,0.),(0.,0.),(0.,0.02500000037252903),(0.47589228115975857,0.02500000037252903),(0.47589228115975857,0.87499997578561306),(0.,0.87499997578561306)));
#6746=IFCINDEXEDPOLYCURVE(#6745,(IFCLINEINDEX((1,2,3,4,5,6,7,8,1))),$);
#6747=IFCARBITRARYCLOSEDPROFILEDEF(.AREA.,$,#6746);
#6748=IFCCARTESIANPOINT((0.51807510852813721,0.090000001713633537,0.));
#6749=IFCDIRECTION((0.,-1.,0.));
#6750=IFCDIRECTION((1.,0.,0.));
#6751=IFCAXIS2PLACEMENT3D(#6748,#6749,#6750);
#6752=IFCDIRECTION((0.,0.,-1.));
#6753=IFCEXTRUDEDAREASOLID(#6747,#6751,#6752,0.0099999997764825821);
#6754=IFCCARTESIANPOINTLIST2D(((0.,0.),(0.5008922815322876,0.),(0.5008922815322876,0.89999997615814209),(0.,0.89999997615814209)));
#6755=IFCINDEXEDPOLYCURVE(#6754,(IFCLINEINDEX((1,2,3,4,1))),$);
#6756=IFCCARTESIANPOINTLIST2D(((0.02500000037252903,0.05000000074505806),(0.45089228078722954,0.05000000074505806),(0.45089228078722954,0.84999997541308403),(0.02500000037252903,0.84999997541308403)));
#6757=IFCINDEXEDPOLYCURVE(#6756,(IFCLINEINDEX((1,2,3,4,1))),$);
#6758=IFCARBITRARYPROFILEDEFWITHVOIDS(.AREA.,$,#6755,(#6757));
#6759=IFCCARTESIANPOINT((0.51807510852813721,0.05000000074505806,0.));
#6760=IFCDIRECTION((0.,-1.,0.));
#6761=IFCDIRECTION((1.,0.,0.));
#6762=IFCAXIS2PLACEMENT3D(#6759,#6760,#6761);
#6763=IFCDIRECTION((0.,0.,-1.));
#6764=IFCEXTRUDEDAREASOLID(#6758,#6762,#6763,0.040000000968575478);
#6765=IFCCARTESIANPOINTLIST2D(((0.,0.),(0.47589228115975857,0.),(0.47589228115975857,0.84999997541308403),(0.,0.84999997541308403)));
#6766=IFCINDEXEDPOLYCURVE(#6765,(IFCLINEINDEX((1,2,3,4,1))),$);
#6767=IFCCARTESIANPOINTLIST2D(((0.035000000149011612,0.035000000149011612),(0.44089228101074696,0.035000000149011612),(0.44089228101074696,0.81499997526407242),(0.035000000149011612,0.81499997526407242)));
#6768=IFCINDEXEDPOLYCURVE(#6767,(IFCLINEINDEX((1,2,3,4,1))),$);
#6769=IFCARBITRARYPROFILEDEFWITHVOIDS(.AREA.,$,#6766,(#6768));
#6770=IFCCARTESIANPOINT((0.51807510852813721,0.090000001713633537,0.02500000037252903));
#6771=IFCDIRECTION((0.,-1.,0.));
#6772=IFCDIRECTION((1.,0.,0.));
#6773=IFCAXIS2PLACEMENT3D(#6770,#6771,#6772);
#6774=IFCDIRECTION((0.,0.,-1.));
#6775=IFCEXTRUDEDAREASOLID(#6769,#6773,#6774,0.035000000149011612);
#6776=IFCINDEXEDPOLYCURVE(#6777,(IFCLINEINDEX((1,2,3,4,1))),$);
#6777=IFCCARTESIANPOINTLIST2D(((0.035000000149011612,0.035000000149011612),(0.44089228101074696,0.035000000149011612),(0.44089228101074696,0.81499997526407242),(0.035000000149011612,0.81499997526407242)));
#6778=IFCARBITRARYCLOSEDPROFILEDEF(.AREA.,$,#6776);
#6779=IFCCARTESIANPOINT((0.51807510852813721,0.10250000178813934,0.02500000037252903));
#6780=IFCDIRECTION((0.,-1.,0.));
#6781=IFCDIRECTION((1.,0.,0.));
#6782=IFCAXIS2PLACEMENT3D(#6779,#6780,#6781);
#6783=IFCDIRECTION((0.,0.,-1.));
#6784=IFCEXTRUDEDAREASOLID(#6778,#6782,#6783,0.01);
#6862=IFCCARTESIANPOINTLIST2D(((0.51807510852813721,0.),(0.,0.),(0.,0.89999997615814209),(0.51807510852813721,0.89999997615814209),(0.51807510852813721,0.87499997578561306),(0.02500000037252903,0.87499997578561306),(0.02500000037252903,0.02500000037252903),(0.51807510852813721,0.02500000037252903)));
#6863=IFCINDEXEDPOLYCURVE(#6862,(IFCLINEINDEX((1,2,3,4,5,6,7,8,1))),$);
#6864=IFCARBITRARYCLOSEDPROFILEDEF(.AREA.,$,#6863);
#6865=IFCCARTESIANPOINT((0.,0.090000001713633537,0.));
#6866=IFCDIRECTION((0.,-1.,0.));
#6867=IFCDIRECTION((1.,0.,0.));
#6868=IFCAXIS2PLACEMENT3D(#6865,#6866,#6867);
#6869=IFCDIRECTION((0.,0.,-1.));
#6870=IFCEXTRUDEDAREASOLID(#6864,#6868,#6869,0.0099999997764825821);
#6871=IFCCARTESIANPOINTLIST2D(((0.,0.),(0.51807510852813721,0.),(0.51807510852813721,0.89999997615814209),(0.,0.89999997615814209)));
#6872=IFCINDEXEDPOLYCURVE(#6871,(IFCLINEINDEX((1,2,3,4,1))),$);
#6873=IFCCARTESIANPOINTLIST2D(((0.05000000074505806,0.05000000074505806),(0.49307510815560818,0.05000000074505806),(0.49307510815560818,0.84999997541308403),(0.05000000074505806,0.84999997541308403)));
#6874=IFCINDEXEDPOLYCURVE(#6873,(IFCLINEINDEX((1,2,3,4,1))),$);
#6875=IFCARBITRARYPROFILEDEFWITHVOIDS(.AREA.,$,#6872,(#6874));
#6876=IFCCARTESIANPOINT((0.,0.05000000074505806,0.));
#6877=IFCDIRECTION((0.,-1.,0.));
#6878=IFCDIRECTION((1.,0.,0.));
#6879=IFCAXIS2PLACEMENT3D(#6876,#6877,#6878);
#6880=IFCDIRECTION((0.,0.,-1.));
#6881=IFCEXTRUDEDAREASOLID(#6875,#6879,#6880,0.040000000968575478);
#6882=IFCCARTESIANPOINTLIST2D(((0.,0.),(0.49307510815560818,0.),(0.49307510815560818,0.84999997541308403),(0.,0.84999997541308403)));
#6883=IFCINDEXEDPOLYCURVE(#6882,(IFCLINEINDEX((1,2,3,4,1))),$);
#6884=IFCCARTESIANPOINTLIST2D(((0.035000000149011612,0.035000000149011612),(0.45807510800659657,0.035000000149011612),(0.45807510800659657,0.81499997526407242),(0.035000000149011612,0.81499997526407242)));
#6885=IFCINDEXEDPOLYCURVE(#6884,(IFCLINEINDEX((1,2,3,4,1))),$);
#6886=IFCARBITRARYPROFILEDEFWITHVOIDS(.AREA.,$,#6883,(#6885));
#6887=IFCCARTESIANPOINT((0.02500000037252903,0.090000001713633537,0.02500000037252903));
#6888=IFCDIRECTION((0.,-1.,0.));
#6889=IFCDIRECTION((1.,0.,0.));
#6890=IFCAXIS2PLACEMENT3D(#6887,#6888,#6889);
#6891=IFCDIRECTION((0.,0.,-1.));
#6892=IFCEXTRUDEDAREASOLID(#6886,#6890,#6891,0.035000000149011612);
#6893=IFCINDEXEDPOLYCURVE(#6894,(IFCLINEINDEX((1,2,3,4,1))),$);
#6894=IFCCARTESIANPOINTLIST2D(((0.035000000149011612,0.035000000149011612),(0.45807510800659657,0.035000000149011612),(0.45807510800659657,0.81499997526407242),(0.035000000149011612,0.81499997526407242)));
#6895=IFCARBITRARYCLOSEDPROFILEDEF(.AREA.,$,#6893);
#6896=IFCCARTESIANPOINT((0.02500000037252903,0.10250000178813934,0.02500000037252903));
#6897=IFCDIRECTION((0.,-1.,0.));
#6898=IFCDIRECTION((1.,0.,0.));
#6899=IFCAXIS2PLACEMENT3D(#6896,#6897,#6898);
#6900=IFCDIRECTION((0.,0.,-1.));
#6901=IFCEXTRUDEDAREASOLID(#6895,#6899,#6900,0.01);
#6902=IFCCARTESIANPOINTLIST2D(((0.,0.89999997615814209),(0.46146255731582642,0.89999997615814209),(0.46146255731582642,0.),(0.,0.),(0.,0.02500000037252903),(0.43646255694329739,0.02500000037252903),(0.43646255694329739,0.87499997578561306),(0.,0.87499997578561306)));
#6903=IFCINDEXEDPOLYCURVE(#6902,(IFCLINEINDEX((1,2,3,4,5,6,7,8,1))),$);
#6904=IFCARBITRARYCLOSEDPROFILEDEF(.AREA.,$,#6903);
#6905=IFCCARTESIANPOINT((0.51807510852813721,0.090000001713633537,0.));
#6906=IFCDIRECTION((0.,-1.,0.));
#6907=IFCDIRECTION((1.,0.,0.));
#6908=IFCAXIS2PLACEMENT3D(#6905,#6906,#6907);
#6909=IFCDIRECTION((0.,0.,-1.));
#6910=IFCEXTRUDEDAREASOLID(#6904,#6908,#6909,0.0099999997764825821);
#6911=IFCCARTESIANPOINTLIST2D(((0.,0.),(0.46146255731582642,0.),(0.46146255731582642,0.89999997615814209),(0.,0.89999997615814209)));
#6912=IFCINDEXEDPOLYCURVE(#6911,(IFCLINEINDEX((1,2,3,4,1))),$);
#6913=IFCCARTESIANPOINTLIST2D(((0.02500000037252903,0.05000000074505806),(0.41146255657076836,0.05000000074505806),(0.41146255657076836,0.84999997541308403),(0.02500000037252903,0.84999997541308403)));
#6914=IFCINDEXEDPOLYCURVE(#6913,(IFCLINEINDEX((1,2,3,4,1))),$);
#6915=IFCARBITRARYPROFILEDEFWITHVOIDS(.AREA.,$,#6912,(#6914));
#6916=IFCCARTESIANPOINT((0.51807510852813721,0.05000000074505806,0.));
#6917=IFCDIRECTION((0.,-1.,0.));
#6918=IFCDIRECTION((1.,0.,0.));
#6919=IFCAXIS2PLACEMENT3D(#6916,#6917,#6918);
#6920=IFCDIRECTION((0.,0.,-1.));
#6921=IFCEXTRUDEDAREASOLID(#6915,#6919,#6920,0.040000000968575478);
#6922=IFCCARTESIANPOINTLIST2D(((0.,0.),(0.43646255694329739,0.),(0.43646255694329739,0.84999997541308403),(0.,0.84999997541308403)));
#6923=IFCINDEXEDPOLYCURVE(#6922,(IFCLINEINDEX((1,2,3,4,1))),$);
#6924=IFCCARTESIANPOINTLIST2D(((0.035000000149011612,0.035000000149011612),(0.40146255679428577,0.035000000149011612),(0.40146255679428577,0.81499997526407242),(0.035000000149011612,0.81499997526407242)));
#6925=IFCINDEXEDPOLYCURVE(#6924,(IFCLINEINDEX((1,2,3,4,1))),$);
#6926=IFCARBITRARYPROFILEDEFWITHVOIDS(.AREA.,$,#6923,(#6925));
#6927=IFCCARTESIANPOINT((0.51807510852813721,0.090000001713633537,0.02500000037252903));
#6928=IFCDIRECTION((0.,-1.,0.));
#6929=IFCDIRECTION((1.,0.,0.));
#6930=IFCAXIS2PLACEMENT3D(#6927,#6928,#6929);
#6931=IFCDIRECTION((0.,0.,-1.));
#6932=IFCEXTRUDEDAREASOLID(#6926,#6930,#6931,0.035000000149011612);
#6933=IFCINDEXEDPOLYCURVE(#6934,(IFCLINEINDEX((1,2,3,4,1))),$);
#6934=IFCCARTESIANPOINTLIST2D(((0.035000000149011612,0.035000000149011612),(0.40146255679428577,0.035000000149011612),(0.40146255679428577,0.81499997526407242),(0.035000000149011612,0.81499997526407242)));
#6935=IFCARBITRARYCLOSEDPROFILEDEF(.AREA.,$,#6933);
#6936=IFCCARTESIANPOINT((0.51807510852813721,0.10250000178813934,0.02500000037252903));
#6937=IFCDIRECTION((0.,-1.,0.));
#6938=IFCDIRECTION((1.,0.,0.));
#6939=IFCAXIS2PLACEMENT3D(#6936,#6937,#6938);
#6940=IFCDIRECTION((0.,0.,-1.));
#6941=IFCEXTRUDEDAREASOLID(#6935,#6939,#6940,0.01);
#7016=IFCCARTESIANPOINTLIST3D(((0.,0.,0.),(1.0489195585250854,0.,0.),(1.0489195585250854,0.,0.89999997615814209),(0.,0.,0.89999997615814209)));
#7017=IFCINDEXEDPOLYCURVE(#7016,(IFCLINEINDEX((1,2,3,4,1))),$);
#7018=IFCSHAPEREPRESENTATION(#18,'Profile','Curve3D',(#7017));
#7019=IFCCARTESIANPOINTLIST2D(((0.51807510852813721,0.),(0.,0.),(0.,0.89999997615814209),(0.51807510852813721,0.89999997615814209),(0.51807510852813721,0.87499997578561306),(0.02500000037252903,0.87499997578561306),(0.02500000037252903,0.02500000037252903),(0.51807510852813721,0.02500000037252903)));
#7020=IFCINDEXEDPOLYCURVE(#7019,(IFCLINEINDEX((1,2,3,4,5,6,7,8,1))),$);
#7021=IFCARBITRARYCLOSEDPROFILEDEF(.AREA.,$,#7020);
#7022=IFCCARTESIANPOINT((0.,0.090000001713633537,0.));
#7023=IFCDIRECTION((0.,-1.,0.));
#7024=IFCDIRECTION((1.,0.,0.));
#7025=IFCAXIS2PLACEMENT3D(#7022,#7023,#7024);
#7026=IFCDIRECTION((0.,0.,-1.));
#7027=IFCEXTRUDEDAREASOLID(#7021,#7025,#7026,0.0099999997764825821);
#7028=IFCCARTESIANPOINTLIST2D(((0.,0.),(0.51807510852813721,0.),(0.51807510852813721,0.89999997615814209),(0.,0.89999997615814209)));
#7029=IFCINDEXEDPOLYCURVE(#7028,(IFCLINEINDEX((1,2,3,4,1))),$);
#7030=IFCCARTESIANPOINTLIST2D(((0.05000000074505806,0.05000000074505806),(0.49307510815560818,0.05000000074505806),(0.49307510815560818,0.84999997541308403),(0.05000000074505806,0.84999997541308403)));
#7031=IFCINDEXEDPOLYCURVE(#7030,(IFCLINEINDEX((1,2,3,4,1))),$);
#7032=IFCARBITRARYPROFILEDEFWITHVOIDS(.AREA.,$,#7029,(#7031));
#7033=IFCCARTESIANPOINT((0.,0.05000000074505806,0.));
#7034=IFCDIRECTION((0.,-1.,0.));
#7035=IFCDIRECTION((1.,0.,0.));
#7036=IFCAXIS2PLACEMENT3D(#7033,#7034,#7035);
#7037=IFCDIRECTION((0.,0.,-1.));
#7038=IFCEXTRUDEDAREASOLID(#7032,#7036,#7037,0.040000000968575478);
#7039=IFCCARTESIANPOINTLIST2D(((0.,0.),(0.49307510815560818,0.),(0.49307510815560818,0.84999997541308403),(0.,0.84999997541308403)));
#7040=IFCINDEXEDPOLYCURVE(#7039,(IFCLINEINDEX((1,2,3,4,1))),$);
#7041=IFCCARTESIANPOINTLIST2D(((0.035000000149011612,0.035000000149011612),(0.45807510800659657,0.035000000149011612),(0.45807510800659657,0.81499997526407242),(0.035000000149011612,0.81499997526407242)));
#7042=IFCINDEXEDPOLYCURVE(#7041,(IFCLINEINDEX((1,2,3,4,1))),$);
#7043=IFCARBITRARYPROFILEDEFWITHVOIDS(.AREA.,$,#7040,(#7042));
#7044=IFCCARTESIANPOINT((0.02500000037252903,0.090000001713633537,0.02500000037252903));
#7045=IFCDIRECTION((0.,-1.,0.));
#7046=IFCDIRECTION((1.,0.,0.));
#7047=IFCAXIS2PLACEMENT3D(#7044,#7045,#7046);
#7048=IFCDIRECTION((0.,0.,-1.));
#7049=IFCEXTRUDEDAREASOLID(#7043,#7047,#7048,0.035000000149011612);
#7050=IFCINDEXEDPOLYCURVE(#7051,(IFCLINEINDEX((1,2,3,4,1))),$);
#7051=IFCCARTESIANPOINTLIST2D(((0.035000000149011612,0.035000000149011612),(0.45807510800659657,0.035000000149011612),(0.45807510800659657,0.81499997526407242),(0.035000000149011612,0.81499997526407242)));
#7052=IFCARBITRARYCLOSEDPROFILEDEF(.AREA.,$,#7050);
#7053=IFCCARTESIANPOINT((0.02500000037252903,0.10250000178813934,0.02500000037252903));
#7054=IFCDIRECTION((0.,-1.,0.));
#7055=IFCDIRECTION((1.,0.,0.));
#7056=IFCAXIS2PLACEMENT3D(#7053,#7054,#7055);
#7057=IFCDIRECTION((0.,0.,-1.));
#7058=IFCEXTRUDEDAREASOLID(#7052,#7056,#7057,0.01);
#7059=IFCCARTESIANPOINTLIST2D(((0.,0.89999997615814209),(0.53084444999694824,0.89999997615814209),(0.53084444999694824,0.),(0.,0.),(0.,0.02500000037252903),(0.50584444962441921,0.02500000037252903),(0.50584444962441921,0.87499997578561306),(0.,0.87499997578561306)));
#7060=IFCINDEXEDPOLYCURVE(#7059,(IFCLINEINDEX((1,2,3,4,5,6,7,8,1))),$);
#7061=IFCARBITRARYCLOSEDPROFILEDEF(.AREA.,$,#7060);
#7062=IFCCARTESIANPOINT((0.51807510852813721,0.090000001713633537,0.));
#7063=IFCDIRECTION((0.,-1.,0.));
#7064=IFCDIRECTION((1.,0.,0.));
#7065=IFCAXIS2PLACEMENT3D(#7062,#7063,#7064);
#7066=IFCDIRECTION((0.,0.,-1.));
#7067=IFCEXTRUDEDAREASOLID(#7061,#7065,#7066,0.0099999997764825821);
#7068=IFCCARTESIANPOINTLIST2D(((0.,0.),(0.53084444999694824,0.),(0.53084444999694824,0.89999997615814209),(0.,0.89999997615814209)));
#7069=IFCINDEXEDPOLYCURVE(#7068,(IFCLINEINDEX((1,2,3,4,1))),$);
#7070=IFCCARTESIANPOINTLIST2D(((0.02500000037252903,0.05000000074505806),(0.48084444925189018,0.05000000074505806),(0.48084444925189018,0.84999997541308403),(0.02500000037252903,0.84999997541308403)));
#7071=IFCINDEXEDPOLYCURVE(#7070,(IFCLINEINDEX((1,2,3,4,1))),$);
#7072=IFCARBITRARYPROFILEDEFWITHVOIDS(.AREA.,$,#7069,(#7071));
#7073=IFCCARTESIANPOINT((0.51807510852813721,0.05000000074505806,0.));
#7074=IFCDIRECTION((0.,-1.,0.));
#7075=IFCDIRECTION((1.,0.,0.));
#7076=IFCAXIS2PLACEMENT3D(#7073,#7074,#7075);
#7077=IFCDIRECTION((0.,0.,-1.));
#7078=IFCEXTRUDEDAREASOLID(#7072,#7076,#7077,0.040000000968575478);
#7079=IFCCARTESIANPOINTLIST2D(((0.,0.),(0.50584444962441921,0.),(0.50584444962441921,0.84999997541308403),(0.,0.84999997541308403)));
#7080=IFCINDEXEDPOLYCURVE(#7079,(IFCLINEINDEX((1,2,3,4,1))),$);
#7081=IFCCARTESIANPOINTLIST2D(((0.035000000149011612,0.035000000149011612),(0.4708444494754076,0.035000000149011612),(0.4708444494754076,0.81499997526407242),(0.035000000149011612,0.81499997526407242)));
#7082=IFCINDEXEDPOLYCURVE(#7081,(IFCLINEINDEX((1,2,3,4,1))),$);
#7083=IFCARBITRARYPROFILEDEFWITHVOIDS(.AREA.,$,#7080,(#7082));
#7084=IFCCARTESIANPOINT((0.51807510852813721,0.090000001713633537,0.02500000037252903));
#7085=IFCDIRECTION((0.,-1.,0.));
#7086=IFCDIRECTION((1.,0.,0.));
#7087=IFCAXIS2PLACEMENT3D(#7084,#7085,#7086);
#7088=IFCDIRECTION((0.,0.,-1.));
#7089=IFCEXTRUDEDAREASOLID(#7083,#7087,#7088,0.035000000149011612);
#7090=IFCINDEXEDPOLYCURVE(#7091,(IFCLINEINDEX((1,2,3,4,1))),$);
#7091=IFCCARTESIANPOINTLIST2D(((0.035000000149011612,0.035000000149011612),(0.4708444494754076,0.035000000149011612),(0.4708444494754076,0.81499997526407242),(0.035000000149011612,0.81499997526407242)));
#7092=IFCARBITRARYCLOSEDPROFILEDEF(.AREA.,$,#7090);
#7093=IFCCARTESIANPOINT((0.51807510852813721,0.10250000178813934,0.02500000037252903));
#7094=IFCDIRECTION((0.,-1.,0.));
#7095=IFCDIRECTION((1.,0.,0.));
#7096=IFCAXIS2PLACEMENT3D(#7093,#7094,#7095);
#7097=IFCDIRECTION((0.,0.,-1.));
#7098=IFCEXTRUDEDAREASOLID(#7092,#7096,#7097,0.01);
#7099=IFCSHAPEREPRESENTATION(#11,'Body','SweptSolid',(#7027,#7038,#7049,#7058,#7067,#7078,#7089,#7098));
#7100=IFCCARTESIANPOINTLIST2D(((0.05000000074505806,0.05000000074505806),(0.49307510815560818,0.05000000074505806)));
#7101=IFCINDEXEDPOLYCURVE(#7100,$,$);
#7102=IFCCARTESIANPOINTLIST2D(((0.,0.10000000149011612),(0.02500000037252903,0.10000000149011612),(0.02500000037252903,0.090000001713633537),(0.05000000074505806,0.090000001713633537),(0.05000000074505806,0.05000000074505806),(0.,0.05000000074505806)));
#7103=IFCINDEXEDPOLYCURVE(#7102,(IFCLINEINDEX((1,2,3,4,5,6,1))),$);
#7104=IFCCARTESIANPOINTLIST2D(((0.51807510852813721,0.10000000149011612),(0.51807510852813721,0.10000000149011612),(0.51807510852813721,0.090000001713633537),(0.49307510815560818,0.090000001713633537),(0.49307510815560818,0.05000000074505806),(0.51807510852813721,0.05000000074505806)));
#7105=IFCINDEXEDPOLYCURVE(#7104,$,$);
#7106=IFCCARTESIANPOINTLIST2D(((0.02500000037252903,0.090000001713633537),(0.060000000521540642,0.090000001713633537),(0.060000000521540642,0.12500000186264515),(0.02500000037252903,0.12500000186264515)));
#7107=IFCINDEXEDPOLYCURVE(#7106,(IFCLINEINDEX((1,2,3,4,1))),$);
#7108=IFCINDEXEDPOLYCURVE(#7109,(IFCLINEINDEX((1,2,3,4,1))),$);
#7109=IFCCARTESIANPOINTLIST2D(((0.51807510852813721,0.090000001713633537),(0.4830751083791256,0.090000001713633537),(0.4830751083791256,0.12500000186264515),(0.51807510852813721,0.12500000186264515)));
#7110=IFCCARTESIANPOINTLIST2D(((0.060000000521540642,0.090000001713633537),(0.4830751083791256,0.090000001713633537)));
#7111=IFCINDEXEDPOLYCURVE(#7110,$,$);
#7112=IFCINDEXEDPOLYCURVE(#7113,$,$);
#7113=IFCCARTESIANPOINTLIST2D(((0.060000000521540642,0.12500000186264515),(0.4830751083791256,0.12500000186264515)));
#7114=IFCINDEXEDPOLYCURVE(#7115,$,$);
#7115=IFCCARTESIANPOINTLIST2D(((0.060000000521540642,0.10750000178813934),(0.4830751083791256,0.10750000178813934)));
#7116=IFCCARTESIANPOINTLIST2D(((0.54307510890066624,0.05000000074505806),(0.99891955778002739,0.05000000074505806)));
#7117=IFCINDEXEDPOLYCURVE(#7116,$,$);
#7118=IFCCARTESIANPOINTLIST2D(((0.51807510852813721,0.10000000149011612),(0.51807510852813721,0.10000000149011612),(0.51807510852813721,0.090000001713633537),(0.54307510890066624,0.090000001713633537),(0.54307510890066624,0.05000000074505806),(0.51807510852813721,0.05000000074505806)));
#7119=IFCINDEXEDPOLYCURVE(#7118,$,$);
#7120=IFCCARTESIANPOINTLIST2D(((1.0489195585250854,0.10000000149011612),(1.0239195581525564,0.10000000149011612),(1.0239195581525564,0.090000001713633537),(0.99891955778002739,0.090000001713633537),(0.99891955778002739,0.05000000074505806),(1.0489195585250854,0.05000000074505806)));
#7121=IFCINDEXEDPOLYCURVE(#7120,(IFCLINEINDEX((1,2,3,4,5,6,1))),$);
#7122=IFCCARTESIANPOINTLIST2D(((0.51807510852813721,0.090000001713633537),(0.55307510867714882,0.090000001713633537),(0.55307510867714882,0.12500000186264515),(0.51807510852813721,0.12500000186264515)));
#7123=IFCINDEXEDPOLYCURVE(#7122,(IFCLINEINDEX((1,2,3,4,1))),$);
#7124=IFCINDEXEDPOLYCURVE(#7125,(IFCLINEINDEX((1,2,3,4,1))),$);
#7125=IFCCARTESIANPOINTLIST2D(((1.0239195581525564,0.090000001713633537),(0.98891955800354481,0.090000001713633537),(0.98891955800354481,0.12500000186264515),(1.0239195581525564,0.12500000186264515)));
#7126=IFCCARTESIANPOINTLIST2D(((0.55307510867714882,0.090000001713633537),(0.98891955800354481,0.090000001713633537)));
#7127=IFCINDEXEDPOLYCURVE(#7126,$,$);
#7128=IFCINDEXEDPOLYCURVE(#7129,$,$);
#7129=IFCCARTESIANPOINTLIST2D(((0.55307510867714882,0.12500000186264515),(0.98891955800354481,0.12500000186264515)));
#7130=IFCINDEXEDPOLYCURVE(#7131,$,$);
#7131=IFCCARTESIANPOINTLIST2D(((0.55307510867714882,0.10750000178813934),(0.98891955800354481,0.10750000178813934)));
#7132=IFCSHAPEREPRESENTATION(#24,'Body','Curve2D',(#7101,#7103,#7105,#7107,#7108,#7111,#7112,#7114,#7117,#7119,#7121,#7123,#7124,#7127,#7128,#7130));
#7133=IFCCARTESIANPOINTLIST2D(((0.,0.),(1.0489195585250854,0.),(1.0489195585250854,0.89999997615814209),(0.,0.89999997615814209)));
#7134=IFCINDEXEDPOLYCURVE(#7133,(IFCLINEINDEX((1,2,3,4,1))),$);
#7135=IFCARBITRARYCLOSEDPROFILEDEF(.AREA.,$,#7134);
#7136=IFCCARTESIANPOINT((0.,-0.60000002384185791,0.));
#7137=IFCDIRECTION((0.,-1.,0.));
#7138=IFCDIRECTION((1.,0.,0.));
#7139=IFCAXIS2PLACEMENT3D(#7136,#7137,#7138);
#7140=IFCDIRECTION((0.,0.,-1.));
#7141=IFCEXTRUDEDAREASOLID(#7135,#7139,#7140,1.2);
#7142=IFCSHAPEREPRESENTATION(#11,'Body','SweptSolid',(#7141));
#7163=IFCCARTESIANPOINT((1.1410021470058087,1.0728836059570312E-06,1.));
#7164=IFCDIRECTION((0.,0.,1.));
#7165=IFCDIRECTION((0.99999999999988631,-4.7683715820307079E-07,0.));
#7166=IFCAXIS2PLACEMENT3D(#7163,#7164,#7165);
#7167=IFCLOCALPLACEMENT(#8540,#7166);
#7173=IFCCARTESIANPOINTLIST3D(((0.,0.,0.),(0.65155994892120361,0.,0.),(0.65155994892120361,0.,0.89999997615814209),(0.,0.,0.89999997615814209)));
#7174=IFCINDEXEDPOLYCURVE(#7173,(IFCLINEINDEX((1,2,3,4,1))),$);
#7175=IFCSHAPEREPRESENTATION(#18,'Profile','Curve3D',(#7174));
#7176=IFCCARTESIANPOINTLIST2D(((0.,0.),(0.65155994892120361,0.),(0.65155994892120361,0.89999997615814209),(0.,0.89999997615814209)));
#7177=IFCINDEXEDPOLYCURVE(#7176,(IFCLINEINDEX((1,2,3,4,1))),$);
#7178=IFCCARTESIANPOINTLIST2D(((0.02500000037252903,0.02500000037252903),(0.62655994854867458,0.02500000037252903),(0.62655994854867458,0.87499997578561306),(0.02500000037252903,0.87499997578561306)));
#7179=IFCINDEXEDPOLYCURVE(#7178,(IFCLINEINDEX((1,2,3,4,1))),$);
#7180=IFCARBITRARYPROFILEDEFWITHVOIDS(.AREA.,$,#7177,(#7179));
#7181=IFCCARTESIANPOINT((0.,0.090000001713633537,0.));
#7182=IFCDIRECTION((0.,-1.,0.));
#7183=IFCDIRECTION((1.,0.,0.));
#7184=IFCAXIS2PLACEMENT3D(#7181,#7182,#7183);
#7185=IFCDIRECTION((0.,0.,-1.));
#7186=IFCEXTRUDEDAREASOLID(#7180,#7184,#7185,0.0099999997764825821);
#7187=IFCCARTESIANPOINTLIST2D(((0.,0.),(0.65155994892120361,0.),(0.65155994892120361,0.89999997615814209),(0.,0.89999997615814209)));
#7188=IFCINDEXEDPOLYCURVE(#7187,(IFCLINEINDEX((1,2,3,4,1))),$);
#7189=IFCCARTESIANPOINTLIST2D(((0.05000000074505806,0.05000000074505806),(0.60155994817614555,0.05000000074505806),(0.60155994817614555,0.84999997541308403),(0.05000000074505806,0.84999997541308403)));
#7190=IFCINDEXEDPOLYCURVE(#7189,(IFCLINEINDEX((1,2,3,4,1))),$);
#7191=IFCARBITRARYPROFILEDEFWITHVOIDS(.AREA.,$,#7188,(#7190));
#7192=IFCCARTESIANPOINT((0.,0.05000000074505806,0.));
#7193=IFCDIRECTION((0.,-1.,0.));
#7194=IFCDIRECTION((1.,0.,0.));
#7195=IFCAXIS2PLACEMENT3D(#7192,#7193,#7194);
#7196=IFCDIRECTION((0.,0.,-1.));
#7197=IFCEXTRUDEDAREASOLID(#7191,#7195,#7196,0.040000000968575478);
#7198=IFCCARTESIANPOINTLIST2D(((0.,0.),(0.60155994817614555,0.),(0.60155994817614555,0.84999997541308403),(0.,0.84999997541308403)));
#7199=IFCINDEXEDPOLYCURVE(#7198,(IFCLINEINDEX((1,2,3,4,1))),$);
#7200=IFCCARTESIANPOINTLIST2D(((0.035000000149011612,0.035000000149011612),(0.56655994802713394,0.035000000149011612),(0.56655994802713394,0.81499997526407242),(0.035000000149011612,0.81499997526407242)));
#7201=IFCINDEXEDPOLYCURVE(#7200,(IFCLINEINDEX((1,2,3,4,1))),$);
#7202=IFCARBITRARYPROFILEDEFWITHVOIDS(.AREA.,$,#7199,(#7201));
#7203=IFCCARTESIANPOINT((0.02500000037252903,0.090000001713633537,0.02500000037252903));
#7204=IFCDIRECTION((0.,-1.,0.));
#7205=IFCDIRECTION((1.,0.,0.));
#7206=IFCAXIS2PLACEMENT3D(#7203,#7204,#7205);
#7207=IFCDIRECTION((0.,0.,-1.));
#7208=IFCEXTRUDEDAREASOLID(#7202,#7206,#7207,0.035000000149011612);
#7209=IFCINDEXEDPOLYCURVE(#7210,(IFCLINEINDEX((1,2,3,4,1))),$);
#7210=IFCCARTESIANPOINTLIST2D(((0.035000000149011612,0.035000000149011612),(0.56655994802713394,0.035000000149011612),(0.56655994802713394,0.81499997526407242),(0.035000000149011612,0.81499997526407242)));
#7211=IFCARBITRARYCLOSEDPROFILEDEF(.AREA.,$,#7209);
#7212=IFCCARTESIANPOINT((0.02500000037252903,0.10250000178813934,0.02500000037252903));
#7213=IFCDIRECTION((0.,-1.,0.));
#7214=IFCDIRECTION((1.,0.,0.));
#7215=IFCAXIS2PLACEMENT3D(#7212,#7213,#7214);
#7216=IFCDIRECTION((0.,0.,-1.));
#7217=IFCEXTRUDEDAREASOLID(#7211,#7215,#7216,0.01);
#7218=IFCSHAPEREPRESENTATION(#11,'Body','SweptSolid',(#7186,#7197,#7208,#7217));
#7219=IFCCARTESIANPOINTLIST2D(((0.05000000074505806,0.05000000074505806),(0.60155994817614555,0.05000000074505806)));
#7220=IFCINDEXEDPOLYCURVE(#7219,$,$);
#7221=IFCCARTESIANPOINTLIST2D(((0.,0.10000000149011612),(0.02500000037252903,0.10000000149011612),(0.02500000037252903,0.090000001713633537),(0.05000000074505806,0.090000001713633537),(0.05000000074505806,0.05000000074505806),(0.,0.05000000074505806)));
#7222=IFCINDEXEDPOLYCURVE(#7221,(IFCLINEINDEX((1,2,3,4,5,6,1))),$);
#7223=IFCCARTESIANPOINTLIST2D(((0.65155994892120361,0.10000000149011612),(0.62655994854867458,0.10000000149011612),(0.62655994854867458,0.090000001713633537),(0.60155994817614555,0.090000001713633537),(0.60155994817614555,0.05000000074505806),(0.65155994892120361,0.05000000074505806)));
#7224=IFCINDEXEDPOLYCURVE(#7223,(IFCLINEINDEX((1,2,3,4,5,6,1))),$);
#7225=IFCCARTESIANPOINTLIST2D(((0.02500000037252903,0.090000001713633537),(0.060000000521540642,0.090000001713633537),(0.060000000521540642,0.12500000186264515),(0.02500000037252903,0.12500000186264515)));
#7226=IFCINDEXEDPOLYCURVE(#7225,(IFCLINEINDEX((1,2,3,4,1))),$);
#7227=IFCINDEXEDPOLYCURVE(#7228,(IFCLINEINDEX((1,2,3,4,1))),$);
#7228=IFCCARTESIANPOINTLIST2D(((0.62655994854867458,0.090000001713633537),(0.59155994839966297,0.090000001713633537),(0.59155994839966297,0.12500000186264515),(0.62655994854867458,0.12500000186264515)));
#7229=IFCCARTESIANPOINTLIST2D(((0.060000000521540642,0.090000001713633537),(0.59155994839966297,0.090000001713633537)));
#7230=IFCINDEXEDPOLYCURVE(#7229,$,$);
#7231=IFCINDEXEDPOLYCURVE(#7232,$,$);
#7232=IFCCARTESIANPOINTLIST2D(((0.060000000521540642,0.12500000186264515),(0.59155994839966297,0.12500000186264515)));
#7233=IFCINDEXEDPOLYCURVE(#7234,$,$);
#7234=IFCCARTESIANPOINTLIST2D(((0.060000000521540642,0.10750000178813934),(0.59155994839966297,0.10750000178813934)));
#7235=IFCSHAPEREPRESENTATION(#24,'Body','Curve2D',(#7220,#7222,#7224,#7226,#7227,#7230,#7231,#7233));
#7236=IFCCARTESIANPOINTLIST2D(((0.,0.),(0.65155994892120361,0.),(0.65155994892120361,0.89999997615814209),(0.,0.89999997615814209)));
#7237=IFCINDEXEDPOLYCURVE(#7236,(IFCLINEINDEX((1,2,3,4,1))),$);
#7238=IFCARBITRARYCLOSEDPROFILEDEF(.AREA.,$,#7237);
#7239=IFCCARTESIANPOINT((0.,-0.60000002384185791,0.));
#7240=IFCDIRECTION((0.,-1.,0.));
#7241=IFCDIRECTION((1.,0.,0.));
#7242=IFCAXIS2PLACEMENT3D(#7239,#7240,#7241);
#7243=IFCDIRECTION((0.,0.,-1.));
#7244=IFCEXTRUDEDAREASOLID(#7238,#7242,#7243,1.2);
#7245=IFCSHAPEREPRESENTATION(#11,'Body','SweptSolid',(#7244));
#7251=IFCCARTESIANPOINT((1.8296541472309091,7.152557373046875E-07,1.));
#7252=IFCDIRECTION((0.,0.,1.));
#7253=IFCDIRECTION((0.99999999999988631,-4.7683715820307079E-07,0.));
#7254=IFCAXIS2PLACEMENT3D(#7251,#7252,#7253);
#7255=IFCLOCALPLACEMENT(#8550,#7254);
#7256=IFCCARTESIANPOINT((0.,0.,0.));
#7257=IFCDIRECTION((0.,0.,1.));
#7258=IFCDIRECTION((1.,0.,0.));
#7259=IFCAXIS2PLACEMENT3D(#7256,#7257,#7258);
#7260=IFCLOCALPLACEMENT(#7255,#7259);
#7261=IFCWINDOWTYPE('2wiBDlylDCZvGw5SaWliZg',$,'GUEST2-GF',$,$,(#7262),(#7264,#7272,#7320),$,$,.WINDOW.,.SINGLE_PANEL.,$,$);
#7262=IFCPROPERTYSET('1EjK1jTJX3DvygjJVB5RsS',$,'BBIM_Window',$,(#7263));
#7263=IFCPROPERTYSINGLEVALUE('Data',$,IFCTEXT('{"window_type": "SINGLE_PANEL", "overall_height": 0.8999999761581421, "overall_width": 0.7887066602706909, "lining_properties": {"lining_depth": 0.05000000074505806, "lining_thickness": 0.05000000074505806, "lining_offset": 0.05000000074505806, "lining_to_panel_offset_x": 0.02500000037252903, "lining_to_panel_offset_y": 0.02500000037252903}, "panel_properties": {"frame_depth": [0.03500000014901161, 0.03500000014901161, 0.03500000014901161], "frame_thickness": [0.03500000014901161, 0.03500000014901161, 0.03500000014901161]}}'),$);
#7264=IFCREPRESENTATIONMAP(#7265,#7503);
#7265=IFCAXIS2PLACEMENT3D(#7266,#7267,#7268);
#7266=IFCCARTESIANPOINT((0.,0.,0.));
#7267=IFCDIRECTION((0.,0.,1.));
#7268=IFCDIRECTION((1.,0.,0.));
#7272=IFCREPRESENTATIONMAP(#7273,#7546);
#7273=IFCAXIS2PLACEMENT3D(#7274,#7275,#7276);
#7274=IFCCARTESIANPOINT((0.,0.,0.));
#7275=IFCDIRECTION((0.,0.,1.));
#7276=IFCDIRECTION((1.,0.,0.));
#7320=IFCREPRESENTATIONMAP(#7321,#7563);
#7321=IFCAXIS2PLACEMENT3D(#7322,#7323,#7324);
#7322=IFCCARTESIANPOINT((0.,0.,0.));
#7323=IFCDIRECTION((0.,0.,1.));
#7324=IFCDIRECTION((1.,0.,0.));
#7342=IFCWINDOW('0hMAKj91P3mQRI$f4k_BbF',$,'Window',$,$,#7986,#7351,$,0.89999997615814209,0.78870666027069092,$,.SINGLE_PANEL.,$);
#7343=IFCRELDEFINESBYTYPE('33Ydjpi$n0agzmKv7g13gJ',$,$,$,(#7342),#7261);
#7344=IFCCARTESIANPOINT((0.,0.,0.));
#7345=IFCDIRECTION((1.,0.,0.));
#7346=IFCDIRECTION((0.,1.,0.));
#7347=IFCDIRECTION((0.,0.,1.));
#7348=IFCCARTESIANTRANSFORMATIONOPERATOR3D(#7345,#7346,#7344,1.,#7347);
#7349=IFCMAPPEDITEM(#7264,#7348);
#7350=IFCSHAPEREPRESENTATION(#18,'Profile','MappedRepresentation',(#7349));
#7351=IFCPRODUCTDEFINITIONSHAPE($,$,(#7350,#7358,#7365));
#7352=IFCCARTESIANPOINT((0.,0.,0.));
#7353=IFCDIRECTION((1.,0.,0.));
#7354=IFCDIRECTION((0.,1.,0.));
#7355=IFCDIRECTION((0.,0.,1.));
#7356=IFCCARTESIANTRANSFORMATIONOPERATOR3D(#7353,#7354,#7352,1.,#7355);
#7357=IFCMAPPEDITEM(#7272,#7356);
#7358=IFCSHAPEREPRESENTATION(#11,'Body','MappedRepresentation',(#7357));
#7359=IFCCARTESIANPOINT((0.,0.,0.));
#7360=IFCDIRECTION((1.,0.,0.));
#7361=IFCDIRECTION((0.,1.,0.));
#7362=IFCDIRECTION((0.,0.,1.));
#7363=IFCCARTESIANTRANSFORMATIONOPERATOR3D(#7360,#7361,#7359,1.,#7362);
#7364=IFCMAPPEDITEM(#7320,#7363);
#7365=IFCSHAPEREPRESENTATION(#24,'Body','MappedRepresentation',(#7364));
#7366=IFCOPENINGELEMENT('04n9w6yaH4avR2oTxD5huj',$,'Opening',$,$,#7598,#7394,$,.OPENING.);
#7382=IFCCARTESIANPOINT((0.,0.,0.));
#7383=IFCDIRECTION((1.,0.,0.));
#7384=IFCDIRECTION((0.,0.,1.));
#7385=IFCAXIS2PLACEMENT3D(#7382,#7384,#7383);
#7386=IFCREPRESENTATIONMAP(#7385,#7573);
#7387=IFCCARTESIANPOINT((0.,0.,0.));
#7388=IFCDIRECTION((1.,0.,0.));
#7389=IFCDIRECTION((0.,1.,0.));
#7390=IFCDIRECTION((0.,0.,1.));
#7391=IFCCARTESIANTRANSFORMATIONOPERATOR3D(#7388,#7389,#7387,1.,#7390);
#7392=IFCMAPPEDITEM(#7386,#7391);
#7393=IFCSHAPEREPRESENTATION(#11,'Body','MappedRepresentation',(#7392));
#7394=IFCPRODUCTDEFINITIONSHAPE($,$,(#7393));
#7395=IFCRELVOIDSELEMENT('0xCuL1ABvCHA7FHZFtcdl0',$,$,$,#250,#7366);
#7401=IFCRELFILLSELEMENT('2PT2Gv4fXEaxRATDE7CO43',$,$,$,#7366,#7342);
#7410=IFCCARTESIANPOINTLIST2D(((0.,0.),(0.74588525295257568,0.),(0.74588525295257568,0.89999997615814209),(0.,0.89999997615814209)));
#7411=IFCINDEXEDPOLYCURVE(#7410,(IFCLINEINDEX((1,2,3,4,1))),$);
#7412=IFCCARTESIANPOINTLIST2D(((0.02500000037252903,0.02500000037252903),(0.72088525258004665,0.02500000037252903),(0.72088525258004665,0.87499997578561306),(0.02500000037252903,0.87499997578561306)));
#7413=IFCINDEXEDPOLYCURVE(#7412,(IFCLINEINDEX((1,2,3,4,1))),$);
#7414=IFCARBITRARYPROFILEDEFWITHVOIDS(.AREA.,$,#7411,(#7413));
#7415=IFCCARTESIANPOINT((0.,0.090000001713633537,0.));
#7416=IFCDIRECTION((0.,-1.,0.));
#7417=IFCDIRECTION((1.,0.,0.));
#7418=IFCAXIS2PLACEMENT3D(#7415,#7416,#7417);
#7419=IFCDIRECTION((0.,0.,-1.));
#7420=IFCEXTRUDEDAREASOLID(#7414,#7418,#7419,0.0099999997764825821);
#7421=IFCCARTESIANPOINTLIST2D(((0.,0.),(0.74588525295257568,0.),(0.74588525295257568,0.89999997615814209),(0.,0.89999997615814209)));
#7422=IFCINDEXEDPOLYCURVE(#7421,(IFCLINEINDEX((1,2,3,4,1))),$);
#7423=IFCCARTESIANPOINTLIST2D(((0.05000000074505806,0.05000000074505806),(0.69588525220751762,0.05000000074505806),(0.69588525220751762,0.84999997541308403),(0.05000000074505806,0.84999997541308403)));
#7424=IFCINDEXEDPOLYCURVE(#7423,(IFCLINEINDEX((1,2,3,4,1))),$);
#7425=IFCARBITRARYPROFILEDEFWITHVOIDS(.AREA.,$,#7422,(#7424));
#7426=IFCCARTESIANPOINT((0.,0.05000000074505806,0.));
#7427=IFCDIRECTION((0.,-1.,0.));
#7428=IFCDIRECTION((1.,0.,0.));
#7429=IFCAXIS2PLACEMENT3D(#7426,#7427,#7428);
#7430=IFCDIRECTION((0.,0.,-1.));
#7431=IFCEXTRUDEDAREASOLID(#7425,#7429,#7430,0.040000000968575478);
#7432=IFCCARTESIANPOINTLIST2D(((0.,0.),(0.69588525220751762,0.),(0.69588525220751762,0.84999997541308403),(0.,0.84999997541308403)));
#7433=IFCINDEXEDPOLYCURVE(#7432,(IFCLINEINDEX((1,2,3,4,1))),$);
#7434=IFCCARTESIANPOINTLIST2D(((0.035000000149011612,0.035000000149011612),(0.66088525205850601,0.035000000149011612),(0.66088525205850601,0.81499997526407242),(0.035000000149011612,0.81499997526407242)));
#7435=IFCINDEXEDPOLYCURVE(#7434,(IFCLINEINDEX((1,2,3,4,1))),$);
#7436=IFCARBITRARYPROFILEDEFWITHVOIDS(.AREA.,$,#7433,(#7435));
#7437=IFCCARTESIANPOINT((0.02500000037252903,0.090000001713633537,0.02500000037252903));
#7438=IFCDIRECTION((0.,-1.,0.));
#7439=IFCDIRECTION((1.,0.,0.));
#7440=IFCAXIS2PLACEMENT3D(#7437,#7438,#7439);
#7441=IFCDIRECTION((0.,0.,-1.));
#7442=IFCEXTRUDEDAREASOLID(#7436,#7440,#7441,0.035000000149011612);
#7443=IFCINDEXEDPOLYCURVE(#7444,(IFCLINEINDEX((1,2,3,4,1))),$);
#7444=IFCCARTESIANPOINTLIST2D(((0.035000000149011612,0.035000000149011612),(0.66088525205850601,0.035000000149011612),(0.66088525205850601,0.81499997526407242),(0.035000000149011612,0.81499997526407242)));
#7445=IFCARBITRARYCLOSEDPROFILEDEF(.AREA.,$,#7443);
#7446=IFCCARTESIANPOINT((0.02500000037252903,0.10250000178813934,0.02500000037252903));
#7447=IFCDIRECTION((0.,-1.,0.));
#7448=IFCDIRECTION((1.,0.,0.));
#7449=IFCAXIS2PLACEMENT3D(#7446,#7447,#7448);
#7450=IFCDIRECTION((0.,0.,-1.));
#7451=IFCEXTRUDEDAREASOLID(#7445,#7449,#7450,0.01);
#7453=IFCSHAPEREPRESENTATION(#11,'Body','SweptSolid',(#7525,#7420,#7431,#7514));
#7454=IFCSHAPEASPECT((#7453),'Lining',$,.T.,#7351);
#7455=IFCSHAPEREPRESENTATION(#11,'Body','SweptSolid',(#7536,#7442));
#7456=IFCSHAPEASPECT((#7455),'Framing',$,.T.,#7351);
#7457=IFCSHAPEREPRESENTATION(#11,'Body','SweptSolid',(#7545,#7451));
#7458=IFCSHAPEASPECT((#7457),'Glazing',$,.T.,#7351);
#7501=IFCCARTESIANPOINTLIST3D(((0.,0.,0.),(0.78870666027069092,0.,0.),(0.78870666027069092,0.,0.89999997615814209),(0.,0.,0.89999997615814209)));
#7502=IFCINDEXEDPOLYCURVE(#7501,(IFCLINEINDEX((1,2,3,4,1))),$);
#7503=IFCSHAPEREPRESENTATION(#18,'Profile','Curve3D',(#7502));
#7504=IFCCARTESIANPOINTLIST2D(((0.,0.),(0.78870666027069092,0.),(0.78870666027069092,0.89999997615814209),(0.,0.89999997615814209)));
#7505=IFCINDEXEDPOLYCURVE(#7504,(IFCLINEINDEX((1,2,3,4,1))),$);
#7506=IFCCARTESIANPOINTLIST2D(((0.02500000037252903,0.02500000037252903),(0.76370665989816189,0.02500000037252903),(0.76370665989816189,0.87499997578561306),(0.02500000037252903,0.87499997578561306)));
#7507=IFCINDEXEDPOLYCURVE(#7506,(IFCLINEINDEX((1,2,3,4,1))),$);
#7508=IFCARBITRARYPROFILEDEFWITHVOIDS(.AREA.,$,#7505,(#7507));
#7509=IFCCARTESIANPOINT((0.,0.090000001713633537,0.));
#7510=IFCDIRECTION((0.,-1.,0.));
#7511=IFCDIRECTION((1.,0.,0.));
#7512=IFCAXIS2PLACEMENT3D(#7509,#7510,#7511);
#7513=IFCDIRECTION((0.,0.,-1.));
#7514=IFCEXTRUDEDAREASOLID(#7508,#7512,#7513,0.0099999997764825821);
#7515=IFCCARTESIANPOINTLIST2D(((0.,0.),(0.78870666027069092,0.),(0.78870666027069092,0.89999997615814209),(0.,0.89999997615814209)));
#7516=IFCINDEXEDPOLYCURVE(#7515,(IFCLINEINDEX((1,2,3,4,1))),$);
#7517=IFCCARTESIANPOINTLIST2D(((0.05000000074505806,0.05000000074505806),(0.73870665952563286,0.05000000074505806),(0.73870665952563286,0.84999997541308403),(0.05000000074505806,0.84999997541308403)));
#7518=IFCINDEXEDPOLYCURVE(#7517,(IFCLINEINDEX((1,2,3,4,1))),$);
#7519=IFCARBITRARYPROFILEDEFWITHVOIDS(.AREA.,$,#7516,(#7518));
#7520=IFCCARTESIANPOINT((0.,0.05000000074505806,0.));
#7521=IFCDIRECTION((0.,-1.,0.));
#7522=IFCDIRECTION((1.,0.,0.));
#7523=IFCAXIS2PLACEMENT3D(#7520,#7521,#7522);
#7524=IFCDIRECTION((0.,0.,-1.));
#7525=IFCEXTRUDEDAREASOLID(#7519,#7523,#7524,0.040000000968575478);
#7526=IFCCARTESIANPOINTLIST2D(((0.,0.),(0.73870665952563286,0.),(0.73870665952563286,0.84999997541308403),(0.,0.84999997541308403)));
#7527=IFCINDEXEDPOLYCURVE(#7526,(IFCLINEINDEX((1,2,3,4,1))),$);
#7528=IFCCARTESIANPOINTLIST2D(((0.035000000149011612,0.035000000149011612),(0.70370665937662125,0.035000000149011612),(0.70370665937662125,0.81499997526407242),(0.035000000149011612,0.81499997526407242)));
#7529=IFCINDEXEDPOLYCURVE(#7528,(IFCLINEINDEX((1,2,3,4,1))),$);
#7530=IFCARBITRARYPROFILEDEFWITHVOIDS(.AREA.,$,#7527,(#7529));
#7531=IFCCARTESIANPOINT((0.02500000037252903,0.090000001713633537,0.02500000037252903));
#7532=IFCDIRECTION((0.,-1.,0.));
#7533=IFCDIRECTION((1.,0.,0.));
#7534=IFCAXIS2PLACEMENT3D(#7531,#7532,#7533);
#7535=IFCDIRECTION((0.,0.,-1.));
#7536=IFCEXTRUDEDAREASOLID(#7530,#7534,#7535,0.035000000149011612);
#7537=IFCINDEXEDPOLYCURVE(#7538,(IFCLINEINDEX((1,2,3,4,1))),$);
#7538=IFCCARTESIANPOINTLIST2D(((0.035000000149011612,0.035000000149011612),(0.70370665937662125,0.035000000149011612),(0.70370665937662125,0.81499997526407242),(0.035000000149011612,0.81499997526407242)));
#7539=IFCARBITRARYCLOSEDPROFILEDEF(.AREA.,$,#7537);
#7540=IFCCARTESIANPOINT((0.02500000037252903,0.10250000178813934,0.02500000037252903));
#7541=IFCDIRECTION((0.,-1.,0.));
#7542=IFCDIRECTION((1.,0.,0.));
#7543=IFCAXIS2PLACEMENT3D(#7540,#7541,#7542);
#7544=IFCDIRECTION((0.,0.,-1.));
#7545=IFCEXTRUDEDAREASOLID(#7539,#7543,#7544,0.01);
#7546=IFCSHAPEREPRESENTATION(#11,'Body','SweptSolid',(#7514,#7525,#7536,#7545));
#7547=IFCCARTESIANPOINTLIST2D(((0.05000000074505806,0.05000000074505806),(0.73870665952563286,0.05000000074505806)));
#7548=IFCINDEXEDPOLYCURVE(#7547,$,$);
#7549=IFCCARTESIANPOINTLIST2D(((0.,0.10000000149011612),(0.02500000037252903,0.10000000149011612),(0.02500000037252903,0.090000001713633537),(0.05000000074505806,0.090000001713633537),(0.05000000074505806,0.05000000074505806),(0.,0.05000000074505806)));
#7550=IFCINDEXEDPOLYCURVE(#7549,(IFCLINEINDEX((1,2,3,4,5,6,1))),$);
#7551=IFCCARTESIANPOINTLIST2D(((0.78870666027069092,0.10000000149011612),(0.76370665989816189,0.10000000149011612),(0.76370665989816189,0.090000001713633537),(0.73870665952563286,0.090000001713633537),(0.73870665952563286,0.05000000074505806),(0.78870666027069092,0.05000000074505806)));
#7552=IFCINDEXEDPOLYCURVE(#7551,(IFCLINEINDEX((1,2,3,4,5,6,1))),$);
#7553=IFCCARTESIANPOINTLIST2D(((0.02500000037252903,0.090000001713633537),(0.060000000521540642,0.090000001713633537),(0.060000000521540642,0.12500000186264515),(0.02500000037252903,0.12500000186264515)));
#7554=IFCINDEXEDPOLYCURVE(#7553,(IFCLINEINDEX((1,2,3,4,1))),$);
#7555=IFCINDEXEDPOLYCURVE(#7556,(IFCLINEINDEX((1,2,3,4,1))),$);
#7556=IFCCARTESIANPOINTLIST2D(((0.76370665989816189,0.090000001713633537),(0.72870665974915028,0.090000001713633537),(0.72870665974915028,0.12500000186264515),(0.76370665989816189,0.12500000186264515)));
#7557=IFCCARTESIANPOINTLIST2D(((0.060000000521540642,0.090000001713633537),(0.72870665974915028,0.090000001713633537)));
#7558=IFCINDEXEDPOLYCURVE(#7557,$,$);
#7559=IFCINDEXEDPOLYCURVE(#7560,$,$);
#7560=IFCCARTESIANPOINTLIST2D(((0.060000000521540642,0.12500000186264515),(0.72870665974915028,0.12500000186264515)));
#7561=IFCINDEXEDPOLYCURVE(#7562,$,$);
#7562=IFCCARTESIANPOINTLIST2D(((0.060000000521540642,0.10750000178813934),(0.72870665974915028,0.10750000178813934)));
#7563=IFCSHAPEREPRESENTATION(#24,'Body','Curve2D',(#7548,#7550,#7552,#7554,#7555,#7558,#7559,#7561));
#7564=IFCCARTESIANPOINTLIST2D(((0.,0.),(0.78870666027069092,0.),(0.78870666027069092,0.89999997615814209),(0.,0.89999997615814209)));
#7565=IFCINDEXEDPOLYCURVE(#7564,(IFCLINEINDEX((1,2,3,4,1))),$);
#7566=IFCARBITRARYCLOSEDPROFILEDEF(.AREA.,$,#7565);
#7567=IFCCARTESIANPOINT((0.,-0.60000002384185791,0.));
#7568=IFCDIRECTION((0.,-1.,0.));
#7569=IFCDIRECTION((1.,0.,0.));
#7570=IFCAXIS2PLACEMENT3D(#7567,#7568,#7569);
#7571=IFCDIRECTION((0.,0.,-1.));
#7572=IFCEXTRUDEDAREASOLID(#7566,#7570,#7571,1.2);
#7573=IFCSHAPEREPRESENTATION(#11,'Body','SweptSolid',(#7572));
#7594=IFCCARTESIANPOINT((3.054411243985546,7.2307274612271044E-07,1.));
#7595=IFCDIRECTION((0.,0.,1.));
#7596=IFCDIRECTION((0.99999999999999289,1.1920928244535129E-07,0.));
#7597=IFCAXIS2PLACEMENT3D(#7594,#7595,#7596);
#7598=IFCLOCALPLACEMENT(#8535,#7597);
#7604=IFCWINDOWTYPE('1mZaWjx9z7pwyvoA1jzRj1',$,'MAIDS1-GF',$,$,(#7605),(#7607,#7615,#7663),$,$,.WINDOW.,.SINGLE_PANEL.,$,$);
#7605=IFCPROPERTYSET('1$MLJoMxjE3vq1DtTGuuj8',$,'BBIM_Window',$,(#7606));
#7606=IFCPROPERTYSINGLEVALUE('Data',$,IFCTEXT('{"window_type": "SINGLE_PANEL", "overall_height": 0.8999999761581421, "overall_width": 0.7821094989776611, "lining_properties": {"lining_depth": 0.05000000074505806, "lining_thickness": 0.05000000074505806, "lining_offset": 0.05000000074505806, "lining_to_panel_offset_x": 0.02500000037252903, "lining_to_panel_offset_y": 0.02500000037252903}, "panel_properties": {"frame_depth": [0.03500000014901161, 0.03500000014901161, 0.03500000014901161], "frame_thickness": [0.03500000014901161, 0.03500000014901161, 0.03500000014901161]}}'),$);
#7607=IFCREPRESENTATIONMAP(#7608,#7876);
#7608=IFCAXIS2PLACEMENT3D(#7609,#7610,#7611);
#7609=IFCCARTESIANPOINT((0.,0.,0.));
#7610=IFCDIRECTION((0.,0.,1.));
#7611=IFCDIRECTION((1.,0.,0.));
#7615=IFCREPRESENTATIONMAP(#7616,#7919);
#7616=IFCAXIS2PLACEMENT3D(#7617,#7618,#7619);
#7617=IFCCARTESIANPOINT((0.,0.,0.));
#7618=IFCDIRECTION((0.,0.,1.));
#7619=IFCDIRECTION((1.,0.,0.));
#7663=IFCREPRESENTATIONMAP(#7664,#7936);
#7664=IFCAXIS2PLACEMENT3D(#7665,#7666,#7667);
#7665=IFCCARTESIANPOINT((0.,0.,0.));
#7666=IFCDIRECTION((0.,0.,1.));
#7667=IFCDIRECTION((1.,0.,0.));
#7685=IFCWINDOW('1k0p4sdtP3XBsosmmgfRiY',$,'Window',$,$,#7991,#7694,$,0.89999997615814209,0.78210949897766113,$,.SINGLE_PANEL.,$);
#7686=IFCRELDEFINESBYTYPE('3KhLLPuUn6Lga03Rrz9cwt',$,$,$,(#7685),#7604);
#7687=IFCCARTESIANPOINT((0.,0.,0.));
#7688=IFCDIRECTION((1.,0.,0.));
#7689=IFCDIRECTION((0.,1.,0.));
#7690=IFCDIRECTION((0.,0.,1.));
#7691=IFCCARTESIANTRANSFORMATIONOPERATOR3D(#7688,#7689,#7687,1.,#7690);
#7692=IFCMAPPEDITEM(#7607,#7691);
#7693=IFCSHAPEREPRESENTATION(#18,'Profile','MappedRepresentation',(#7692));
#7694=IFCPRODUCTDEFINITIONSHAPE($,$,(#7693,#7701,#7708));
#7695=IFCCARTESIANPOINT((0.,0.,0.));
#7696=IFCDIRECTION((1.,0.,0.));
#7697=IFCDIRECTION((0.,1.,0.));
#7698=IFCDIRECTION((0.,0.,1.));
#7699=IFCCARTESIANTRANSFORMATIONOPERATOR3D(#7696,#7697,#7695,1.,#7698);
#7700=IFCMAPPEDITEM(#7615,#7699);
#7701=IFCSHAPEREPRESENTATION(#11,'Body','MappedRepresentation',(#7700));
#7702=IFCCARTESIANPOINT((0.,0.,0.));
#7703=IFCDIRECTION((1.,0.,0.));
#7704=IFCDIRECTION((0.,1.,0.));
#7705=IFCDIRECTION((0.,0.,1.));
#7706=IFCCARTESIANTRANSFORMATIONOPERATOR3D(#7703,#7704,#7702,1.,#7705);
#7707=IFCMAPPEDITEM(#7663,#7706);
#7708=IFCSHAPEREPRESENTATION(#24,'Body','MappedRepresentation',(#7707));
#7709=IFCOPENINGELEMENT('1rr73YL_PB1g9h467o1r6D',$,'Opening',$,$,#7971,#7737,$,.OPENING.);
#7725=IFCCARTESIANPOINT((0.,0.,0.));
#7726=IFCDIRECTION((1.,0.,0.));
#7727=IFCDIRECTION((0.,0.,1.));
#7728=IFCAXIS2PLACEMENT3D(#7725,#7727,#7726);
#7729=IFCREPRESENTATIONMAP(#7728,#7946);
#7730=IFCCARTESIANPOINT((0.,0.,0.));
#7731=IFCDIRECTION((1.,0.,0.));
#7732=IFCDIRECTION((0.,1.,0.));
#7733=IFCDIRECTION((0.,0.,1.));
#7734=IFCCARTESIANTRANSFORMATIONOPERATOR3D(#7731,#7732,#7730,1.,#7733);
#7735=IFCMAPPEDITEM(#7729,#7734);
#7736=IFCSHAPEREPRESENTATION(#11,'Body','MappedRepresentation',(#7735));
#7737=IFCPRODUCTDEFINITIONSHAPE($,$,(#7736));
#7738=IFCRELVOIDSELEMENT('2AiFhoH2H3$9kNLk9YETMY',$,$,$,#225,#7709);
#7744=IFCRELFILLSELEMENT('3LpP92Ihn7d9wNSYV9bfOT',$,$,$,#7709,#7685);
#7753=IFCCARTESIANPOINTLIST2D(((0.,0.),(0.75570374727249146,0.),(0.75570374727249146,0.89999997615814209),(0.,0.89999997615814209)));
#7754=IFCINDEXEDPOLYCURVE(#7753,(IFCLINEINDEX((1,2,3,4,1))),$);
#7755=IFCCARTESIANPOINTLIST2D(((0.02500000037252903,0.02500000037252903),(0.73070374689996243,0.02500000037252903),(0.73070374689996243,0.87499997578561306),(0.02500000037252903,0.87499997578561306)));
#7756=IFCINDEXEDPOLYCURVE(#7755,(IFCLINEINDEX((1,2,3,4,1))),$);
#7757=IFCARBITRARYPROFILEDEFWITHVOIDS(.AREA.,$,#7754,(#7756));
#7758=IFCCARTESIANPOINT((0.,0.090000001713633537,0.));
#7759=IFCDIRECTION((0.,-1.,0.));
#7760=IFCDIRECTION((1.,0.,0.));
#7761=IFCAXIS2PLACEMENT3D(#7758,#7759,#7760);
#7762=IFCDIRECTION((0.,0.,-1.));
#7763=IFCEXTRUDEDAREASOLID(#7757,#7761,#7762,0.0099999997764825821);
#7764=IFCCARTESIANPOINTLIST2D(((0.,0.),(0.75570374727249146,0.),(0.75570374727249146,0.89999997615814209),(0.,0.89999997615814209)));
#7765=IFCINDEXEDPOLYCURVE(#7764,(IFCLINEINDEX((1,2,3,4,1))),$);
#7766=IFCCARTESIANPOINTLIST2D(((0.05000000074505806,0.05000000074505806),(0.7057037465274334,0.05000000074505806),(0.7057037465274334,0.84999997541308403),(0.05000000074505806,0.84999997541308403)));
#7767=IFCINDEXEDPOLYCURVE(#7766,(IFCLINEINDEX((1,2,3,4,1))),$);
#7768=IFCARBITRARYPROFILEDEFWITHVOIDS(.AREA.,$,#7765,(#7767));
#7769=IFCCARTESIANPOINT((0.,0.05000000074505806,0.));
#7770=IFCDIRECTION((0.,-1.,0.));
#7771=IFCDIRECTION((1.,0.,0.));
#7772=IFCAXIS2PLACEMENT3D(#7769,#7770,#7771);
#7773=IFCDIRECTION((0.,0.,-1.));
#7774=IFCEXTRUDEDAREASOLID(#7768,#7772,#7773,0.040000000968575478);
#7775=IFCCARTESIANPOINTLIST2D(((0.,0.),(0.7057037465274334,0.),(0.7057037465274334,0.84999997541308403),(0.,0.84999997541308403)));
#7776=IFCINDEXEDPOLYCURVE(#7775,(IFCLINEINDEX((1,2,3,4,1))),$);
#7777=IFCCARTESIANPOINTLIST2D(((0.035000000149011612,0.035000000149011612),(0.67070374637842178,0.035000000149011612),(0.67070374637842178,0.81499997526407242),(0.035000000149011612,0.81499997526407242)));
#7778=IFCINDEXEDPOLYCURVE(#7777,(IFCLINEINDEX((1,2,3,4,1))),$);
#7779=IFCARBITRARYPROFILEDEFWITHVOIDS(.AREA.,$,#7776,(#7778));
#7780=IFCCARTESIANPOINT((0.02500000037252903,0.090000001713633537,0.02500000037252903));
#7781=IFCDIRECTION((0.,-1.,0.));
#7782=IFCDIRECTION((1.,0.,0.));
#7783=IFCAXIS2PLACEMENT3D(#7780,#7781,#7782);
#7784=IFCDIRECTION((0.,0.,-1.));
#7785=IFCEXTRUDEDAREASOLID(#7779,#7783,#7784,0.035000000149011612);
#7786=IFCINDEXEDPOLYCURVE(#7787,(IFCLINEINDEX((1,2,3,4,1))),$);
#7787=IFCCARTESIANPOINTLIST2D(((0.035000000149011612,0.035000000149011612),(0.67070374637842178,0.035000000149011612),(0.67070374637842178,0.81499997526407242),(0.035000000149011612,0.81499997526407242)));
#7788=IFCARBITRARYCLOSEDPROFILEDEF(.AREA.,$,#7786);
#7789=IFCCARTESIANPOINT((0.02500000037252903,0.10250000178813934,0.02500000037252903));
#7790=IFCDIRECTION((0.,-1.,0.));
#7791=IFCDIRECTION((1.,0.,0.));
#7792=IFCAXIS2PLACEMENT3D(#7789,#7790,#7791);
#7793=IFCDIRECTION((0.,0.,-1.));
#7794=IFCEXTRUDEDAREASOLID(#7788,#7792,#7793,0.01);
#7796=IFCSHAPEREPRESENTATION(#11,'Body','SweptSolid',(#7774,#7887,#7898,#7763));
#7797=IFCSHAPEASPECT((#7796),'Lining',$,.T.,#7694);
#7798=IFCSHAPEREPRESENTATION(#11,'Body','SweptSolid',(#7909,#7785));
#7799=IFCSHAPEASPECT((#7798),'Framing',$,.T.,#7694);
#7800=IFCSHAPEREPRESENTATION(#11,'Body','SweptSolid',(#7794,#7918));
#7801=IFCSHAPEASPECT((#7800),'Glazing',$,.T.,#7694);
#7874=IFCCARTESIANPOINTLIST3D(((0.,0.,0.),(0.78210949897766113,0.,0.),(0.78210949897766113,0.,0.89999997615814209),(0.,0.,0.89999997615814209)));
#7875=IFCINDEXEDPOLYCURVE(#7874,(IFCLINEINDEX((1,2,3,4,1))),$);
#7876=IFCSHAPEREPRESENTATION(#18,'Profile','Curve3D',(#7875));
#7877=IFCCARTESIANPOINTLIST2D(((0.,0.),(0.78210949897766113,0.),(0.78210949897766113,0.89999997615814209),(0.,0.89999997615814209)));
#7878=IFCINDEXEDPOLYCURVE(#7877,(IFCLINEINDEX((1,2,3,4,1))),$);
#7879=IFCCARTESIANPOINTLIST2D(((0.02500000037252903,0.02500000037252903),(0.7571094986051321,0.02500000037252903),(0.7571094986051321,0.87499997578561306),(0.02500000037252903,0.87499997578561306)));
#7880=IFCINDEXEDPOLYCURVE(#7879,(IFCLINEINDEX((1,2,3,4,1))),$);
#7881=IFCARBITRARYPROFILEDEFWITHVOIDS(.AREA.,$,#7878,(#7880));
#7882=IFCCARTESIANPOINT((0.,0.090000001713633537,0.));
#7883=IFCDIRECTION((0.,-1.,0.));
#7884=IFCDIRECTION((1.,0.,0.));
#7885=IFCAXIS2PLACEMENT3D(#7882,#7883,#7884);
#7886=IFCDIRECTION((0.,0.,-1.));
#7887=IFCEXTRUDEDAREASOLID(#7881,#7885,#7886,0.0099999997764825821);
#7888=IFCCARTESIANPOINTLIST2D(((0.,0.),(0.78210949897766113,0.),(0.78210949897766113,0.89999997615814209),(0.,0.89999997615814209)));
#7889=IFCINDEXEDPOLYCURVE(#7888,(IFCLINEINDEX((1,2,3,4,1))),$);
#7890=IFCCARTESIANPOINTLIST2D(((0.05000000074505806,0.05000000074505806),(0.73210949823260307,0.05000000074505806),(0.73210949823260307,0.84999997541308403),(0.05000000074505806,0.84999997541308403)));
#7891=IFCINDEXEDPOLYCURVE(#7890,(IFCLINEINDEX((1,2,3,4,1))),$);
#7892=IFCARBITRARYPROFILEDEFWITHVOIDS(.AREA.,$,#7889,(#7891));
#7893=IFCCARTESIANPOINT((0.,0.05000000074505806,0.));
#7894=IFCDIRECTION((0.,-1.,0.));
#7895=IFCDIRECTION((1.,0.,0.));
#7896=IFCAXIS2PLACEMENT3D(#7893,#7894,#7895);
#7897=IFCDIRECTION((0.,0.,-1.));
#7898=IFCEXTRUDEDAREASOLID(#7892,#7896,#7897,0.040000000968575478);
#7899=IFCCARTESIANPOINTLIST2D(((0.,0.),(0.73210949823260307,0.),(0.73210949823260307,0.84999997541308403),(0.,0.84999997541308403)));
#7900=IFCINDEXEDPOLYCURVE(#7899,(IFCLINEINDEX((1,2,3,4,1))),$);
#7901=IFCCARTESIANPOINTLIST2D(((0.035000000149011612,0.035000000149011612),(0.69710949808359146,0.035000000149011612),(0.69710949808359146,0.81499997526407242),(0.035000000149011612,0.81499997526407242)));
#7902=IFCINDEXEDPOLYCURVE(#7901,(IFCLINEINDEX((1,2,3,4,1))),$);
#7903=IFCARBITRARYPROFILEDEFWITHVOIDS(.AREA.,$,#7900,(#7902));
#7904=IFCCARTESIANPOINT((0.02500000037252903,0.090000001713633537,0.02500000037252903));
#7905=IFCDIRECTION((0.,-1.,0.));
#7906=IFCDIRECTION((1.,0.,0.));
#7907=IFCAXIS2PLACEMENT3D(#7904,#7905,#7906);
#7908=IFCDIRECTION((0.,0.,-1.));
#7909=IFCEXTRUDEDAREASOLID(#7903,#7907,#7908,0.035000000149011612);
#7910=IFCINDEXEDPOLYCURVE(#7911,(IFCLINEINDEX((1,2,3,4,1))),$);
#7911=IFCCARTESIANPOINTLIST2D(((0.035000000149011612,0.035000000149011612),(0.69710949808359146,0.035000000149011612),(0.69710949808359146,0.81499997526407242),(0.035000000149011612,0.81499997526407242)));
#7912=IFCARBITRARYCLOSEDPROFILEDEF(.AREA.,$,#7910);
#7913=IFCCARTESIANPOINT((0.02500000037252903,0.10250000178813934,0.02500000037252903));
#7914=IFCDIRECTION((0.,-1.,0.));
#7915=IFCDIRECTION((1.,0.,0.));
#7916=IFCAXIS2PLACEMENT3D(#7913,#7914,#7915);
#7917=IFCDIRECTION((0.,0.,-1.));
#7918=IFCEXTRUDEDAREASOLID(#7912,#7916,#7917,0.01);
#7919=IFCSHAPEREPRESENTATION(#11,'Body','SweptSolid',(#7887,#7898,#7909,#7918));
#7920=IFCCARTESIANPOINTLIST2D(((0.05000000074505806,0.05000000074505806),(0.73210949823260307,0.05000000074505806)));
#7921=IFCINDEXEDPOLYCURVE(#7920,$,$);
#7922=IFCCARTESIANPOINTLIST2D(((0.,0.10000000149011612),(0.02500000037252903,0.10000000149011612),(0.02500000037252903,0.090000001713633537),(0.05000000074505806,0.090000001713633537),(0.05000000074505806,0.05000000074505806),(0.,0.05000000074505806)));
#7923=IFCINDEXEDPOLYCURVE(#7922,(IFCLINEINDEX((1,2,3,4,5,6,1))),$);
#7924=IFCCARTESIANPOINTLIST2D(((0.78210949897766113,0.10000000149011612),(0.7571094986051321,0.10000000149011612),(0.7571094986051321,0.090000001713633537),(0.73210949823260307,0.090000001713633537),(0.73210949823260307,0.05000000074505806),(0.78210949897766113,0.05000000074505806)));
#7925=IFCINDEXEDPOLYCURVE(#7924,(IFCLINEINDEX((1,2,3,4,5,6,1))),$);
#7926=IFCCARTESIANPOINTLIST2D(((0.02500000037252903,0.090000001713633537),(0.060000000521540642,0.090000001713633537),(0.060000000521540642,0.12500000186264515),(0.02500000037252903,0.12500000186264515)));
#7927=IFCINDEXEDPOLYCURVE(#7926,(IFCLINEINDEX((1,2,3,4,1))),$);
#7928=IFCINDEXEDPOLYCURVE(#7929,(IFCLINEINDEX((1,2,3,4,1))),$);
#7929=IFCCARTESIANPOINTLIST2D(((0.7571094986051321,0.090000001713633537),(0.72210949845612049,0.090000001713633537),(0.72210949845612049,0.12500000186264515),(0.7571094986051321,0.12500000186264515)));
#7930=IFCCARTESIANPOINTLIST2D(((0.060000000521540642,0.090000001713633537),(0.72210949845612049,0.090000001713633537)));
#7931=IFCINDEXEDPOLYCURVE(#7930,$,$);
#7932=IFCINDEXEDPOLYCURVE(#7933,$,$);
#7933=IFCCARTESIANPOINTLIST2D(((0.060000000521540642,0.12500000186264515),(0.72210949845612049,0.12500000186264515)));
#7934=IFCINDEXEDPOLYCURVE(#7935,$,$);
#7935=IFCCARTESIANPOINTLIST2D(((0.060000000521540642,0.10750000178813934),(0.72210949845612049,0.10750000178813934)));
#7936=IFCSHAPEREPRESENTATION(#24,'Body','Curve2D',(#7921,#7923,#7925,#7927,#7928,#7931,#7932,#7934));
#7937=IFCCARTESIANPOINTLIST2D(((0.,0.),(0.78210949897766113,0.),(0.78210949897766113,0.89999997615814209),(0.,0.89999997615814209)));
#7938=IFCINDEXEDPOLYCURVE(#7937,(IFCLINEINDEX((1,2,3,4,1))),$);
#7939=IFCARBITRARYCLOSEDPROFILEDEF(.AREA.,$,#7938);
#7940=IFCCARTESIANPOINT((0.,-0.60000002384185791,0.));
#7941=IFCDIRECTION((0.,-1.,0.));
#7942=IFCDIRECTION((1.,0.,0.));
#7943=IFCAXIS2PLACEMENT3D(#7940,#7941,#7942);
#7944=IFCDIRECTION((0.,0.,-1.));
#7945=IFCEXTRUDEDAREASOLID(#7939,#7943,#7944,1.2);
#7946=IFCSHAPEREPRESENTATION(#11,'Body','SweptSolid',(#7945));
#7967=IFCCARTESIANPOINT((0.78930699825299444,-1.6946967207331909E-07,1.));
#7968=IFCDIRECTION((0.,0.,1.));
#7969=IFCDIRECTION((0.99999999999988631,-4.7683715820291007E-07,0.));
#7970=IFCAXIS2PLACEMENT3D(#7967,#7968,#7969);
#7971=IFCLOCALPLACEMENT(#8520,#7970);
#7977=IFCCARTESIANPOINT((0.,0.,0.));
#7978=IFCDIRECTION((0.,0.,1.));
#7979=IFCDIRECTION((1.,0.,0.));
#7980=IFCAXIS2PLACEMENT3D(#7977,#7978,#7979);
#7981=IFCLOCALPLACEMENT(#7167,#7980);
#7982=IFCCARTESIANPOINT((-4.4408920985006262E-16,0.,0.));
#7983=IFCDIRECTION((0.,0.,1.));
#7984=IFCDIRECTION((1.,0.,0.));
#7985=IFCAXIS2PLACEMENT3D(#7982,#7983,#7984);
#7986=IFCLOCALPLACEMENT(#7598,#7985);
#7987=IFCCARTESIANPOINT((-1.1275702593849246E-16,-8.8817841970012523E-16,0.));
#7988=IFCDIRECTION((0.,0.,1.));
#7989=IFCDIRECTION((1.,2.1175823681357508E-22,0.));
#7990=IFCAXIS2PLACEMENT3D(#7987,#7988,#7989);
#7991=IFCLOCALPLACEMENT(#7971,#7990);
#8084=IFCBUILDING('29W1uU4afD6wU6zO$3uBVI',$,'ROOF',$,$,#8100,$,$,$,$,$,$);
#8096=IFCCARTESIANPOINT((0.,0.,0.));
#8097=IFCDIRECTION((0.,0.,1.));
#8098=IFCDIRECTION((1.,0.,0.));
#8099=IFCAXIS2PLACEMENT3D(#8096,#8097,#8098);
#8100=IFCLOCALPLACEMENT(#56,#8099);
#8289=IFCCARTESIANPOINT((0.,0.,3.));
#8290=IFCDIRECTION((0.,0.,1.));
#8291=IFCDIRECTION((1.,0.,0.));
#8292=IFCAXIS2PLACEMENT3D(#8289,#8290,#8291);
#8293=IFCLOCALPLACEMENT(#56,#8292);
#8294=IFCSLAB('34jOTMYvXDLRNCC8S7dFJ2',$,'Slab',$,$,#8302,#8309,$,$);
#8295=IFCRELCONTAINEDINSPATIALSTRUCTURE('1Iyy_dXKb67B1N2XIsK0rl',$,$,$,(#8294),#8084);
#8296=IFCMATERIALLAYERSETUSAGE(#1246,.AXIS3.,.POSITIVE.,-0.10000000149011612,$);
#8297=IFCRELASSOCIATESMATERIAL('3nHgMG$OjE0wRqHtb$Bdny',$,$,$,(#8294),#8296);
#8298=IFCCARTESIANPOINT((4.2283487319946289,6.4899702072143555,0.));
#8299=IFCDIRECTION((0.,0.,1.));
#8300=IFCDIRECTION((1.,0.,0.));
#8301=IFCAXIS2PLACEMENT3D(#8298,#8299,#8300);
#8302=IFCLOCALPLACEMENT(#8100,#8301);
#8303=IFCCARTESIANPOINTLIST2D(((0.,0.),(-3.4500010013580322,-4.76837158203125E-07),(-3.4500007629394531,-1.4500007629394531),(-7.0000004768371582,-1.4499993324279785),(-7.,-6.6000003814697266),(-4.,-6.6000003814697266),(-4.0000004768371582,-9.1000003814697266),(-0.050000190734863281,-9.0500001907348633),(0.,0.)));
#8304=IFCINDEXEDPOLYCURVE(#8303,$,$);
#8305=IFCDIRECTION((0.,0.,1.));
#8306=IFCARBITRARYCLOSEDPROFILEDEF(.AREA.,$,#8304);
#8307=IFCEXTRUDEDAREASOLID(#8306,#8316,#8305,0.10000000000000001);
#8308=IFCSHAPEREPRESENTATION(#11,'Body','SweptSolid',(#8307));
#8309=IFCPRODUCTDEFINITIONSHAPE($,$,(#8308));
#8310=IFCPROPERTYSET('3Vx5FGj4H5199VxqgJW13h',$,'EPset_Parametric',$,(#8312));
#8311=IFCRELDEFINESBYPROPERTIES('1GYPJMb$5ByOFXHKYlhfem',$,$,$,(#8294),#8310);
#8312=IFCPROPERTYSINGLEVALUE('Engine',$,IFCLABEL('Bonsai.DumbLayer3'),$);
#8313=IFCCARTESIANPOINT((-0.,-0.,-0.10000000149011612));
#8314=IFCDIRECTION((0.,0.,1.));
#8315=IFCDIRECTION((1.,0.,0.));
#8316=IFCAXIS2PLACEMENT3D(#8313,#8314,#8315);
#8317=IFCSLAB('0zmaig$9n0DQ3mBLPoZSGe',$,'Slab',$,$,#8325,#8332,$,$);
#8318=IFCRELCONTAINEDINSPATIALSTRUCTURE('246g2ZQrzFWxJklD$NNLOH',$,$,$,(#9415,#14970,#13830,#13064,#11420,#14992,#14149,#8761,#9771,#8686,#11470,#11813,#8611,#10596,#9896,#10303,#9480,#13521,#8736,#9636,#12394,#8399,#11027,#8661,#11445,#8586,#14458,#9136,#8317,#14004,#11495,#9292,#9545,#8636,#8711),#63);
#8319=IFCMATERIALLAYERSETUSAGE(#1246,.AXIS3.,.POSITIVE.,-0.10000000149011612,$);
#8320=IFCRELASSOCIATESMATERIAL('1$jUxF_YrCAP1T3zD2M4IF',$,$,$,(#8317),#8319);
#8321=IFCCARTESIANPOINT((4.2283501625061035,6.4899702072143555,0.));
#8322=IFCDIRECTION((0.,0.,1.));
#8323=IFCDIRECTION((1.,0.,0.));
#8324=IFCAXIS2PLACEMENT3D(#8321,#8322,#8323);
#8325=IFCLOCALPLACEMENT(#8293,#8324);
#8326=IFCCARTESIANPOINTLIST2D(((0.,0.),(-3.4500024318695068,-4.76837158203125E-07),(-3.4500021934509277,-1.4179182052612305),(-7.0000019073486328,-1.4499993324279785),(-7.0000014305114746,-6.6000003814697266),(-4.0280280113220215,-6.6000003814697266),(-4.0000019073486328,-9.1000003814697266),(-0.050001621246337891,-9.0500001907348633),(0.,0.)));
#8327=IFCINDEXEDPOLYCURVE(#8326,$,$);
#8328=IFCDIRECTION((0.,0.,1.));
#8329=IFCARBITRARYCLOSEDPROFILEDEF(.AREA.,$,#8327);
#8330=IFCEXTRUDEDAREASOLID(#8329,#8339,#8328,0.10000000000000001);
#8331=IFCSHAPEREPRESENTATION(#11,'Body','SweptSolid',(#8330));
#8332=IFCPRODUCTDEFINITIONSHAPE($,$,(#8331));
#8333=IFCPROPERTYSET('0zG$JioW19TgVzZKcZTgS6',$,'EPset_Parametric',$,(#8335));
#8334=IFCRELDEFINESBYPROPERTIES('2xWQ5INnT0ae3qd9XOuhFL',$,$,$,(#8317),#8333);
#8335=IFCPROPERTYSINGLEVALUE('Engine',$,IFCLABEL('Bonsai.DumbLayer3'),$);
#8336=IFCCARTESIANPOINT((-0.,-0.,-0.10000000149011612));
#8337=IFCDIRECTION((0.,0.,1.));
#8338=IFCDIRECTION((1.,0.,0.));
#8339=IFCAXIS2PLACEMENT3D(#8336,#8337,#8338);
#8340=IFCROOFTYPE('2yypdvbRvAuPiIJBFul$dS',$,'ROOF',$,$,(#8341),(#8370,#8398),$,$,.HIP_ROOF.);
#8341=IFCPROPERTYSET('1O4312VBX8O9ZBwLph6z8A',$,'BBIM_Roof',$,(#8342));
#8342=IFCPROPERTYSINGLEVALUE('Data',$,IFCTEXT('{"roof_type": "HIP/GABLE ROOF", "generation_method": "ANGLE", "roof_thickness": 0.10000000149011612, "rafter_edge_angle": 1.5707963705062866, "angle": 0.1745329201221466, "percentage": 17.63269805908203, "path_data": {"edges": [[0, 1], [1, 2], [2, 3], [3, 0]], "verts": [[-5.0, -5.0, 0.0], [-5.0, 5.0, 0.0], [5.0, 5.0, 0.0], [5.0, -5.0, 0.0]]}}'),$);
#8366=IFCCARTESIANPOINT((0.,0.,0.));
#8367=IFCDIRECTION((1.,0.,0.));
#8368=IFCDIRECTION((0.,0.,1.));
#8369=IFCAXIS2PLACEMENT3D(#8366,#8368,#8367);
#8370=IFCREPRESENTATIONMAP(#8369,#8389);
#8371=IFCINDEXEDPOLYGONALFACE((3,1,2));
#8372=IFCINDEXEDPOLYGONALFACE((2,4,3));
#8373=IFCINDEXEDPOLYGONALFACE((1,3,5));
#8374=IFCINDEXEDPOLYGONALFACE((4,5,3));
#8375=IFCINDEXEDPOLYGONALFACE((6,7,8));
#8376=IFCINDEXEDPOLYGONALFACE((8,2,1));
#8377=IFCINDEXEDPOLYGONALFACE((8,1,6));
#8378=IFCINDEXEDPOLYGONALFACE((8,7,9));
#8379=IFCINDEXEDPOLYGONALFACE((2,8,9));
#8380=IFCINDEXEDPOLYGONALFACE((2,9,4));
#8381=IFCINDEXEDPOLYGONALFACE((10,7,6));
#8382=IFCINDEXEDPOLYGONALFACE((6,1,5));
#8383=IFCINDEXEDPOLYGONALFACE((6,5,10));
#8384=IFCINDEXEDPOLYGONALFACE((9,7,10));
#8385=IFCINDEXEDPOLYGONALFACE((4,9,10));
#8386=IFCINDEXEDPOLYGONALFACE((4,10,5));
#8387=IFCCARTESIANPOINTLIST3D(((-5.,-5.,0.),(5.,-5.,0.),(0.,0.,0.88163489103317261),(5.,5.,0.),(-5.,5.,0.),(-5.,-5.,-0.10154265910387039),(0.,0.,0.78009223937988281),(5.,-5.,-0.10154265910387039),(5.,5.,-0.10154265910387039),(-5.,5.,-0.10154265910387039)));
#8388=IFCPOLYGONALFACESET(#8387,.T.,(#8371,#8372,#8373,#8374,#8375,#8376,#8377,#8378,#8379,#8380,#8381,#8382,#8383,#8384,#8385,#8386),$);
#8389=IFCSHAPEREPRESENTATION(#11,'Body','Tessellation',(#8388));
#8391=IFCCARTESIANPOINT((-5.,-5.,-0.10154265910387039));
#8392=IFCBOUNDINGBOX(#8391,10.,10.,0.9831775426864624);
#8393=IFCSHAPEREPRESENTATION(#13,'Box','BoundingBox',(#8392));
#8394=IFCCARTESIANPOINT((0.,0.,0.));
#8395=IFCDIRECTION((1.,0.,0.));
#8396=IFCDIRECTION((0.,0.,1.));
#8397=IFCAXIS2PLACEMENT3D(#8394,#8396,#8395);
#8398=IFCREPRESENTATIONMAP(#8397,#8393);
#8399=IFCROOF('25hMF0HGr9aw7cNDVq1Pml',$,'Roof',$,$,#8425,#8408,$,$);
#8400=IFCRELDEFINESBYTYPE('1eaAbUjSD07BHHFnXmhb8i',$,$,$,(#15168,#8399),#8340);
#8401=IFCCARTESIANPOINT((0.,0.,0.));
#8402=IFCDIRECTION((1.,0.,0.));
#8403=IFCDIRECTION((0.,1.,0.));
#8404=IFCDIRECTION((0.,0.,1.));
#8405=IFCCARTESIANTRANSFORMATIONOPERATOR3D(#8402,#8403,#8401,1.,#8404);
#8406=IFCMAPPEDITEM(#8370,#8405);
#8407=IFCSHAPEREPRESENTATION(#11,'Body','MappedRepresentation',(#8406));
#8408=IFCPRODUCTDEFINITIONSHAPE($,$,(#8407,#8415));
#8409=IFCCARTESIANPOINT((0.,0.,0.));
#8410=IFCDIRECTION((1.,0.,0.));
#8411=IFCDIRECTION((0.,1.,0.));
#8412=IFCDIRECTION((0.,0.,1.));
#8413=IFCCARTESIANTRANSFORMATIONOPERATOR3D(#8410,#8411,#8409,1.,#8412);
#8414=IFCMAPPEDITEM(#8398,#8413);
#8415=IFCSHAPEREPRESENTATION(#13,'Box','MappedRepresentation',(#8414));
#8421=IFCCARTESIANPOINT((1.0680384635925293,1.9748539924621582,0.10154271125793457));
#8422=IFCDIRECTION((0.,0.,1.));
#8423=IFCDIRECTION((1.,0.,0.));
#8424=IFCAXIS2PLACEMENT3D(#8421,#8422,#8423);
#8425=IFCLOCALPLACEMENT(#8293,#8424);
#8506=IFCCARTESIANPOINT((0.,0.,0.));
#8507=IFCDIRECTION((0.,0.,1.));
#8508=IFCDIRECTION((1.,0.,0.));
#8509=IFCAXIS2PLACEMENT3D(#8506,#8507,#8508);
#8510=IFCLOCALPLACEMENT(#56,#8509);
#8511=IFCCARTESIANPOINT((4.2283482551574707,-2.610029935836792,0.));
#8512=IFCDIRECTION((0.,0.,1.));
#8513=IFCDIRECTION((7.5497901264043123E-08,0.99999999999999722,0.));
#8514=IFCAXIS2PLACEMENT3D(#8511,#8512,#8513);
#8515=IFCLOCALPLACEMENT(#8510,#8514);
#8516=IFCCARTESIANPOINT((0.77834784984588623,5.0399694442749023,0.));
#8517=IFCDIRECTION((0.,0.,1.));
#8518=IFCDIRECTION((-0.99999999999992428,3.8941436741876494E-07,0.));
#8519=IFCAXIS2PLACEMENT3D(#8516,#8517,#8518);
#8520=IFCLOCALPLACEMENT(#8510,#8519);
#8521=IFCCARTESIANPOINT((4.2283489421883829,6.4899702072145313,0.));
#8522=IFCDIRECTION((0.,0.,1.));
#8523=IFCDIRECTION((-0.99999999999998868,-1.5099580252808492E-07,0.));
#8524=IFCAXIS2PLACEMENT3D(#8521,#8522,#8523);
#8525=IFCLOCALPLACEMENT(#8510,#8524);
#8526=IFCCARTESIANPOINT((0.77834773063660001,6.4899696862788305,0.));
#8527=IFCDIRECTION((0.,0.,1.));
#8528=IFCDIRECTION((7.5497901264043123E-08,-0.99999999999999722,0.));
#8529=IFCAXIS2PLACEMENT3D(#8526,#8527,#8528);
#8530=IFCLOCALPLACEMENT(#8510,#8529);
#8531=IFCCARTESIANPOINT((-2.7716517448425977,5.0399708266957486,0.));
#8532=IFCDIRECTION((0.,0.,1.));
#8533=IFCDIRECTION((7.5497901264043123E-08,-0.99999999999999722,0.));
#8534=IFCAXIS2PLACEMENT3D(#8531,#8532,#8533);
#8535=IFCLOCALPLACEMENT(#8510,#8534);
#8536=IFCCARTESIANPOINT((-2.7716513560283307,-0.11003017425537109,0.));
#8537=IFCDIRECTION((0.,0.,1.));
#8538=IFCDIRECTION((1.,0.,0.));
#8539=IFCAXIS2PLACEMENT3D(#8536,#8537,#8538);
#8540=IFCLOCALPLACEMENT(#8510,#8539);
#8541=IFCCARTESIANPOINT((0.22834873199459249,-0.11003017425537109,0.));
#8542=IFCDIRECTION((0.,0.,1.));
#8543=IFCDIRECTION((-1.6292068494294439E-07,-0.99999999999998679,0.));
#8544=IFCAXIS2PLACEMENT3D(#8541,#8542,#8543);
#8545=IFCLOCALPLACEMENT(#8510,#8544);
#8546=IFCCARTESIANPOINT((0.22834832469291896,-2.610029935836792,0.));
#8547=IFCDIRECTION((0.,0.,1.));
#8548=IFCDIRECTION((1.,0.,0.));
#8549=IFCAXIS2PLACEMENT3D(#8546,#8547,#8548);
#8550=IFCLOCALPLACEMENT(#8510,#8549);
#8551=IFCCARTESIANPOINT((0.32834875583648682,-0.010030173696577549,0.));
#8552=IFCDIRECTION((0.,0.,1.));
#8553=IFCDIRECTION((7.5497901264043123E-08,0.99999999999999722,0.));
#8554=IFCAXIS2PLACEMENT3D(#8551,#8552,#8553);
#8555=IFCLOCALPLACEMENT(#8510,#8554);
#8556=IFCCARTESIANPOINT((0.32834896445274353,2.6399698257446289,0.));
#8557=IFCDIRECTION((0.,0.,1.));
#8558=IFCDIRECTION((-0.99999999999998868,-1.5099580252808492E-07,0.));
#8559=IFCAXIS2PLACEMENT3D(#8556,#8557,#8558);
#8560=IFCLOCALPLACEMENT(#8510,#8559);
#8561=IFCCARTESIANPOINT((0.77834802865982056,4.939969539642334,0.));
#8562=IFCDIRECTION((0.,0.,1.));
#8563=IFCDIRECTION((1.9470718370939353E-07,-0.99999999999998113,0.));
#8564=IFCAXIS2PLACEMENT3D(#8561,#8562,#8563);
#8565=IFCLOCALPLACEMENT(#8510,#8564);
#8566=IFCCARTESIANPOINT((0.77834829694278052,3.5620904353784901,0.));
#8567=IFCDIRECTION((0.,0.,1.));
#8568=IFCDIRECTION((-0.99999999999992428,3.8941436741876494E-07,0.));
#8569=IFCAXIS2PLACEMENT3D(#8566,#8567,#8568);
#8570=IFCLOCALPLACEMENT(#8510,#8569);
#8571=IFCCARTESIANPOINT((4.2283482551574707,-2.610029935836792,0.));
#8572=IFCDIRECTION((0.,0.,1.));
#8573=IFCDIRECTION((1.,0.,0.));
#8574=IFCAXIS2PLACEMENT3D(#8571,#8572,#8573);
#8575=IFCLOCALPLACEMENT(#8510,#8574);
#8576=IFCCARTESIANPOINT((-1.1836247820775869,2.6399695974429394,0.));
#8577=IFCDIRECTION((0.,0.,1.));
#8578=IFCDIRECTION((3.1391647326016301E-07,0.99999999999995071,0.));
#8579=IFCAXIS2PLACEMENT3D(#8576,#8577,#8578);
#8580=IFCLOCALPLACEMENT(#8510,#8579);
#8581=IFCCARTESIANPOINT((30.352506637573242,-50.533390045166016,0.));
#8582=IFCDIRECTION((0.,0.,1.));
#8583=IFCDIRECTION((1.,0.,0.));
#8584=IFCAXIS2PLACEMENT3D(#8581,#8582,#8583);
#8585=IFCLOCALPLACEMENT(#8510,#8584);
#8586=IFCWALL('0P9ZwWP5LB7Q6zsGMo6zTE',$,'Wall',$,$,#9122,#8592,$,$);
#8587=IFCMATERIALLAYERSETUSAGE(#118,.AXIS2.,.POSITIVE.,0.,$);
#8588=IFCRELASSOCIATESMATERIAL('2Rn__jLRb6uBqoDSxR_LGT',$,$,$,(#8586),#8587);
#8592=IFCPRODUCTDEFINITIONSHAPE($,$,(#9117,#9114));
#8608=IFCPROPERTYSET('00DT80M8fFRQiD7QkQpeG1',$,'EPset_Parametric',$,(#8610));
#8609=IFCRELDEFINESBYPROPERTIES('30BxlqYL9CTxNOwgaAEKju',$,$,$,(#8586),#8608);
#8610=IFCPROPERTYSINGLEVALUE('Engine',$,IFCLABEL('Bonsai.DumbLayer2'),$);
#8611=IFCWALL('0RAMCpmpf1K9FysI3ij81y',$,'Wall',$,$,#11686,#8617,$,$);
#8612=IFCMATERIALLAYERSETUSAGE(#118,.AXIS2.,.POSITIVE.,0.,$);
#8613=IFCRELASSOCIATESMATERIAL('2YIajta057RhRYZ6wbgFTk',$,$,$,(#8611),#8612);
#8617=IFCPRODUCTDEFINITIONSHAPE($,$,(#11726,#11723));
#8633=IFCPROPERTYSET('3V0RkychH8OgiFEwFf5k9d',$,'EPset_Parametric',$,(#8635));
#8634=IFCRELDEFINESBYPROPERTIES('05zgDF95jDKB5gew09m3kg',$,$,$,(#8611),#8633);
#8635=IFCPROPERTYSINGLEVALUE('Engine',$,IFCLABEL('Bonsai.DumbLayer2'),$);
#8636=IFCWALL('2_9FHH4dTBCwcRu_kPC2bU',$,'Wall',$,$,#8935,#8642,$,$);
#8637=IFCMATERIALLAYERSETUSAGE(#118,.AXIS2.,.POSITIVE.,0.,$);
#8638=IFCRELASSOCIATESMATERIAL('29TW4eXQf5lOvR3POrP5wG',$,$,$,(#8636),#8637);
#8642=IFCPRODUCTDEFINITIONSHAPE($,$,(#9259,#9256));
#8658=IFCPROPERTYSET('2I5kUXv753RON_eWAiEFEx',$,'EPset_Parametric',$,(#8660));
#8659=IFCRELDEFINESBYPROPERTIES('2QXNeRJRzCsBuQUvDXoBWl',$,$,$,(#8636),#8658);
#8660=IFCPROPERTYSINGLEVALUE('Engine',$,IFCLABEL('Bonsai.DumbLayer2'),$);
#8661=IFCWALL('08y9dTf6X1z96B3kPN$348',$,'Wall',$,$,#8967,#8667,$,$);
#8662=IFCMATERIALLAYERSETUSAGE(#118,.AXIS2.,.POSITIVE.,0.,$);
#8663=IFCRELASSOCIATESMATERIAL('1DEpAKtTj7gRVF$wROg9ye',$,$,$,(#8661),#8662);
#8667=IFCPRODUCTDEFINITIONSHAPE($,$,(#9007,#9004));
#8683=IFCPROPERTYSET('2vl83Y2t9AzgLK_WlOS_oP',$,'EPset_Parametric',$,(#8685));
#8684=IFCRELDEFINESBYPROPERTIES('0zFH8Oe91BK8HTA0a0_v1_',$,$,$,(#8661),#8683);
#8685=IFCPROPERTYSINGLEVALUE('Engine',$,IFCLABEL('Bonsai.DumbLayer2'),$);
#8686=IFCWALL('2DL69XBm57lOEKcbAXaFAA',$,'Wall',$,$,#9278,#8692,$,$);
#8687=IFCMATERIALLAYERSETUSAGE(#118,.AXIS2.,.POSITIVE.,0.,$);
#8688=IFCRELASSOCIATESMATERIAL('3ROIE7TJn3X8kVzimHKC_p',$,$,$,(#8686),#8687);
#8692=IFCPRODUCTDEFINITIONSHAPE($,$,(#9273,#9270));
#8708=IFCPROPERTYSET('0Y5O_o1F100uYikc3TA$Q3',$,'EPset_Parametric',$,(#8710));
#8709=IFCRELDEFINESBYPROPERTIES('3aQrjMFIDAPP8ByFhW4dZi',$,$,$,(#8686),#8708);
#8710=IFCPROPERTYSINGLEVALUE('Engine',$,IFCLABEL('Bonsai.DumbLayer2'),$);
#8711=IFCWALL('1zvlii20D1ew5NqFlo1IYI',$,'Wall',$,$,#9026,#8717,$,$);
#8712=IFCMATERIALLAYERSETUSAGE(#118,.AXIS2.,.POSITIVE.,0.,$);
#8713=IFCRELASSOCIATESMATERIAL('1cIWuTsOj6eO84wVUdkXGN',$,$,$,(#8711),#8712);
#8717=IFCPRODUCTDEFINITIONSHAPE($,$,(#9479,#9476));
#8733=IFCPROPERTYSET('0skPbDCpP23eohWdPSOxdW',$,'EPset_Parametric',$,(#8735));
#8734=IFCRELDEFINESBYPROPERTIES('2vGS2Ks$v69RLg4_qZvdt7',$,$,$,(#8711),#8733);
#8735=IFCPROPERTYSINGLEVALUE('Engine',$,IFCLABEL('Bonsai.DumbLayer2'),$);
#8736=IFCWALL('2cBlASbNz8rQpm$dwxGRGm',$,'Wall',$,$,#9058,#8742,$,$);
#8737=IFCMATERIALLAYERSETUSAGE(#118,.AXIS2.,.POSITIVE.,0.,$);
#8738=IFCRELASSOCIATESMATERIAL('2upQLyfQ5AhQkTngTiUkF2',$,$,$,(#8736),#8737);
#8742=IFCPRODUCTDEFINITIONSHAPE($,$,(#11794,#11791));
#8758=IFCPROPERTYSET('2KKCDi0BvBwgKrrr68RMfk',$,'EPset_Parametric',$,(#8760));
#8759=IFCRELDEFINESBYPROPERTIES('3DvEwwD5LDbvQs2WesmqRM',$,$,$,(#8736),#8758);
#8760=IFCPROPERTYSINGLEVALUE('Engine',$,IFCLABEL('Bonsai.DumbLayer2'),$);
#8761=IFCWALL('1s8IqH29H16PTGHr1tCo2b',$,'Wall',$,$,#9090,#8767,$,$);
#8762=IFCMATERIALLAYERSETUSAGE(#118,.AXIS2.,.POSITIVE.,0.,$);
#8763=IFCRELASSOCIATESMATERIAL('2pWFC5mMn0Y8IjZNJZNcDy',$,$,$,(#8761),#8762);
#8767=IFCPRODUCTDEFINITIONSHAPE($,$,(#9135,#9132));
#8783=IFCPROPERTYSET('29JpPnlqf0OOC2CKm231Qg',$,'EPset_Parametric',$,(#8785));
#8784=IFCRELDEFINESBYPROPERTIES('3Iy01_Q153Xv$pBAlNykQx',$,$,$,(#8761),#8783);
#8785=IFCPROPERTYSINGLEVALUE('Engine',$,IFCLABEL('Bonsai.DumbLayer2'),$);
#8931=IFCCARTESIANPOINT((4.2283489421883829,6.4899702072143874,0.));
#8932=IFCDIRECTION((0.,0.,1.));
#8933=IFCDIRECTION((-0.99999999999998868,-1.5099580252808492E-07,0.));
#8934=IFCAXIS2PLACEMENT3D(#8931,#8932,#8933);
#8935=IFCLOCALPLACEMENT(#8293,#8934);
#8963=IFCCARTESIANPOINT((0.23834872245789523,6.4899696047411028,0.));
#8964=IFCDIRECTION((0.,0.,1.));
#8965=IFCDIRECTION((7.5497901264043123E-08,-0.99999999999999722,0.));
#8966=IFCAXIS2PLACEMENT3D(#8963,#8964,#8965);
#8967=IFCLOCALPLACEMENT(#8293,#8966);
#8995=IFCCARTESIANPOINTLIST2D(((0.,0.),(0.099999992450210171,0.10000000000000001),(1.0299997491937669,0.10000000000000001),(0.92999970270252941,0.)));
#8996=IFCINDEXEDPOLYCURVE(#8995,(IFCLINEINDEX((1,2,3,4,1))),$);
#8997=IFCARBITRARYCLOSEDPROFILEDEF(.AREA.,$,#8996);
#8998=IFCCARTESIANPOINT((0.,0.,0.));
#8999=IFCDIRECTION((0.,0.,1.));
#9000=IFCDIRECTION((1.,0.,0.));
#9001=IFCAXIS2PLACEMENT3D(#8998,#8999,#9000);
#9002=IFCDIRECTION((0.,0.,1.));
#9003=IFCEXTRUDEDAREASOLID(#8997,#9001,#9002,3.);
#9004=IFCSHAPEREPRESENTATION(#11,'Body','SweptSolid',(#9003));
#9005=IFCCARTESIANPOINTLIST2D(((0.,0.),(0.92999970270252941,0.)));
#9006=IFCINDEXEDPOLYCURVE(#9005,$,$);
#9007=IFCSHAPEREPRESENTATION(#23,'Axis','Curve2D',(#9006));
#9008=IFCRELCONNECTSPATHELEMENTS('2iaN_qvrf05uJGnrVfRKPd',$,$,$,$,#8711,#8686,(),(),.ATEND.,.ATSTART.);
#9022=IFCCARTESIANPOINT((-3.2616512775421813,5.5599712649888895,0.));
#9023=IFCDIRECTION((0.,0.,1.));
#9024=IFCDIRECTION((7.5497901264043123E-08,-0.99999999999999722,0.));
#9025=IFCAXIS2PLACEMENT3D(#9022,#9023,#9024);
#9026=IFCLOCALPLACEMENT(#8293,#9025);
#9040=IFCRELCONNECTSPATHELEMENTS('0gn4qHegP2PA4HzlKcLn_S',$,$,$,$,#8736,#8711,(),(),.ATEND.,.ATSTART.);
#9054=IFCCARTESIANPOINT((-3.2616507369771526,-1.6000294686257324,0.));
#9055=IFCDIRECTION((0.,0.,1.));
#9056=IFCDIRECTION((0.99999901700240923,-0.0014021391569196502,0.));
#9057=IFCAXIS2PLACEMENT3D(#9054,#9055,#9056);
#9058=IFCLOCALPLACEMENT(#8293,#9057);
#9086=IFCCARTESIANPOINT((0.27089452713041962,-1.6049825935330382,0.));
#9087=IFCDIRECTION((0.,0.,1.));
#9088=IFCDIRECTION((-0.0014021829289933138,-0.99999901694103366,0.));
#9089=IFCAXIS2PLACEMENT3D(#9086,#9087,#9088);
#9090=IFCLOCALPLACEMENT(#8293,#9089);
#9104=IFCRELCONNECTSPATHELEMENTS('1ufevMkh93fw0cONTZ5Utw',$,$,$,$,#8586,#8761,(),(),.ATEND.,.ATSTART.);
#9105=IFCCARTESIANPOINTLIST2D(((0.,0.),(0.10014031673673561,0.10000000000000001),(3.8588629971884369,0.10000000000000001),(3.9588629896386469,0.)));
#9106=IFCINDEXEDPOLYCURVE(#9105,(IFCLINEINDEX((1,2,3,4,1))),$);
#9107=IFCARBITRARYCLOSEDPROFILEDEF(.AREA.,$,#9106);
#9108=IFCCARTESIANPOINT((0.,0.,0.));
#9109=IFCDIRECTION((0.,0.,1.));
#9110=IFCDIRECTION((1.,0.,0.));
#9111=IFCAXIS2PLACEMENT3D(#9108,#9109,#9110);
#9112=IFCDIRECTION((0.,0.,1.));
#9113=IFCEXTRUDEDAREASOLID(#9107,#9111,#9112,3.);
#9114=IFCSHAPEREPRESENTATION(#11,'Body','SweptSolid',(#9113));
#9115=IFCCARTESIANPOINTLIST2D(((0.,0.),(3.9588629896386469,0.)));
#9116=IFCINDEXEDPOLYCURVE(#9115,$,$);
#9117=IFCSHAPEREPRESENTATION(#23,'Axis','Curve2D',(#9116));
#9118=IFCCARTESIANPOINT((0.2694852655188239,-2.610029935836792,0.));
#9119=IFCDIRECTION((0.,0.,1.));
#9120=IFCDIRECTION((1.,0.,0.));
#9121=IFCAXIS2PLACEMENT3D(#9118,#9119,#9120);
#9122=IFCLOCALPLACEMENT(#8293,#9121);
#9123=IFCCARTESIANPOINTLIST2D(((0.,0.),(-0.10000000437721177,0.10000000000000001),(0.90490801358879069,0.10000000000000001),(1.0050483303255262,0.)));
#9124=IFCINDEXEDPOLYCURVE(#9123,(IFCLINEINDEX((1,2,3,4,1))),$);
#9125=IFCARBITRARYCLOSEDPROFILEDEF(.AREA.,$,#9124);
#9126=IFCCARTESIANPOINT((0.,0.,0.));
#9127=IFCDIRECTION((0.,0.,1.));
#9128=IFCDIRECTION((1.,0.,0.));
#9129=IFCAXIS2PLACEMENT3D(#9126,#9127,#9128);
#9130=IFCDIRECTION((0.,0.,1.));
#9131=IFCEXTRUDEDAREASOLID(#9125,#9129,#9130,3.);
#9132=IFCSHAPEREPRESENTATION(#11,'Body','SweptSolid',(#9131));
#9133=IFCCARTESIANPOINTLIST2D(((0.,0.),(1.0050483303255262,0.)));
#9134=IFCINDEXEDPOLYCURVE(#9133,$,$);
#9135=IFCSHAPEREPRESENTATION(#23,'Axis','Curve2D',(#9134));
#9136=IFCWALL('2hT3RMiz90VB42rgCwuxpz',$,'Wall',$,$,#9147,#9142,$,$);
#9137=IFCMATERIALLAYERSETUSAGE(#118,.AXIS2.,.POSITIVE.,0.,$);
#9138=IFCRELASSOCIATESMATERIAL('1hufEdiRvCVgvB8OqkpTOo',$,$,$,(#9136),#9137);
#9142=IFCPRODUCTDEFINITIONSHAPE($,$,(#9705,#9702));
#9143=IFCCARTESIANPOINT((0.3710346519947052,-1.5051229000091553,0.));
#9144=IFCDIRECTION((0.,0.,1.));
#9145=IFCDIRECTION((7.5497901264043109E-08,0.99999999999999711,0.));
#9146=IFCAXIS2PLACEMENT3D(#9143,#9144,#9145);
#9147=IFCLOCALPLACEMENT(#8293,#9146);
#9158=IFCPROPERTYSET('1COhUj4QzETxtPih$18azc',$,'EPset_Parametric',$,(#9160));
#9159=IFCRELDEFINESBYPROPERTIES('0ffSetJgT47u$d7oK02Hne',$,$,$,(#9136),#9158);
#9160=IFCPROPERTYSINGLEVALUE('Engine',$,IFCLABEL('Bonsai.DumbLayer2'),$);
#9233=IFCRELCONNECTSPATHELEMENTS('2xhN2MtR15L9bvl4t2AOAe',$,$,$,$,#9136,#8636,(),(),.ATEND.,.ATEND.);
#9247=IFCCARTESIANPOINTLIST2D(((0.,0.),(0.10000002264937295,0.10000000000000001),(3.8573137092303864,0.10000000000000001),(3.9573136865810188,0.)));
#9248=IFCINDEXEDPOLYCURVE(#9247,(IFCLINEINDEX((1,2,3,4,1))),$);
#9249=IFCARBITRARYCLOSEDPROFILEDEF(.AREA.,$,#9248);
#9250=IFCCARTESIANPOINT((0.,0.,0.));
#9251=IFCDIRECTION((0.,0.,1.));
#9252=IFCDIRECTION((1.,0.,0.));
#9253=IFCAXIS2PLACEMENT3D(#9250,#9251,#9252);
#9254=IFCDIRECTION((0.,0.,1.));
#9255=IFCEXTRUDEDAREASOLID(#9249,#9253,#9254,3.);
#9256=IFCSHAPEREPRESENTATION(#11,'Body','SweptSolid',(#9255));
#9257=IFCCARTESIANPOINTLIST2D(((0.,0.),(3.857313686581016,0.)));
#9258=IFCINDEXEDPOLYCURVE(#9257,$,$);
#9259=IFCSHAPEREPRESENTATION(#23,'Axis','Curve2D',(#9258));
#9260=IFCRELCONNECTSPATHELEMENTS('3sgVmtWWLF5vnhUcJQ0sFI',$,$,$,$,#8686,#9136,(),(),.ATPATH.,.ATSTART.);
#9261=IFCCARTESIANPOINTLIST2D(((0.10000000000000495,0.),(0.099999968608358331,0.10000000000000001),(3.5326864164455989,0.10000000000000001),(3.6326864629368365,0.)));
#9262=IFCINDEXEDPOLYCURVE(#9261,(IFCLINEINDEX((1,2,3,4,1))),$);
#9263=IFCARBITRARYCLOSEDPROFILEDEF(.AREA.,$,#9262);
#9264=IFCCARTESIANPOINT((0.,0.,0.));
#9265=IFCDIRECTION((0.,0.,1.));
#9266=IFCDIRECTION((1.,0.,0.));
#9267=IFCAXIS2PLACEMENT3D(#9264,#9265,#9266);
#9268=IFCDIRECTION((0.,0.,1.));
#9269=IFCEXTRUDEDAREASOLID(#9263,#9267,#9268,3.);
#9270=IFCSHAPEREPRESENTATION(#11,'Body','SweptSolid',(#9269));
#9271=IFCCARTESIANPOINTLIST2D(((0.,0.),(3.6326864629368365,0.)));
#9272=IFCINDEXEDPOLYCURVE(#9271,$,$);
#9273=IFCSHAPEREPRESENTATION(#23,'Axis','Curve2D',(#9272));
#9274=IFCCARTESIANPOINT((0.37103518539438007,5.5599698503685886,0.));
#9275=IFCDIRECTION((0.,0.,1.));
#9276=IFCDIRECTION((-0.99999999999992428,3.8941436741876494E-07,0.));
#9277=IFCAXIS2PLACEMENT3D(#9274,#9275,#9276);
#9278=IFCLOCALPLACEMENT(#8293,#9277);
#9292=IFCWALL('0FBoW_L418DenK0FlOZw$x',$,'Wall',$,$,#9303,#9298,$,$);
#9293=IFCMATERIALLAYERSETUSAGE(#118,.AXIS2.,.POSITIVE.,0.,$);
#9294=IFCRELASSOCIATESMATERIAL('2fZOAYetv5txAx6lILcdj2',$,$,$,(#9292),#9293);
#9298=IFCPRODUCTDEFINITIONSHAPE($,$,(#9414,#9411));
#9299=IFCCARTESIANPOINT((0.37103545665740967,2.6512210369110107,0.));
#9300=IFCDIRECTION((0.,0.,1.));
#9301=IFCDIRECTION((-0.99999999999999623,8.7422776573475527E-08,0.));
#9302=IFCAXIS2PLACEMENT3D(#9299,#9300,#9301);
#9303=IFCLOCALPLACEMENT(#8293,#9302);
#9314=IFCPROPERTYSET('2ZYAV_rIf75hLtZ$moLkmZ',$,'EPset_Parametric',$,(#9316));
#9315=IFCRELDEFINESBYPROPERTIES('2FwGYXWxj8_AwWazstlXxB',$,$,$,(#9292),#9314);
#9316=IFCPROPERTYSINGLEVALUE('Engine',$,IFCLABEL('Bonsai.DumbLayer2'),$);
#9402=IFCCARTESIANPOINTLIST2D(((0.,0.),(0.,0.10000000000000001),(3.6326865145950911,0.10000000000000001),(3.6326865145950911,0.)));
#9403=IFCINDEXEDPOLYCURVE(#9402,(IFCLINEINDEX((1,2,3,4,1))),$);
#9404=IFCARBITRARYCLOSEDPROFILEDEF(.AREA.,$,#9403);
#9405=IFCCARTESIANPOINT((0.,0.,0.));
#9406=IFCDIRECTION((0.,0.,1.));
#9407=IFCDIRECTION((1.,0.,0.));
#9408=IFCAXIS2PLACEMENT3D(#9405,#9406,#9407);
#9409=IFCDIRECTION((0.,0.,1.));
#9410=IFCEXTRUDEDAREASOLID(#9404,#9408,#9409,3.);
#9411=IFCSHAPEREPRESENTATION(#11,'Body','SweptSolid',(#9410));
#9412=IFCCARTESIANPOINTLIST2D(((0.,0.),(3.6326865145950911,0.)));
#9413=IFCINDEXEDPOLYCURVE(#9412,$,$);
#9414=IFCSHAPEREPRESENTATION(#23,'Axis','Curve2D',(#9413));
#9415=IFCWALL('3WOniwivr3luU5DzK8npFD',$,'Wall',$,$,#9426,#9421,$,$);
#9416=IFCMATERIALLAYERSETUSAGE(#118,.AXIS2.,.POSITIVE.,0.,$);
#9417=IFCRELASSOCIATESMATERIAL('12S_0mxP10D8rE0gVtWf8x',$,$,$,(#9415),#9416);
#9421=IFCPRODUCTDEFINITIONSHAPE($,$,(#9466,#9463));
#9422=IFCCARTESIANPOINT((0.27103546261787415,2.6566264629364014,0.));
#9423=IFCDIRECTION((0.,0.,1.));
#9424=IFCDIRECTION((-0.99999999999999623,8.7422776573475527E-08,0.));
#9425=IFCAXIS2PLACEMENT3D(#9422,#9423,#9424);
#9426=IFCLOCALPLACEMENT(#8293,#9425);
#9437=IFCPROPERTYSET('0P1jM7yHr49eLu2K0M0V4M',$,'EPset_Parametric',$,(#9439));
#9438=IFCRELDEFINESBYPROPERTIES('1q2SZG$797nvr1QsksbDdz',$,$,$,(#9415),#9437);
#9439=IFCPROPERTYSINGLEVALUE('Engine',$,IFCLABEL('Bonsai.DumbLayer2'),$);
#9453=IFCRELCONNECTSPATHELEMENTS('1Wn_jDFaz2xwsMDZxGqWFI',$,$,$,$,#9415,#8711,(),(),.ATPATH.,.ATEND.);
#9454=IFCCARTESIANPOINTLIST2D(((0.,0.),(0.,0.10000000000000001),(3.432686504671584,0.10000000000000001),(3.4326865209636517,0.)));
#9455=IFCINDEXEDPOLYCURVE(#9454,(IFCLINEINDEX((1,2,3,4,1))),$);
#9456=IFCARBITRARYCLOSEDPROFILEDEF(.AREA.,$,#9455);
#9457=IFCCARTESIANPOINT((0.,0.,0.));
#9458=IFCDIRECTION((0.,0.,1.));
#9459=IFCDIRECTION((1.,0.,0.));
#9460=IFCAXIS2PLACEMENT3D(#9457,#9458,#9459);
#9461=IFCDIRECTION((0.,0.,1.));
#9462=IFCEXTRUDEDAREASOLID(#9456,#9460,#9461,3.);
#9463=IFCSHAPEREPRESENTATION(#11,'Body','SweptSolid',(#9462));
#9464=IFCCARTESIANPOINTLIST2D(((0.,0.),(3.5326865209636531,0.)));
#9465=IFCINDEXEDPOLYCURVE(#9464,$,$);
#9466=IFCSHAPEREPRESENTATION(#23,'Axis','Curve2D',(#9465));
#9467=IFCCARTESIANPOINTLIST2D(((0.,0.),(0.10000004649123768,0.10000000000000001),(7.0601408569075259,0.10000000000000001),(7.1600007336146412,0.)));
#9468=IFCINDEXEDPOLYCURVE(#9467,(IFCLINEINDEX((1,2,3,4,1))),$);
#9469=IFCARBITRARYCLOSEDPROFILEDEF(.AREA.,$,#9468);
#9470=IFCCARTESIANPOINT((0.,0.,0.));
#9471=IFCDIRECTION((0.,0.,1.));
#9472=IFCDIRECTION((1.,0.,0.));
#9473=IFCAXIS2PLACEMENT3D(#9470,#9471,#9472);
#9474=IFCDIRECTION((0.,0.,1.));
#9475=IFCEXTRUDEDAREASOLID(#9469,#9473,#9474,3.);
#9476=IFCSHAPEREPRESENTATION(#11,'Body','SweptSolid',(#9475));
#9477=IFCCARTESIANPOINTLIST2D(((0.,0.),(7.1600007336146412,0.)));
#9478=IFCINDEXEDPOLYCURVE(#9477,$,$);
#9479=IFCSHAPEREPRESENTATION(#23,'Axis','Curve2D',(#9478));
#9480=IFCWALL('3vHJWZYev2qBYZVyFTRyrX',$,'Wall',$,$,#9491,#9486,$,$);
#9481=IFCMATERIALLAYERSETUSAGE(#118,.AXIS2.,.POSITIVE.,0.,$);
#9482=IFCRELASSOCIATESMATERIAL('2vBCmDVeXFOOsCE4JraOO3',$,$,$,(#9480),#9481);
#9486=IFCPRODUCTDEFINITIONSHAPE($,$,(#9531,#9528));
#9487=IFCCARTESIANPOINT((4.1283488273620605,0.49214285612106323,0.));
#9488=IFCDIRECTION((0.,0.,1.));
#9489=IFCDIRECTION((-0.99999999999999623,8.7422776573475527E-08,0.));
#9490=IFCAXIS2PLACEMENT3D(#9487,#9488,#9489);
#9491=IFCLOCALPLACEMENT(#8293,#9490);
#9502=IFCPROPERTYSET('09C0uK0ML1MvgCBceQwvGG',$,'EPset_Parametric',$,(#9504));
#9503=IFCRELDEFINESBYPROPERTIES('0GML5xCGHDDBm0S4o5_RQy',$,$,$,(#9480),#9502);
#9504=IFCPROPERTYSINGLEVALUE('Engine',$,IFCLABEL('Bonsai.DumbLayer2'),$);
#9518=IFCRELCONNECTSPATHELEMENTS('3EnQdJd6P1pQA6XRpW4ZAp',$,$,$,$,#9480,#9136,(),(),.ATPATH.,.ATEND.);
#9519=IFCCARTESIANPOINTLIST2D(((0.,0.),(0.,0.10000000000000001),(3.7573140233854847,0.10000000000000001),(3.7573140245779726,0.)));
#9520=IFCINDEXEDPOLYCURVE(#9519,(IFCLINEINDEX((1,2,3,4,1))),$);
#9521=IFCARBITRARYCLOSEDPROFILEDEF(.AREA.,$,#9520);
#9522=IFCCARTESIANPOINT((0.,0.,0.));
#9523=IFCDIRECTION((0.,0.,1.));
#9524=IFCDIRECTION((1.,0.,0.));
#9525=IFCAXIS2PLACEMENT3D(#9522,#9523,#9524);
#9526=IFCDIRECTION((0.,0.,1.));
#9527=IFCEXTRUDEDAREASOLID(#9521,#9525,#9526,3.);
#9528=IFCSHAPEREPRESENTATION(#11,'Body','SweptSolid',(#9527));
#9529=IFCCARTESIANPOINTLIST2D(((0.,0.),(3.7573140245779726,0.)));
#9530=IFCINDEXEDPOLYCURVE(#9529,$,$);
#9531=IFCSHAPEREPRESENTATION(#23,'Axis','Curve2D',(#9530));
#9545=IFCWALL('2G7vG73Tf3TxutyXceZBzr',$,'Wall',$,$,#9556,#9551,$,$);
#9546=IFCMATERIALLAYERSETUSAGE(#118,.AXIS2.,.POSITIVE.,0.,$);
#9547=IFCRELASSOCIATESMATERIAL('022wD4BBL048TD8Pr1z56Y',$,$,$,(#9545),#9546);
#9551=IFCPRODUCTDEFINITIONSHAPE($,$,(#9635,#9632));
#9552=IFCCARTESIANPOINT((4.1431994438171387,5.053490161895752,0.));
#9553=IFCDIRECTION((0.,0.,1.));
#9554=IFCDIRECTION((-0.99999999999999623,8.7422776573475527E-08,0.));
#9555=IFCAXIS2PLACEMENT3D(#9552,#9553,#9554);
#9556=IFCLOCALPLACEMENT(#8293,#9555);
#9567=IFCPROPERTYSET('0b3akE6Nr33eV$z8OcN5cF',$,'EPset_Parametric',$,(#9569));
#9568=IFCRELDEFINESBYPROPERTIES('1eoAKZkqvCT8GKB_yqB2At',$,$,$,(#9545),#9567);
#9569=IFCPROPERTYSINGLEVALUE('Engine',$,IFCLABEL('Bonsai.DumbLayer2'),$);
#9623=IFCCARTESIANPOINTLIST2D(((0.,0.),(0.,0.10000000000000001),(3.7721642966609013,0.10000000000000001),(3.7721642966609013,0.)));
#9624=IFCINDEXEDPOLYCURVE(#9623,(IFCLINEINDEX((1,2,3,4,1))),$);
#9625=IFCARBITRARYCLOSEDPROFILEDEF(.AREA.,$,#9624);
#9626=IFCCARTESIANPOINT((0.,0.,0.));
#9627=IFCDIRECTION((0.,0.,1.));
#9628=IFCDIRECTION((1.,0.,0.));
#9629=IFCAXIS2PLACEMENT3D(#9626,#9627,#9628);
#9630=IFCDIRECTION((0.,0.,1.));
#9631=IFCEXTRUDEDAREASOLID(#9625,#9629,#9630,3.);
#9632=IFCSHAPEREPRESENTATION(#11,'Body','SweptSolid',(#9631));
#9633=IFCCARTESIANPOINTLIST2D(((0.,0.),(3.7721642966609013,0.)));
#9634=IFCINDEXEDPOLYCURVE(#9633,$,$);
#9635=IFCSHAPEREPRESENTATION(#23,'Axis','Curve2D',(#9634));
#9636=IFCWALL('2ZCh9vNeP6xO$Q5plXifYd',$,'Wall',$,$,#9751,#9642,$,$);
#9637=IFCMATERIALLAYERSETUSAGE(#118,.AXIS2.,.POSITIVE.,0.,$);
#9638=IFCRELASSOCIATESMATERIAL('0TJZ4MBxv3Qe1I0ipndm9M',$,$,$,(#9636),#9637);
#9642=IFCPRODUCTDEFINITIONSHAPE($,$,(#9746,#9743));
#9658=IFCPROPERTYSET('1EeIA1scbDZ8MduBli0bv8',$,'EPset_Parametric',$,(#9660));
#9659=IFCRELDEFINESBYPROPERTIES('0zCe$Iz4r6ahUnhslsEADx',$,$,$,(#9636),#9658);
#9660=IFCPROPERTYSINGLEVALUE('Engine',$,IFCLABEL('Bonsai.DumbLayer2'),$);
#9679=IFCRELCONNECTSPATHELEMENTS('1EhRd9cgD4c9mSRWQTZngP',$,$,$,$,#9636,#9136,(),(),.ATPATH.,.ATEND.);
#9693=IFCCARTESIANPOINTLIST2D(((0.,0.),(0.,0.10000000000000001),(7.9950925021360186,0.10000000000000001),(7.8950925247853867,0.)));
#9694=IFCINDEXEDPOLYCURVE(#9693,(IFCLINEINDEX((1,2,3,4,1))),$);
#9695=IFCARBITRARYCLOSEDPROFILEDEF(.AREA.,$,#9694);
#9696=IFCCARTESIANPOINT((0.,0.,0.));
#9697=IFCDIRECTION((0.,0.,1.));
#9698=IFCDIRECTION((1.,0.,0.));
#9699=IFCAXIS2PLACEMENT3D(#9696,#9697,#9698);
#9700=IFCDIRECTION((0.,0.,1.));
#9701=IFCEXTRUDEDAREASOLID(#9695,#9699,#9700,3.);
#9702=IFCSHAPEREPRESENTATION(#11,'Body','SweptSolid',(#9701));
#9703=IFCCARTESIANPOINTLIST2D(((0.,0.),(7.995092524785389,0.)));
#9704=IFCINDEXEDPOLYCURVE(#9703,$,$);
#9705=IFCSHAPEREPRESENTATION(#23,'Axis','Curve2D',(#9704));
#9733=IFCRELCONNECTSPATHELEMENTS('3mJqvqWSTEQxqHUJ4JG$ag',$,$,$,$,#9636,#8611,(),(),.ATPATH.,.ATSTART.);
#9734=IFCCARTESIANPOINTLIST2D(((0.1000000000000003,0.),(0.099999992450210171,0.10000000000000001),(3.857313679031138,0.10000000000000001),(3.8573136865809281,0.)));
#9735=IFCINDEXEDPOLYCURVE(#9734,(IFCLINEINDEX((1,2,3,4,1))),$);
#9736=IFCARBITRARYCLOSEDPROFILEDEF(.AREA.,$,#9735);
#9737=IFCCARTESIANPOINT((0.,0.,0.));
#9738=IFCDIRECTION((0.,0.,1.));
#9739=IFCDIRECTION((1.,0.,0.));
#9740=IFCAXIS2PLACEMENT3D(#9737,#9738,#9739);
#9741=IFCDIRECTION((0.,0.,1.));
#9742=IFCEXTRUDEDAREASOLID(#9736,#9740,#9741,3.);
#9743=IFCSHAPEREPRESENTATION(#11,'Body','SweptSolid',(#9742));
#9744=IFCCARTESIANPOINTLIST2D(((0.,0.),(3.8573136865809281,0.)));
#9745=IFCINDEXEDPOLYCURVE(#9744,$,$);
#9746=IFCSHAPEREPRESENTATION(#23,'Axis','Curve2D',(#9745));
#9747=IFCCARTESIANPOINT((4.2283488329842456,5.0435175707709936,0.));
#9748=IFCDIRECTION((0.,0.,1.));
#9749=IFCDIRECTION((-0.99999999999998868,1.5099580252808492E-07,0.));
#9750=IFCAXIS2PLACEMENT3D(#9747,#9748,#9749);
#9751=IFCLOCALPLACEMENT(#8293,#9750);
#9765=IFCSLABTYPE('1iOserQar4jxqWLf_z8TyT',$,'SLAB-2F',$,$,(#9769),$,$,$,.FLOOR.);
#9766=IFCMATERIALLAYERSET((#9768),$,$);
#9767=IFCRELASSOCIATESMATERIAL('3lM4gKkgr0SQKOOHGod3u6',$,$,$,(#9765),#9766);
#9768=IFCMATERIALLAYER(#81,0.10000000000000001,$,$,$,$,$);
#9769=IFCPROPERTYSET('37rkwRoPv5WwiYosFPO_nx',$,'EPset_Parametric',$,(#9770));
#9770=IFCPROPERTYSINGLEVALUE('LayerSetDirection',$,IFCLABEL('AXIS3'),$);
#9771=IFCSLAB('3j4Zu5oG9Enu46Nq8yQNfE',$,'Slab',$,$,#9779,#9786,$,$);
#9772=IFCRELDEFINESBYTYPE('3e$y$tdh1BpwJlKCyjyADG',$,$,$,(#9771,#14970,#14992),#9765);
#9773=IFCMATERIALLAYERSETUSAGE(#9766,.AXIS3.,.POSITIVE.,-0.10000000149011612,$);
#9774=IFCRELASSOCIATESMATERIAL('14hdc6b6X1Iw5_6S7jbUWI',$,$,$,(#9771),#9773);
#9775=IFCCARTESIANPOINT((4.2283487319946289,6.4899702072143555,0.));
#9776=IFCDIRECTION((0.,0.,1.));
#9777=IFCDIRECTION((1.,0.,0.));
#9778=IFCAXIS2PLACEMENT3D(#9775,#9776,#9777);
#9779=IFCLOCALPLACEMENT(#8293,#9778);
#9780=IFCCARTESIANPOINTLIST2D(((0.,0.),(-3.9573137760162354,-4.76837158203125E-07),(-3.9573135375976562,-0.93000030517578125),(-7.4899997711181641,-0.92999887466430664),(-7.4899988174438477,-8.0900001525878906),(-3.9707596302032471,-8.0949344635009766),(-3.9588634967803955,-9.1000003814697266),(-0.050000190734863281,-9.1000003814697266),(0.,0.)));
#9781=IFCINDEXEDPOLYCURVE(#9780,$,$);
#9782=IFCDIRECTION((0.,0.,1.));
#9783=IFCARBITRARYCLOSEDPROFILEDEF(.AREA.,$,#9781);
#9784=IFCEXTRUDEDAREASOLID(#9783,#9793,#9782,0.10000000000000001);
#9785=IFCSHAPEREPRESENTATION(#11,'Body','SweptSolid',(#9784));
#9786=IFCPRODUCTDEFINITIONSHAPE($,$,(#9785));
#9787=IFCPROPERTYSET('1rfM5wIGv8kgMuNOw9gqRF',$,'EPset_Parametric',$,(#9789));
#9788=IFCRELDEFINESBYPROPERTIES('1pcNC5Bn548gHjoJPCSNMj',$,$,$,(#9771),#9787);
#9789=IFCPROPERTYSINGLEVALUE('Engine',$,IFCLABEL('Bonsai.DumbLayer3'),$);
#9790=IFCCARTESIANPOINT((-0.,-0.,-0.10000000149011612));
#9791=IFCDIRECTION((0.,0.,1.));
#9792=IFCDIRECTION((1.,0.,0.));
#9793=IFCAXIS2PLACEMENT3D(#9790,#9791,#9792);
#9794=IFCDOORTYPE('1XLminfj97CB7QgUDzB0cA',$,'CR-2F',$,$,(#9795),(#9797,#9805,#9874,#9886),$,$,.DOOR.,.SINGLE_SWING_LEFT.,$,$);
#9795=IFCPROPERTYSET('1xUcxOxBD1SQlphAcePyIz',$,'BBIM_Door',$,(#9796));
#9796=IFCPROPERTYSINGLEVALUE('Data',$,IFCTEXT('{"door_type": "SLIDING_TO_RIGHT", "overall_height": 2.0, "overall_width": 0.7358136177062988, "lining_properties": {"lining_depth": 0.03981618955731392, "lining_thickness": 0.05000000074505806, "lining_offset": 0.0, "transom_thickness": 0.0, "casing_thickness": 0.07500000298023224, "casing_depth": 0.004999999888241291, "threshold_thickness": 0.02500000037252903, "threshold_depth": 0.10000000149011612, "threshold_offset": 0.0}, "panel_properties": {"panel_depth": 0.0005861856043338776, "panel_width_ratio": 1.0}}'),$);
#9797=IFCREPRESENTATIONMAP(#9798,#10093);
#9798=IFCAXIS2PLACEMENT3D(#9799,#9800,#9801);
#9799=IFCCARTESIANPOINT((0.,0.,0.));
#9800=IFCDIRECTION((0.,0.,1.));
#9801=IFCDIRECTION((1.,0.,0.));
#9805=IFCREPRESENTATIONMAP(#9806,#10157);
#9806=IFCAXIS2PLACEMENT3D(#9807,#9808,#9809);
#9807=IFCCARTESIANPOINT((0.,0.,0.));
#9808=IFCDIRECTION((0.,0.,1.));
#9809=IFCDIRECTION((1.,0.,0.));
#9874=IFCREPRESENTATIONMAP(#9875,#10164);
#9875=IFCAXIS2PLACEMENT3D(#9876,#9877,#9878);
#9876=IFCCARTESIANPOINT((0.,0.,0.));
#9877=IFCDIRECTION((0.,0.,1.));
#9878=IFCDIRECTION((1.,0.,0.));
#9886=IFCREPRESENTATIONMAP(#9887,#10169);
#9887=IFCAXIS2PLACEMENT3D(#9888,#9889,#9890);
#9888=IFCCARTESIANPOINT((0.,0.,0.));
#9889=IFCDIRECTION((0.,0.,1.));
#9890=IFCDIRECTION((1.,0.,0.));
#9896=IFCDOOR('1NN7wieoD3luucRK1_r3it',$,'Door',$,$,#10194,#9905,$,2.,0.73581361770629883,$,.SLIDING_TO_RIGHT.,$);
#9897=IFCRELDEFINESBYTYPE('160ktQJNT2VvyS5gtkYrZy',$,$,$,(#9896),#9794);
#9898=IFCCARTESIANPOINT((0.,0.,0.));
#9899=IFCDIRECTION((1.,0.,0.));
#9900=IFCDIRECTION((0.,1.,0.));
#9901=IFCDIRECTION((0.,0.,1.));
#9902=IFCCARTESIANTRANSFORMATIONOPERATOR3D(#9899,#9900,#9898,1.,#9901);
#9903=IFCMAPPEDITEM(#9797,#9902);
#9904=IFCSHAPEREPRESENTATION(#18,'Profile','MappedRepresentation',(#9903));
#9905=IFCPRODUCTDEFINITIONSHAPE($,$,(#9904,#9912,#9919,#9926));
#9906=IFCCARTESIANPOINT((0.,0.,0.));
#9907=IFCDIRECTION((1.,0.,0.));
#9908=IFCDIRECTION((0.,1.,0.));
#9909=IFCDIRECTION((0.,0.,1.));
#9910=IFCCARTESIANTRANSFORMATIONOPERATOR3D(#9907,#9908,#9906,1.,#9909);
#9911=IFCMAPPEDITEM(#9805,#9910);
#9912=IFCSHAPEREPRESENTATION(#11,'Body','MappedRepresentation',(#9911));
#9913=IFCCARTESIANPOINT((0.,0.,0.));
#9914=IFCDIRECTION((1.,0.,0.));
#9915=IFCDIRECTION((0.,1.,0.));
#9916=IFCDIRECTION((0.,0.,1.));
#9917=IFCCARTESIANTRANSFORMATIONOPERATOR3D(#9914,#9915,#9913,1.,#9916);
#9918=IFCMAPPEDITEM(#9874,#9917);
#9919=IFCSHAPEREPRESENTATION(#24,'Body','MappedRepresentation',(#9918));
#9920=IFCCARTESIANPOINT((0.,0.,0.));
#9921=IFCDIRECTION((1.,0.,0.));
#9922=IFCDIRECTION((0.,1.,0.));
#9923=IFCDIRECTION((0.,0.,1.));
#9924=IFCCARTESIANTRANSFORMATIONOPERATOR3D(#9921,#9922,#9920,1.,#9923);
#9925=IFCMAPPEDITEM(#9886,#9924);
#9926=IFCSHAPEREPRESENTATION(#25,'Annotation','MappedRepresentation',(#9925));
#9927=IFCOPENINGELEMENT('3dhVez5Q5EjQOzX1WMT9dD',$,'Opening',$,$,#10189,#9955,$,.OPENING.);
#9943=IFCCARTESIANPOINT((0.,0.,0.));
#9944=IFCDIRECTION((1.,0.,0.));
#9945=IFCDIRECTION((0.,0.,1.));
#9946=IFCAXIS2PLACEMENT3D(#9943,#9945,#9944);
#9947=IFCREPRESENTATIONMAP(#9946,#10179);
#9948=IFCCARTESIANPOINT((0.,0.,0.));
#9949=IFCDIRECTION((1.,0.,0.));
#9950=IFCDIRECTION((0.,1.,0.));
#9951=IFCDIRECTION((0.,0.,1.));
#9952=IFCCARTESIANTRANSFORMATIONOPERATOR3D(#9949,#9950,#9948,1.,#9951);
#9953=IFCMAPPEDITEM(#9947,#9952);
#9954=IFCSHAPEREPRESENTATION(#11,'Body','MappedRepresentation',(#9953));
#9955=IFCPRODUCTDEFINITIONSHAPE($,$,(#9954));
#9956=IFCRELVOIDSELEMENT('2MIWro_H99ov7Rvj4cqzA$',$,$,$,#9636,#9927);
#9962=IFCRELFILLSELEMENT('0bxHD5cr5DLQP3vQnpB2Z5',$,$,$,#9927,#9896);
#9971=IFCCARTESIANPOINTLIST2D(((0.,0.),(0.,2.),(0.73581361770629883,2.),(0.73581361770629883,0.),(0.68581361696124077,0.),(0.68581361696124077,1.9499999992549419),(0.05000000074505806,1.9499999992549419),(0.05000000074505806,0.)));
#9972=IFCINDEXEDPOLYCURVE(#9971,(IFCLINEINDEX((1,2,3,4,5,6,7,8,1))),$);
#9973=IFCARBITRARYCLOSEDPROFILEDEF(.AREA.,$,#9972);
#9974=IFCCARTESIANPOINT((0.,0.,0.));
#9975=IFCDIRECTION((0.,-1.,0.));
#9976=IFCDIRECTION((1.,0.,0.));
#9977=IFCAXIS2PLACEMENT3D(#9974,#9975,#9976);
#9978=IFCDIRECTION((0.,0.,-1.));
#9979=IFCEXTRUDEDAREASOLID(#9973,#9977,#9978,0.05000000074505806);
#9980=IFCCARTESIANPOINTLIST2D(((0.,0.),(0.63581361621618271,0.),(0.63581361621618271,0.10000000149011612),(0.,0.10000000149011612)));
#9981=IFCINDEXEDPOLYCURVE(#9980,(IFCLINEINDEX((1,2,3,4,1))),$);
#9982=IFCARBITRARYCLOSEDPROFILEDEF(.AREA.,$,#9981);
#9983=IFCCARTESIANPOINT((0.05000000074505806,0.,0.));
#9984=IFCDIRECTION((0.,0.,1.));
#9985=IFCDIRECTION((1.,0.,0.));
#9986=IFCAXIS2PLACEMENT3D(#9983,#9984,#9985);
#9987=IFCDIRECTION((0.,0.,1.));
#9988=IFCEXTRUDEDAREASOLID(#9982,#9986,#9987,0.02500000037252903);
#9989=IFCCARTESIANPOINTLIST2D(((0.,0.),(0.,2.0250000022351742),(0.78581362217664719,2.0250000022351742),(0.78581362217664719,0.),(0.71081361919641495,0.),(0.71081361919641495,1.9499999992549419),(0.075000002980232239,1.9499999992549419),(0.075000002980232239,0.)));
#9990=IFCINDEXEDPOLYCURVE(#9989,(IFCLINEINDEX((1,2,3,4,5,6,7,8,1))),$);
#9991=IFCARBITRARYCLOSEDPROFILEDEF(.AREA.,$,#9990);
#9992=IFCCARTESIANPOINT((-0.025000002235174179,-0.004999999888241291,0.));
#9993=IFCDIRECTION((0.,-1.,0.));
#9994=IFCDIRECTION((1.,0.,0.));
#9995=IFCAXIS2PLACEMENT3D(#9992,#9993,#9994);
#9996=IFCDIRECTION((0.,0.,-1.));
#9997=IFCEXTRUDEDAREASOLID(#9991,#9995,#9996,0.004999999888241291);
#9998=IFCCARTESIANPOINTLIST2D(((0.,0.),(0.,2.0250000022351742),(0.78581362217664719,2.0250000022351742),(0.78581362217664719,0.),(0.71081361919641495,0.),(0.71081361919641495,1.9499999992549419),(0.075000002980232239,1.9499999992549419),(0.075000002980232239,0.)));
#9999=IFCINDEXEDPOLYCURVE(#9998,(IFCLINEINDEX((1,2,3,4,5,6,7,8,1))),$);
#10000=IFCARBITRARYCLOSEDPROFILEDEF(.AREA.,$,#9999);
#10001=IFCCARTESIANPOINT((-0.025000002235174179,0.05000000074505806,0.));
#10002=IFCDIRECTION((0.,-1.,0.));
#10003=IFCDIRECTION((1.,0.,0.));
#10004=IFCAXIS2PLACEMENT3D(#10001,#10002,#10003);
#10005=IFCDIRECTION((0.,0.,-1.));
#10006=IFCEXTRUDEDAREASOLID(#10000,#10004,#10005,0.004999999888241291);
#10007=IFCCARTESIANPOINTLIST2D(((0.,0.),(0.63581361621618271,0.),(0.63581361621618271,0.035000000149011612),(0.,0.035000000149011612)));
#10008=IFCINDEXEDPOLYCURVE(#10007,(IFCLINEINDEX((1,2,3,4,1))),$);
#10009=IFCARBITRARYCLOSEDPROFILEDEF(.AREA.,$,#10008);
#10010=IFCCARTESIANPOINT((0.05000000074505806,-0.035000000149011612,0.02500000037252903));
#10011=IFCDIRECTION((0.,0.,1.));
#10012=IFCDIRECTION((1.,0.,0.));
#10013=IFCAXIS2PLACEMENT3D(#10010,#10011,#10012);
#10014=IFCDIRECTION((0.,0.,1.));
#10015=IFCEXTRUDEDAREASOLID(#10009,#10013,#10014,1.9249999988824129);
#10016=IFCCARTESIANPOINTLIST2D(((0.,0.),(0.,-0.040000000000000001),(0.12,-0.040000000000000001),(0.12,-0.02),(0.02,-0.02),(0.02,0.)));
#10017=IFCINDEXEDPOLYCURVE(#10016,(IFCLINEINDEX((1,2,3,4,5,6,1))),$);
#10018=IFCARBITRARYCLOSEDPROFILEDEF(.AREA.,$,#10017);
#10019=IFCCARTESIANPOINT((0.10000000074505806,-0.035000000149011612,1.015000000372529));
#10020=IFCDIRECTION((0.,0.,1.));
#10021=IFCDIRECTION((1.,0.,0.));
#10022=IFCAXIS2PLACEMENT3D(#10019,#10020,#10021);
#10023=IFCDIRECTION((0.,0.,1.));
#10024=IFCEXTRUDEDAREASOLID(#10018,#10022,#10023,0.02);
#10025=IFCEXTRUDEDAREASOLID(#10026,#10029,#10033,0.02);
#10026=IFCARBITRARYCLOSEDPROFILEDEF(.AREA.,$,#10027);
#10027=IFCINDEXEDPOLYCURVE(#10028,(IFCLINEINDEX((1,2,3,4,5,6,1))),$);
#10028=IFCCARTESIANPOINTLIST2D(((0.,0.),(0.,0.040000000000000008),(0.11999999999999998,0.040000000000000008),(0.11999999999999998,0.020000000000000004),(0.020000000000000004,0.020000000000000004),(0.020000000000000004,0.)));
#10029=IFCAXIS2PLACEMENT3D(#10030,#10031,#10032);
#10030=IFCCARTESIANPOINT((0.10000000074505806,0.,1.015000000372529));
#10031=IFCDIRECTION((0.,0.,1.));
#10032=IFCDIRECTION((1.,0.,0.));
#10033=IFCDIRECTION((0.,0.,1.));
#10035=IFCSHAPEREPRESENTATION(#11,'Body','SweptSolid',(#10129,#10006,#10102,#9997,#10120,#9988,#10111,#9979));
#10036=IFCSHAPEASPECT((#10035),'Lining',$,.T.,#9905);
#10037=IFCSHAPEREPRESENTATION(#11,'Body','SweptSolid',(#10015,#10025,#10147,#10148,#10024,#10138));
#10038=IFCSHAPEASPECT((#10037),'Framing',$,.T.,#9905);
#10091=IFCCARTESIANPOINTLIST3D(((0.,0.,0.),(0.73581361770629883,0.,0.),(0.73581361770629883,0.,2.),(0.,0.,2.)));
#10092=IFCINDEXEDPOLYCURVE(#10091,(IFCLINEINDEX((1,2,3,4,1))),$);
#10093=IFCSHAPEREPRESENTATION(#18,'Profile','Curve3D',(#10092));
#10094=IFCCARTESIANPOINTLIST2D(((0.,0.),(0.,2.),(0.73581361770629883,2.),(0.73581361770629883,0.),(0.68581361696124077,0.),(0.68581361696124077,1.9499999992549419),(0.05000000074505806,1.9499999992549419),(0.05000000074505806,0.)));
#10095=IFCINDEXEDPOLYCURVE(#10094,(IFCLINEINDEX((1,2,3,4,5,6,7,8,1))),$);
#10096=IFCARBITRARYCLOSEDPROFILEDEF(.AREA.,$,#10095);
#10097=IFCCARTESIANPOINT((0.,0.,0.));
#10098=IFCDIRECTION((0.,-1.,0.));
#10099=IFCDIRECTION((1.,0.,0.));
#10100=IFCAXIS2PLACEMENT3D(#10097,#10098,#10099);
#10101=IFCDIRECTION((0.,0.,-1.));
#10102=IFCEXTRUDEDAREASOLID(#10096,#10100,#10101,0.039816189557313919);
#10103=IFCCARTESIANPOINTLIST2D(((0.,0.),(0.63581361621618271,0.),(0.63581361621618271,0.10000000149011612),(0.,0.10000000149011612)));
#10104=IFCINDEXEDPOLYCURVE(#10103,(IFCLINEINDEX((1,2,3,4,1))),$);
#10105=IFCARBITRARYCLOSEDPROFILEDEF(.AREA.,$,#10104);
#10106=IFCCARTESIANPOINT((0.05000000074505806,0.,0.));
#10107=IFCDIRECTION((0.,0.,1.));
#10108=IFCDIRECTION((1.,0.,0.));
#10109=IFCAXIS2PLACEMENT3D(#10106,#10107,#10108);
#10110=IFCDIRECTION((0.,0.,1.));
#10111=IFCEXTRUDEDAREASOLID(#10105,#10109,#10110,0.02500000037252903);
#10112=IFCCARTESIANPOINTLIST2D(((0.,0.),(0.,2.0250000022351742),(0.78581362217664719,2.0250000022351742),(0.78581362217664719,0.),(0.71081361919641495,0.),(0.71081361919641495,1.9499999992549419),(0.075000002980232239,1.9499999992549419),(0.075000002980232239,0.)));
#10113=IFCINDEXEDPOLYCURVE(#10112,(IFCLINEINDEX((1,2,3,4,5,6,7,8,1))),$);
#10114=IFCARBITRARYCLOSEDPROFILEDEF(.AREA.,$,#10113);
#10115=IFCCARTESIANPOINT((-0.025000002235174179,-0.004999999888241291,0.));
#10116=IFCDIRECTION((0.,-1.,0.));
#10117=IFCDIRECTION((1.,0.,0.));
#10118=IFCAXIS2PLACEMENT3D(#10115,#10116,#10117);
#10119=IFCDIRECTION((0.,0.,-1.));
#10120=IFCEXTRUDEDAREASOLID(#10114,#10118,#10119,0.004999999888241291);
#10121=IFCCARTESIANPOINTLIST2D(((0.,0.),(0.,2.0250000022351742),(0.78581362217664719,2.0250000022351742),(0.78581362217664719,0.),(0.71081361919641495,0.),(0.71081361919641495,1.9499999992549419),(0.075000002980232239,1.9499999992549419),(0.075000002980232239,0.)));
#10122=IFCINDEXEDPOLYCURVE(#10121,(IFCLINEINDEX((1,2,3,4,5,6,7,8,1))),$);
#10123=IFCARBITRARYCLOSEDPROFILEDEF(.AREA.,$,#10122);
#10124=IFCCARTESIANPOINT((-0.025000002235174179,0.039816189557313919,0.));
#10125=IFCDIRECTION((0.,-1.,0.));
#10126=IFCDIRECTION((1.,0.,0.));
#10127=IFCAXIS2PLACEMENT3D(#10124,#10125,#10126);
#10128=IFCDIRECTION((0.,0.,-1.));
#10129=IFCEXTRUDEDAREASOLID(#10123,#10127,#10128,0.004999999888241291);
#10130=IFCCARTESIANPOINTLIST2D(((0.,0.),(0.63581361621618271,0.),(0.63581361621618271,0.00058618560433387756),(0.,0.00058618560433387756)));
#10131=IFCINDEXEDPOLYCURVE(#10130,(IFCLINEINDEX((1,2,3,4,1))),$);
#10132=IFCARBITRARYCLOSEDPROFILEDEF(.AREA.,$,#10131);
#10133=IFCCARTESIANPOINT((0.05000000074505806,-0.00058618560433387756,0.02500000037252903));
#10134=IFCDIRECTION((0.,0.,1.));
#10135=IFCDIRECTION((1.,0.,0.));
#10136=IFCAXIS2PLACEMENT3D(#10133,#10134,#10135);
#10137=IFCDIRECTION((0.,0.,1.));
#10138=IFCEXTRUDEDAREASOLID(#10132,#10136,#10137,1.9249999988824129);
#10139=IFCCARTESIANPOINTLIST2D(((0.,0.),(0.,-0.040000000000000001),(0.12,-0.040000000000000001),(0.12,-0.02),(0.02,-0.02),(0.02,0.)));
#10140=IFCINDEXEDPOLYCURVE(#10139,(IFCLINEINDEX((1,2,3,4,5,6,1))),$);
#10141=IFCARBITRARYCLOSEDPROFILEDEF(.AREA.,$,#10140);
#10142=IFCCARTESIANPOINT((0.10000000074505806,-0.00058618560433387756,1.015000000372529));
#10143=IFCDIRECTION((0.,0.,1.));
#10144=IFCDIRECTION((1.,0.,0.));
#10145=IFCAXIS2PLACEMENT3D(#10142,#10143,#10144);
#10146=IFCDIRECTION((0.,0.,1.));
#10147=IFCEXTRUDEDAREASOLID(#10141,#10145,#10146,0.02);
#10148=IFCEXTRUDEDAREASOLID(#10149,#10152,#10156,0.02);
#10149=IFCARBITRARYCLOSEDPROFILEDEF(.AREA.,$,#10150);
#10150=IFCINDEXEDPOLYCURVE(#10151,(IFCLINEINDEX((1,2,3,4,5,6,1))),$);
#10151=IFCCARTESIANPOINTLIST2D(((0.,0.),(0.,0.040000000000000001),(0.11999999999999998,0.040000000000000001),(0.11999999999999998,0.02),(0.020000000000000004,0.02),(0.020000000000000004,0.)));
#10152=IFCAXIS2PLACEMENT3D(#10153,#10154,#10155);
#10153=IFCCARTESIANPOINT((0.10000000074505806,0.,1.015000000372529));
#10154=IFCDIRECTION((0.,0.,1.));
#10155=IFCDIRECTION((1.,0.,0.));
#10156=IFCDIRECTION((0.,0.,1.));
#10157=IFCSHAPEREPRESENTATION(#11,'Body','SweptSolid',(#10102,#10138,#10147,#10148,#10111,#10120,#10129));
#10158=IFCCARTESIANPOINTLIST2D(((0.,0.),(0.05000000074505806,0.),(0.05000000074505806,0.039816189557313919),(0.,0.039816189557313919)));
#10159=IFCINDEXEDPOLYCURVE(#10158,(IFCLINEINDEX((1,2,3,4,1))),$);
#10160=IFCINDEXEDPOLYCURVE(#10161,(IFCLINEINDEX((1,2,3,4,1))),$);
#10161=IFCCARTESIANPOINTLIST2D(((0.73581361770629883,0.),(0.68581361696124077,0.),(0.68581361696124077,0.039816189557313919),(0.73581361770629883,0.039816189557313919)));
#10162=IFCCARTESIANPOINTLIST2D(((1.0037204250693321,-0.00058618560433387756),(0.36790680885314941,-0.00058618560433387756),(0.36790680885314941,0.),(1.0037204250693321,0.)));
#10163=IFCINDEXEDPOLYCURVE(#10162,(IFCLINEINDEX((1,2,3,4,1))),$);
#10164=IFCSHAPEREPRESENTATION(#24,'Body','Curve2D',(#10159,#10160,#10163));
#10165=IFCCARTESIANPOINTLIST2D(((0.272534766420722,-0.047173613722787611),(0.46327885128557683,-0.047173613722787611)));
#10166=IFCINDEXEDPOLYCURVE(#10165,$,$);
#10167=IFCCARTESIANPOINTLIST2D(((0.30253476642072197,-0.016115328310485122),(0.272534766420722,-0.047173613722787611),(0.30253476642072197,-0.078231899135090099)));
#10168=IFCINDEXEDPOLYCURVE(#10167,$,$);
#10169=IFCSHAPEREPRESENTATION(#25,'Annotation','Curve2D',(#10166,#10168));
#10170=IFCCARTESIANPOINTLIST2D(((0.,0.),(0.73581361770629883,0.),(0.73581361770629883,2.),(0.,2.)));
#10171=IFCINDEXEDPOLYCURVE(#10170,(IFCLINEINDEX((1,2,3,4,1))),$);
#10172=IFCARBITRARYCLOSEDPROFILEDEF(.AREA.,$,#10171);
#10173=IFCCARTESIANPOINT((0.,-0.60000002384185791,0.));
#10174=IFCDIRECTION((0.,-1.,0.));
#10175=IFCDIRECTION((1.,0.,0.));
#10176=IFCAXIS2PLACEMENT3D(#10173,#10174,#10175);
#10177=IFCDIRECTION((0.,0.,-1.));
#10178=IFCEXTRUDEDAREASOLID(#10172,#10176,#10177,1.2);
#10179=IFCSHAPEREPRESENTATION(#11,'Body','SweptSolid',(#10178));
#10185=IFCCARTESIANPOINT((2.8646107729866568,4.1374610404432133E-07,0.));
#10186=IFCDIRECTION((0.,0.,1.));
#10187=IFCDIRECTION((0.99999999999997169,-2.3841856489068698E-07,0.));
#10188=IFCAXIS2PLACEMENT3D(#10185,#10186,#10187);
#10189=IFCLOCALPLACEMENT(#9751,#10188);
#10190=IFCCARTESIANPOINT((-4.4408920985006262E-16,0.,0.));
#10191=IFCDIRECTION((0.,0.,1.));
#10192=IFCDIRECTION((0.99999999999999978,5.2939559203393771E-23,0.));
#10193=IFCAXIS2PLACEMENT3D(#10190,#10191,#10192);
#10194=IFCLOCALPLACEMENT(#10189,#10193);
#10195=IFCDOORTYPE('014iAsYDL2WwJ_pidm3OCX',$,'BED1-2F',$,$,(#10196),(#10198,#10206,#10284),$,$,.DOOR.,.SINGLE_SWING_LEFT.,$,$);
#10196=IFCPROPERTYSET('0K11K$AR19ewZ2b8h6yMJM',$,'BBIM_Door',$,(#10197));
#10197=IFCPROPERTYSINGLEVALUE('Data',$,IFCTEXT('{"door_type": "DOUBLE_SWING_LEFT", "overall_height": 2.0, "overall_width": 0.9042848348617554, "lining_properties": {"lining_depth": 0.05000000074505806, "lining_thickness": 0.05000000074505806, "lining_offset": 0.0, "lining_to_panel_offset_x": 0.02500000037252903, "lining_to_panel_offset_y": 0.02500000037252903, "transom_thickness": 0.0, "casing_thickness": 0.07500000298023224, "casing_depth": 0.004999999888241291, "threshold_thickness": 0.02500000037252903, "threshold_depth": 0.10000000149011612, "threshold_offset": 0.0}, "panel_properties": {"panel_depth": 0.03500000014901161, "panel_width_ratio": 1.0}}'),$);
#10198=IFCREPRESENTATIONMAP(#10199,#10385);
#10199=IFCAXIS2PLACEMENT3D(#10200,#10201,#10202);
#10200=IFCCARTESIANPOINT((0.,0.,0.));
#10201=IFCDIRECTION((0.,0.,1.));
#10202=IFCDIRECTION((1.,0.,0.));
#10206=IFCREPRESENTATIONMAP(#10207,#10449);
#10207=IFCAXIS2PLACEMENT3D(#10208,#10209,#10210);
#10208=IFCCARTESIANPOINT((0.,0.,0.));
#10209=IFCDIRECTION((0.,0.,1.));
#10210=IFCDIRECTION((1.,0.,0.));
#10284=IFCREPRESENTATIONMAP(#10285,#10469);
#10285=IFCAXIS2PLACEMENT3D(#10286,#10287,#10288);
#10286=IFCCARTESIANPOINT((0.,0.,0.));
#10287=IFCDIRECTION((0.,0.,1.));
#10288=IFCDIRECTION((1.,0.,0.));
#10303=IFCDOOR('1MBB5D$1T1nBNnV9hZ804h',$,'Door',$,$,#10494,#10312,$,2.,0.90428483486175537,$,.DOUBLE_SWING_LEFT.,$);
#10304=IFCRELDEFINESBYTYPE('0ySxfJHmP7$w9tFAyt7amT',$,$,$,(#10303),#10195);
#10305=IFCCARTESIANPOINT((0.,0.,0.));
#10306=IFCDIRECTION((1.,0.,0.));
#10307=IFCDIRECTION((0.,1.,0.));
#10308=IFCDIRECTION((0.,0.,1.));
#10309=IFCCARTESIANTRANSFORMATIONOPERATOR3D(#10306,#10307,#10305,1.,#10308);
#10310=IFCMAPPEDITEM(#10198,#10309);
#10311=IFCSHAPEREPRESENTATION(#18,'Profile','MappedRepresentation',(#10310));
#10312=IFCPRODUCTDEFINITIONSHAPE($,$,(#10311,#10319,#10326));
#10313=IFCCARTESIANPOINT((0.,0.,0.));
#10314=IFCDIRECTION((1.,0.,0.));
#10315=IFCDIRECTION((0.,1.,0.));
#10316=IFCDIRECTION((0.,0.,1.));
#10317=IFCCARTESIANTRANSFORMATIONOPERATOR3D(#10314,#10315,#10313,1.,#10316);
#10318=IFCMAPPEDITEM(#10206,#10317);
#10319=IFCSHAPEREPRESENTATION(#11,'Body','MappedRepresentation',(#10318));
#10320=IFCCARTESIANPOINT((0.,0.,0.));
#10321=IFCDIRECTION((1.,0.,0.));
#10322=IFCDIRECTION((0.,1.,0.));
#10323=IFCDIRECTION((0.,0.,1.));
#10324=IFCCARTESIANTRANSFORMATIONOPERATOR3D(#10321,#10322,#10320,1.,#10323);
#10325=IFCMAPPEDITEM(#10284,#10324);
#10326=IFCSHAPEREPRESENTATION(#24,'Body','MappedRepresentation',(#10325));
#10327=IFCOPENINGELEMENT('2e4VUtfpX8kQsWvQ7FNuaI',$,'Opening',$,$,#10489,#10355,$,.OPENING.);
#10343=IFCCARTESIANPOINT((0.,0.,0.));
#10344=IFCDIRECTION((1.,0.,0.));
#10345=IFCDIRECTION((0.,0.,1.));
#10346=IFCAXIS2PLACEMENT3D(#10343,#10345,#10344);
#10347=IFCREPRESENTATIONMAP(#10346,#10479);
#10348=IFCCARTESIANPOINT((0.,0.,0.));
#10349=IFCDIRECTION((1.,0.,0.));
#10350=IFCDIRECTION((0.,1.,0.));
#10351=IFCDIRECTION((0.,0.,1.));
#10352=IFCCARTESIANTRANSFORMATIONOPERATOR3D(#10349,#10350,#10348,1.,#10351);
#10353=IFCMAPPEDITEM(#10347,#10352);
#10354=IFCSHAPEREPRESENTATION(#11,'Body','MappedRepresentation',(#10353));
#10355=IFCPRODUCTDEFINITIONSHAPE($,$,(#10354));
#10356=IFCRELVOIDSELEMENT('10CQUUYmD1f8qI6BBXUwWp',$,$,$,#9136,#10327);
#10362=IFCRELFILLSELEMENT('1pbTMYVkPCqAQQEGz5HDWi',$,$,$,#10327,#10303);
#10383=IFCCARTESIANPOINTLIST3D(((0.,0.,0.),(0.90428483486175537,0.,0.),(0.90428483486175537,0.,2.),(0.,0.,2.)));
#10384=IFCINDEXEDPOLYCURVE(#10383,(IFCLINEINDEX((1,2,3,4,1))),$);
#10385=IFCSHAPEREPRESENTATION(#18,'Profile','Curve3D',(#10384));
#10386=IFCCARTESIANPOINTLIST2D(((0.,0.),(0.,2.),(0.90428483486175537,2.),(0.90428483486175537,0.),(0.87928483448922634,0.),(0.87928483448922634,1.974999999627471),(0.02500000037252903,1.974999999627471),(0.02500000037252903,0.)));
#10387=IFCINDEXEDPOLYCURVE(#10386,(IFCLINEINDEX((1,2,3,4,5,6,7,8,1))),$);
#10388=IFCARBITRARYCLOSEDPROFILEDEF(.AREA.,$,#10387);
#10389=IFCCARTESIANPOINT((0.,0.,0.));
#10390=IFCDIRECTION((0.,-1.,0.));
#10391=IFCDIRECTION((1.,0.,0.));
#10392=IFCAXIS2PLACEMENT3D(#10389,#10390,#10391);
#10393=IFCDIRECTION((0.,0.,-1.));
#10394=IFCEXTRUDEDAREASOLID(#10388,#10392,#10393,0.05000000074505806);
#10395=IFCCARTESIANPOINTLIST2D(((0.,0.),(0.85428483411669731,0.),(0.85428483411669731,0.10000000149011612),(0.,0.10000000149011612)));
#10396=IFCINDEXEDPOLYCURVE(#10395,(IFCLINEINDEX((1,2,3,4,1))),$);
#10397=IFCARBITRARYCLOSEDPROFILEDEF(.AREA.,$,#10396);
#10398=IFCCARTESIANPOINT((0.02500000037252903,0.,0.));
#10399=IFCDIRECTION((0.,0.,1.));
#10400=IFCDIRECTION((1.,0.,0.));
#10401=IFCAXIS2PLACEMENT3D(#10398,#10399,#10400);
#10402=IFCDIRECTION((0.,0.,1.));
#10403=IFCEXTRUDEDAREASOLID(#10397,#10401,#10402,0.02500000037252903);
#10404=IFCCARTESIANPOINTLIST2D(((0.,0.),(0.,2.0250000022351742),(0.95428483933210373,2.0250000022351742),(0.95428483933210373,0.),(0.90428483672440052,0.),(0.90428483672440052,1.974999999627471),(0.050000002607703209,1.974999999627471),(0.050000002607703209,0.)));
#10405=IFCINDEXEDPOLYCURVE(#10404,(IFCLINEINDEX((1,2,3,4,5,6,7,8,1))),$);
#10406=IFCARBITRARYCLOSEDPROFILEDEF(.AREA.,$,#10405);
#10407=IFCCARTESIANPOINT((-0.025000002235174179,-0.004999999888241291,0.));
#10408=IFCDIRECTION((0.,-1.,0.));
#10409=IFCDIRECTION((1.,0.,0.));
#10410=IFCAXIS2PLACEMENT3D(#10407,#10408,#10409);
#10411=IFCDIRECTION((0.,0.,-1.));
#10412=IFCEXTRUDEDAREASOLID(#10406,#10410,#10411,0.004999999888241291);
#10413=IFCCARTESIANPOINTLIST2D(((0.,0.),(0.,2.0250000022351742),(0.95428483933210373,2.0250000022351742),(0.95428483933210373,0.),(0.90428483672440052,0.),(0.90428483672440052,1.974999999627471),(0.050000002607703209,1.974999999627471),(0.050000002607703209,0.)));
#10414=IFCINDEXEDPOLYCURVE(#10413,(IFCLINEINDEX((1,2,3,4,5,6,7,8,1))),$);
#10415=IFCARBITRARYCLOSEDPROFILEDEF(.AREA.,$,#10414);
#10416=IFCCARTESIANPOINT((-0.025000002235174179,0.05000000074505806,0.));
#10417=IFCDIRECTION((0.,-1.,0.));
#10418=IFCDIRECTION((1.,0.,0.));
#10419=IFCAXIS2PLACEMENT3D(#10416,#10417,#10418);
#10420=IFCDIRECTION((0.,0.,-1.));
#10421=IFCEXTRUDEDAREASOLID(#10415,#10419,#10420,0.004999999888241291);
#10422=IFCCARTESIANPOINTLIST2D(((0.,0.),(0.85428483411669731,0.),(0.85428483411669731,0.035000000149011612),(0.,0.035000000149011612)));
#10423=IFCINDEXEDPOLYCURVE(#10422,(IFCLINEINDEX((1,2,3,4,1))),$);
#10424=IFCARBITRARYCLOSEDPROFILEDEF(.AREA.,$,#10423);
#10425=IFCCARTESIANPOINT((0.02500000037252903,0.02500000037252903,0.02500000037252903));
#10426=IFCDIRECTION((0.,0.,1.));
#10427=IFCDIRECTION((1.,0.,0.));
#10428=IFCAXIS2PLACEMENT3D(#10425,#10426,#10427);
#10429=IFCDIRECTION((0.,0.,1.));
#10430=IFCEXTRUDEDAREASOLID(#10424,#10428,#10429,1.9499999992549419);
#10431=IFCCARTESIANPOINTLIST2D(((0.,0.),(0.,-0.040000000000000001),(-0.11999999999999988,-0.040000000000000001),(-0.11999999999999988,-0.02),(-0.020000000000000018,-0.02),(-0.020000000000000018,0.)));
#10432=IFCINDEXEDPOLYCURVE(#10431,(IFCLINEINDEX((1,2,3,4,5,6,1))),$);
#10433=IFCARBITRARYCLOSEDPROFILEDEF(.AREA.,$,#10432);
#10434=IFCCARTESIANPOINT((0.8292848344892263,0.02500000037252903,1.015000000372529));
#10435=IFCDIRECTION((0.,0.,1.));
#10436=IFCDIRECTION((1.,0.,0.));
#10437=IFCAXIS2PLACEMENT3D(#10434,#10435,#10436);
#10438=IFCDIRECTION((0.,0.,1.));
#10439=IFCEXTRUDEDAREASOLID(#10433,#10437,#10438,0.02);
#10440=IFCEXTRUDEDAREASOLID(#10441,#10444,#10448,0.02);
#10441=IFCARBITRARYCLOSEDPROFILEDEF(.AREA.,$,#10442);
#10442=IFCINDEXEDPOLYCURVE(#10443,(IFCLINEINDEX((1,2,3,4,5,6,1))),$);
#10443=IFCCARTESIANPOINTLIST2D(((0.,0.),(0.,0.040000000000000008),(-0.11999999999999988,0.040000000000000008),(-0.11999999999999988,0.020000000000000004),(-0.020000000000000018,0.020000000000000004),(-0.020000000000000018,0.)));
#10444=IFCAXIS2PLACEMENT3D(#10445,#10446,#10447);
#10445=IFCCARTESIANPOINT((0.8292848344892263,0.060000000521540642,1.015000000372529));
#10446=IFCDIRECTION((0.,0.,1.));
#10447=IFCDIRECTION((1.,0.,0.));
#10448=IFCDIRECTION((0.,0.,1.));
#10449=IFCSHAPEREPRESENTATION(#11,'Body','SweptSolid',(#10394,#10430,#10439,#10440,#10403,#10412,#10421));
#10450=IFCSHAPEREPRESENTATION(#11,'Body','SweptSolid',(#10394,#10403,#10412,#10421));
#10451=IFCSHAPEASPECT((#10450),'Lining',$,.T.,#10312);
#10452=IFCSHAPEREPRESENTATION(#11,'Body','SweptSolid',(#10430,#10439,#10440));
#10453=IFCSHAPEASPECT((#10452),'Framing',$,.T.,#10312);
#10454=IFCCARTESIANPOINTLIST2D(((0.,0.),(0.02500000037252903,0.),(0.02500000037252903,0.05000000074505806),(0.,0.05000000074505806)));
#10455=IFCINDEXEDPOLYCURVE(#10454,(IFCLINEINDEX((1,2,3,4,1))),$);
#10456=IFCINDEXEDPOLYCURVE(#10457,(IFCLINEINDEX((1,2,3,4,1))),$);
#10457=IFCCARTESIANPOINTLIST2D(((0.90428483486175537,0.),(0.87928483448922634,0.),(0.87928483448922634,0.05000000074505806),(0.90428483486175537,0.05000000074505806)));
#10458=IFCCARTESIANPOINTLIST2D(((0.02500000037252903,0.05000000074505806),(0.02500000037252903,-0.80428483337163925),(0.060000000521540642,-0.80428483337163925)));
#10459=IFCINDEXEDPOLYCURVE(#10458,$,$);
#10460=IFCDIRECTION((1.,0.));
#10461=IFCCARTESIANPOINT((0.060000000521540642,0.05000000074505806));
#10462=IFCAXIS2PLACEMENT2D(#10461,#10460);
#10463=IFCELLIPSE(#10462,0.8192848339676857,0.85428483411669731);
#10464=IFCCARTESIANPOINT((0.060000000521540642,-0.80428483337163925));
#10465=IFCCARTESIANPOINT((0.060000000521540642,0.90428483486175537));
#10466=IFCTRIMMEDCURVE(#10463,(#10464),(#10465),.T.,.CARTESIAN.);
#10467=IFCCARTESIANPOINTLIST2D(((0.02500000037252903,0.05000000074505806),(0.060000000521540642,0.05000000074505806),(0.060000000521540642,0.90428483486175537),(0.02500000037252903,0.90428483486175537)));
#10468=IFCINDEXEDPOLYCURVE(#10467,(IFCLINEINDEX((1,2,3,4,1))),$);
#10469=IFCSHAPEREPRESENTATION(#24,'Body','Curve2D',(#10455,#10456,#10459,#10466,#10468));
#10470=IFCCARTESIANPOINTLIST2D(((0.,0.),(0.90428483486175537,0.),(0.90428483486175537,2.),(0.,2.)));
#10471=IFCINDEXEDPOLYCURVE(#10470,(IFCLINEINDEX((1,2,3,4,1))),$);
#10472=IFCARBITRARYCLOSEDPROFILEDEF(.AREA.,$,#10471);
#10473=IFCCARTESIANPOINT((0.,-0.60000002384185791,0.));
#10474=IFCDIRECTION((0.,-1.,0.));
#10475=IFCDIRECTION((1.,0.,0.));
#10476=IFCAXIS2PLACEMENT3D(#10473,#10474,#10475);
#10477=IFCDIRECTION((0.,0.,-1.));
#10478=IFCEXTRUDEDAREASOLID(#10472,#10476,#10477,1.2);
#10479=IFCSHAPEREPRESENTATION(#11,'Body','SweptSolid',(#10478));
#10485=IFCCARTESIANPOINT((4.2874777317047563,-4.2136248923352326E-07,0.));
#10486=IFCDIRECTION((0.,0.,1.));
#10487=IFCDIRECTION((0.99999999999997147,-2.384185719961227E-07,0.));
#10488=IFCAXIS2PLACEMENT3D(#10485,#10486,#10487);
#10489=IFCLOCALPLACEMENT(#9147,#10488);
#10490=IFCCARTESIANPOINT((-2.2204460492503131E-15,-5.5511151231257827E-17,0.));
#10491=IFCDIRECTION((0.,0.,1.));
#10492=IFCDIRECTION((1.,5.2939559203393771E-23,0.));
#10493=IFCAXIS2PLACEMENT3D(#10490,#10491,#10492);
#10494=IFCLOCALPLACEMENT(#10489,#10493);
#10495=IFCDOORTYPE('2PO25WQw95VAlaObApqanG',$,'BED2-2F',$,$,(#10496),(#10498,#10506,#10575),$,$,.DOOR.,.SINGLE_SWING_LEFT.,$,$);
#10496=IFCPROPERTYSET('23IKL8tjb97QQ53Gt_nE0g',$,'BBIM_Door',$,(#10497));
#10497=IFCPROPERTYSINGLEVALUE('Data',$,IFCTEXT('{"door_type": "DOUBLE_SWING_RIGHT", "overall_height": 2.0, "overall_width": 0.8169616460800171, "lining_properties": {"lining_depth": 0.05000000074505806, "lining_thickness": 0.05000000074505806, "lining_offset": 0.0, "lining_to_panel_offset_x": 0.02500000037252903, "lining_to_panel_offset_y": 0.02500000037252903, "transom_thickness": 0.0, "casing_thickness": 0.07500000298023224, "casing_depth": 0.004999999888241291, "threshold_thickness": 0.02500000037252903, "threshold_depth": 0.09893522411584854, "threshold_offset": 0.0}, "panel_properties": {"panel_depth": 0.03500000014901161, "panel_width_ratio": 1.0}}'),$);
#10498=IFCREPRESENTATIONMAP(#10499,#10820);
#10499=IFCAXIS2PLACEMENT3D(#10500,#10501,#10502);
#10500=IFCCARTESIANPOINT((0.,0.,0.));
#10501=IFCDIRECTION((0.,0.,1.));
#10502=IFCDIRECTION((1.,0.,0.));
#10506=IFCREPRESENTATIONMAP(#10507,#10884);
#10507=IFCAXIS2PLACEMENT3D(#10508,#10509,#10510);
#10508=IFCCARTESIANPOINT((0.,0.,0.));
#10509=IFCDIRECTION((0.,0.,1.));
#10510=IFCDIRECTION((1.,0.,0.));
#10575=IFCREPRESENTATIONMAP(#10576,#10900);
#10576=IFCAXIS2PLACEMENT3D(#10577,#10578,#10579);
#10577=IFCCARTESIANPOINT((0.,0.,0.));
#10578=IFCDIRECTION((0.,0.,1.));
#10579=IFCDIRECTION((1.,0.,0.));
#10596=IFCDOOR('20RALwoAP6lRq3Uh$wVpPt',$,'Door',$,$,#10925,#10605,$,2.,0.81696164608001709,$,.DOUBLE_SWING_RIGHT.,$);
#10597=IFCRELDEFINESBYTYPE('0oliKZyVzEB8DhhMogsibB',$,$,$,(#10596),#10495);
#10598=IFCCARTESIANPOINT((0.,0.,0.));
#10599=IFCDIRECTION((1.,0.,0.));
#10600=IFCDIRECTION((0.,1.,0.));
#10601=IFCDIRECTION((0.,0.,1.));
#10602=IFCCARTESIANTRANSFORMATIONOPERATOR3D(#10599,#10600,#10598,1.,#10601);
#10603=IFCMAPPEDITEM(#10498,#10602);
#10604=IFCSHAPEREPRESENTATION(#18,'Profile','MappedRepresentation',(#10603));
#10605=IFCPRODUCTDEFINITIONSHAPE($,$,(#10604,#10612,#10619));
#10606=IFCCARTESIANPOINT((0.,0.,0.));
#10607=IFCDIRECTION((1.,0.,0.));
#10608=IFCDIRECTION((0.,1.,0.));
#10609=IFCDIRECTION((0.,0.,1.));
#10610=IFCCARTESIANTRANSFORMATIONOPERATOR3D(#10607,#10608,#10606,1.,#10609);
#10611=IFCMAPPEDITEM(#10506,#10610);
#10612=IFCSHAPEREPRESENTATION(#11,'Body','MappedRepresentation',(#10611));
#10613=IFCCARTESIANPOINT((0.,0.,0.));
#10614=IFCDIRECTION((1.,0.,0.));
#10615=IFCDIRECTION((0.,1.,0.));
#10616=IFCDIRECTION((0.,0.,1.));
#10617=IFCCARTESIANTRANSFORMATIONOPERATOR3D(#10614,#10615,#10613,1.,#10616);
#10618=IFCMAPPEDITEM(#10575,#10617);
#10619=IFCSHAPEREPRESENTATION(#24,'Body','MappedRepresentation',(#10618));
#10620=IFCOPENINGELEMENT('10ujZVveP2bRTg3A1ZEkw0',$,'Opening',$,$,#10920,#10648,$,.OPENING.);
#10636=IFCCARTESIANPOINT((0.,0.,0.));
#10637=IFCDIRECTION((1.,0.,0.));
#10638=IFCDIRECTION((0.,0.,1.));
#10639=IFCAXIS2PLACEMENT3D(#10636,#10638,#10637);
#10640=IFCREPRESENTATIONMAP(#10639,#10910);
#10641=IFCCARTESIANPOINT((0.,0.,0.));
#10642=IFCDIRECTION((1.,0.,0.));
#10643=IFCDIRECTION((0.,1.,0.));
#10644=IFCDIRECTION((0.,0.,1.));
#10645=IFCCARTESIANTRANSFORMATIONOPERATOR3D(#10642,#10643,#10641,1.,#10644);
#10646=IFCMAPPEDITEM(#10640,#10645);
#10647=IFCSHAPEREPRESENTATION(#11,'Body','MappedRepresentation',(#10646));
#10648=IFCPRODUCTDEFINITIONSHAPE($,$,(#10647));
#10649=IFCRELVOIDSELEMENT('2tEqLsHRDE1RogvQ8R39Ty',$,$,$,#9480,#10620);
#10655=IFCRELFILLSELEMENT('0soFAuEmz5Qe_wEYUg8yGL',$,$,$,#10620,#10596);
#10694=IFCCARTESIANPOINTLIST2D(((0.,0.),(0.,2.),(0.87162518501281738,2.),(0.87162518501281738,0.),(0.84662518464028835,0.),(0.84662518464028835,1.974999999627471),(0.02500000037252903,1.974999999627471),(0.02500000037252903,0.)));
#10695=IFCINDEXEDPOLYCURVE(#10694,(IFCLINEINDEX((1,2,3,4,5,6,7,8,1))),$);
#10696=IFCARBITRARYCLOSEDPROFILEDEF(.AREA.,$,#10695);
#10697=IFCCARTESIANPOINT((0.,0.,0.));
#10698=IFCDIRECTION((0.,-1.,0.));
#10699=IFCDIRECTION((1.,0.,0.));
#10700=IFCAXIS2PLACEMENT3D(#10697,#10698,#10699);
#10701=IFCDIRECTION((0.,0.,-1.));
#10702=IFCEXTRUDEDAREASOLID(#10696,#10700,#10701,0.05000000074505806);
#10703=IFCCARTESIANPOINTLIST2D(((0.,0.),(0.82162518426775932,0.),(0.82162518426775932,0.10000000149011612),(0.,0.10000000149011612)));
#10704=IFCINDEXEDPOLYCURVE(#10703,(IFCLINEINDEX((1,2,3,4,1))),$);
#10705=IFCARBITRARYCLOSEDPROFILEDEF(.AREA.,$,#10704);
#10706=IFCCARTESIANPOINT((0.02500000037252903,0.,0.));
#10707=IFCDIRECTION((0.,0.,1.));
#10708=IFCDIRECTION((1.,0.,0.));
#10709=IFCAXIS2PLACEMENT3D(#10706,#10707,#10708);
#10710=IFCDIRECTION((0.,0.,1.));
#10711=IFCEXTRUDEDAREASOLID(#10705,#10709,#10710,0.02500000037252903);
#10712=IFCCARTESIANPOINTLIST2D(((0.,0.),(0.,2.0250000022351742),(0.92162518948316574,2.0250000022351742),(0.92162518948316574,0.),(0.87162518687546253,0.),(0.87162518687546253,1.974999999627471),(0.050000002607703209,1.974999999627471),(0.050000002607703209,0.)));
#10713=IFCINDEXEDPOLYCURVE(#10712,(IFCLINEINDEX((1,2,3,4,5,6,7,8,1))),$);
#10714=IFCARBITRARYCLOSEDPROFILEDEF(.AREA.,$,#10713);
#10715=IFCCARTESIANPOINT((-0.025000002235174179,-0.004999999888241291,0.));
#10716=IFCDIRECTION((0.,-1.,0.));
#10717=IFCDIRECTION((1.,0.,0.));
#10718=IFCAXIS2PLACEMENT3D(#10715,#10716,#10717);
#10719=IFCDIRECTION((0.,0.,-1.));
#10720=IFCEXTRUDEDAREASOLID(#10714,#10718,#10719,0.004999999888241291);
#10721=IFCCARTESIANPOINTLIST2D(((0.,0.),(0.,2.0250000022351742),(0.92162518948316574,2.0250000022351742),(0.92162518948316574,0.),(0.87162518687546253,0.),(0.87162518687546253,1.974999999627471),(0.050000002607703209,1.974999999627471),(0.050000002607703209,0.)));
#10722=IFCINDEXEDPOLYCURVE(#10721,(IFCLINEINDEX((1,2,3,4,5,6,7,8,1))),$);
#10723=IFCARBITRARYCLOSEDPROFILEDEF(.AREA.,$,#10722);
#10724=IFCCARTESIANPOINT((-0.025000002235174179,0.05000000074505806,0.));
#10725=IFCDIRECTION((0.,-1.,0.));
#10726=IFCDIRECTION((1.,0.,0.));
#10727=IFCAXIS2PLACEMENT3D(#10724,#10725,#10726);
#10728=IFCDIRECTION((0.,0.,-1.));
#10729=IFCEXTRUDEDAREASOLID(#10723,#10727,#10728,0.004999999888241291);
#10730=IFCCARTESIANPOINTLIST2D(((0.,0.),(0.82162518426775932,0.),(0.82162518426775932,0.035000000149011612),(0.,0.035000000149011612)));
#10731=IFCINDEXEDPOLYCURVE(#10730,(IFCLINEINDEX((1,2,3,4,1))),$);
#10732=IFCARBITRARYCLOSEDPROFILEDEF(.AREA.,$,#10731);
#10733=IFCCARTESIANPOINT((0.02500000037252903,0.02500000037252903,0.02500000037252903));
#10734=IFCDIRECTION((0.,0.,1.));
#10735=IFCDIRECTION((1.,0.,0.));
#10736=IFCAXIS2PLACEMENT3D(#10733,#10734,#10735);
#10737=IFCDIRECTION((0.,0.,1.));
#10738=IFCEXTRUDEDAREASOLID(#10732,#10736,#10737,1.9499999992549419);
#10739=IFCCARTESIANPOINTLIST2D(((0.,0.),(0.,-0.040000000000000001),(-0.11999999999999988,-0.040000000000000001),(-0.11999999999999988,-0.02),(-0.020000000000000018,-0.02),(-0.020000000000000018,0.)));
#10740=IFCINDEXEDPOLYCURVE(#10739,(IFCLINEINDEX((1,2,3,4,5,6,1))),$);
#10741=IFCARBITRARYCLOSEDPROFILEDEF(.AREA.,$,#10740);
#10742=IFCCARTESIANPOINT((0.79662518464028831,0.02500000037252903,1.015000000372529));
#10743=IFCDIRECTION((0.,0.,1.));
#10744=IFCDIRECTION((1.,0.,0.));
#10745=IFCAXIS2PLACEMENT3D(#10742,#10743,#10744);
#10746=IFCDIRECTION((0.,0.,1.));
#10747=IFCEXTRUDEDAREASOLID(#10741,#10745,#10746,0.02);
#10748=IFCEXTRUDEDAREASOLID(#10749,#10752,#10756,0.02);
#10749=IFCARBITRARYCLOSEDPROFILEDEF(.AREA.,$,#10750);
#10750=IFCINDEXEDPOLYCURVE(#10751,(IFCLINEINDEX((1,2,3,4,5,6,1))),$);
#10751=IFCCARTESIANPOINTLIST2D(((0.,0.),(0.,0.040000000000000008),(-0.11999999999999988,0.040000000000000008),(-0.11999999999999988,0.020000000000000004),(-0.020000000000000018,0.020000000000000004),(-0.020000000000000018,0.)));
#10752=IFCAXIS2PLACEMENT3D(#10753,#10754,#10755);
#10753=IFCCARTESIANPOINT((0.79662518464028831,0.060000000521540642,1.015000000372529));
#10754=IFCDIRECTION((0.,0.,1.));
#10755=IFCDIRECTION((1.,0.,0.));
#10756=IFCDIRECTION((0.,0.,1.));
#10758=IFCSHAPEREPRESENTATION(#11,'Body','SweptSolid',(#10838,#10720,#10829,#10711,#10847,#10729,#10702,#10856));
#10759=IFCSHAPEASPECT((#10758),'Lining',$,.T.,#10605);
#10760=IFCSHAPEREPRESENTATION(#11,'Body','SweptSolid',(#10748,#10738,#10874,#10875,#10865,#10747));
#10761=IFCSHAPEASPECT((#10760),'Framing',$,.T.,#10605);
#10818=IFCCARTESIANPOINTLIST3D(((0.,0.,0.),(0.81696164608001709,0.,0.),(0.81696164608001709,0.,2.),(0.,0.,2.)));
#10819=IFCINDEXEDPOLYCURVE(#10818,(IFCLINEINDEX((1,2,3,4,1))),$);
#10820=IFCSHAPEREPRESENTATION(#18,'Profile','Curve3D',(#10819));
#10821=IFCCARTESIANPOINTLIST2D(((0.,0.),(0.,2.),(0.81696164608001709,2.),(0.81696164608001709,0.),(0.79196164570748806,0.),(0.79196164570748806,1.974999999627471),(0.02500000037252903,1.974999999627471),(0.02500000037252903,0.)));
#10822=IFCINDEXEDPOLYCURVE(#10821,(IFCLINEINDEX((1,2,3,4,5,6,7,8,1))),$);
#10823=IFCARBITRARYCLOSEDPROFILEDEF(.AREA.,$,#10822);
#10824=IFCCARTESIANPOINT((0.,0.,0.));
#10825=IFCDIRECTION((0.,-1.,0.));
#10826=IFCDIRECTION((1.,0.,0.));
#10827=IFCAXIS2PLACEMENT3D(#10824,#10825,#10826);
#10828=IFCDIRECTION((0.,0.,-1.));
#10829=IFCEXTRUDEDAREASOLID(#10823,#10827,#10828,0.05000000074505806);
#10830=IFCCARTESIANPOINTLIST2D(((0.,0.),(0.76696164533495903,0.),(0.76696164533495903,0.098935224115848541),(0.,0.098935224115848541)));
#10831=IFCINDEXEDPOLYCURVE(#10830,(IFCLINEINDEX((1,2,3,4,1))),$);
#10832=IFCARBITRARYCLOSEDPROFILEDEF(.AREA.,$,#10831);
#10833=IFCCARTESIANPOINT((0.02500000037252903,0.,0.));
#10834=IFCDIRECTION((0.,0.,1.));
#10835=IFCDIRECTION((1.,0.,0.));
#10836=IFCAXIS2PLACEMENT3D(#10833,#10834,#10835);
#10837=IFCDIRECTION((0.,0.,1.));
#10838=IFCEXTRUDEDAREASOLID(#10832,#10836,#10837,0.02500000037252903);
#10839=IFCCARTESIANPOINTLIST2D(((0.,0.),(0.,2.0250000022351742),(0.86696165055036545,2.0250000022351742),(0.86696165055036545,0.),(0.81696164794266224,0.),(0.81696164794266224,1.974999999627471),(0.050000002607703209,1.974999999627471),(0.050000002607703209,0.)));
#10840=IFCINDEXEDPOLYCURVE(#10839,(IFCLINEINDEX((1,2,3,4,5,6,7,8,1))),$);
#10841=IFCARBITRARYCLOSEDPROFILEDEF(.AREA.,$,#10840);
#10842=IFCCARTESIANPOINT((-0.025000002235174179,-0.004999999888241291,0.));
#10843=IFCDIRECTION((0.,-1.,0.));
#10844=IFCDIRECTION((1.,0.,0.));
#10845=IFCAXIS2PLACEMENT3D(#10842,#10843,#10844);
#10846=IFCDIRECTION((0.,0.,-1.));
#10847=IFCEXTRUDEDAREASOLID(#10841,#10845,#10846,0.004999999888241291);
#10848=IFCCARTESIANPOINTLIST2D(((0.,0.),(0.,2.0250000022351742),(0.86696165055036545,2.0250000022351742),(0.86696165055036545,0.),(0.81696164794266224,0.),(0.81696164794266224,1.974999999627471),(0.050000002607703209,1.974999999627471),(0.050000002607703209,0.)));
#10849=IFCINDEXEDPOLYCURVE(#10848,(IFCLINEINDEX((1,2,3,4,5,6,7,8,1))),$);
#10850=IFCARBITRARYCLOSEDPROFILEDEF(.AREA.,$,#10849);
#10851=IFCCARTESIANPOINT((-0.025000002235174179,0.05000000074505806,0.));
#10852=IFCDIRECTION((0.,-1.,0.));
#10853=IFCDIRECTION((1.,0.,0.));
#10854=IFCAXIS2PLACEMENT3D(#10851,#10852,#10853);
#10855=IFCDIRECTION((0.,0.,-1.));
#10856=IFCEXTRUDEDAREASOLID(#10850,#10854,#10855,0.004999999888241291);
#10857=IFCCARTESIANPOINTLIST2D(((0.,0.),(0.76696164533495903,0.),(0.76696164533495903,0.035000000149011612),(0.,0.035000000149011612)));
#10858=IFCINDEXEDPOLYCURVE(#10857,(IFCLINEINDEX((1,2,3,4,1))),$);
#10859=IFCARBITRARYCLOSEDPROFILEDEF(.AREA.,$,#10858);
#10860=IFCCARTESIANPOINT((0.02500000037252903,0.02500000037252903,0.02500000037252903));
#10861=IFCDIRECTION((0.,0.,1.));
#10862=IFCDIRECTION((1.,0.,0.));
#10863=IFCAXIS2PLACEMENT3D(#10860,#10861,#10862);
#10864=IFCDIRECTION((0.,0.,1.));
#10865=IFCEXTRUDEDAREASOLID(#10859,#10863,#10864,1.9499999992549419);
#10866=IFCCARTESIANPOINTLIST2D(((0.,0.),(0.,-0.040000000000000001),(0.12,-0.040000000000000001),(0.12,-0.02),(0.02,-0.02),(0.02,0.)));
#10867=IFCINDEXEDPOLYCURVE(#10866,(IFCLINEINDEX((1,2,3,4,5,6,1))),$);
#10868=IFCARBITRARYCLOSEDPROFILEDEF(.AREA.,$,#10867);
#10869=IFCCARTESIANPOINT((0.075000000372529033,0.02500000037252903,1.015000000372529));
#10870=IFCDIRECTION((0.,0.,1.));
#10871=IFCDIRECTION((1.,0.,0.));
#10872=IFCAXIS2PLACEMENT3D(#10869,#10870,#10871);
#10873=IFCDIRECTION((0.,0.,1.));
#10874=IFCEXTRUDEDAREASOLID(#10868,#10872,#10873,0.02);
#10875=IFCEXTRUDEDAREASOLID(#10876,#10879,#10883,0.02);
#10876=IFCARBITRARYCLOSEDPROFILEDEF(.AREA.,$,#10877);
#10877=IFCINDEXEDPOLYCURVE(#10878,(IFCLINEINDEX((1,2,3,4,5,6,1))),$);
#10878=IFCCARTESIANPOINTLIST2D(((0.,0.),(0.,0.040000000000000008),(0.11999999999999998,0.040000000000000008),(0.11999999999999998,0.020000000000000004),(0.020000000000000004,0.020000000000000004),(0.020000000000000004,0.)));
#10879=IFCAXIS2PLACEMENT3D(#10880,#10881,#10882);
#10880=IFCCARTESIANPOINT((0.075000000372529033,0.060000000521540642,1.015000000372529));
#10881=IFCDIRECTION((0.,0.,1.));
#10882=IFCDIRECTION((1.,0.,0.));
#10883=IFCDIRECTION((0.,0.,1.));
#10884=IFCSHAPEREPRESENTATION(#11,'Body','SweptSolid',(#10829,#10865,#10874,#10875,#10838,#10847,#10856));
#10885=IFCCARTESIANPOINTLIST2D(((0.,0.),(0.02500000037252903,0.),(0.02500000037252903,0.05000000074505806),(0.,0.05000000074505806)));
#10886=IFCINDEXEDPOLYCURVE(#10885,(IFCLINEINDEX((1,2,3,4,1))),$);
#10887=IFCINDEXEDPOLYCURVE(#10888,(IFCLINEINDEX((1,2,3,4,1))),$);
#10888=IFCCARTESIANPOINTLIST2D(((0.81696164608001709,0.),(0.79196164570748806,0.),(0.79196164570748806,0.05000000074505806),(0.81696164608001709,0.05000000074505806)));
#10889=IFCCARTESIANPOINTLIST2D(((0.79196164570748806,0.05000000074505806),(0.79196164570748806,-0.71696164458990097),(0.75696164555847645,-0.71696164458990097)));
#10890=IFCINDEXEDPOLYCURVE(#10889,$,$);
#10891=IFCDIRECTION((1.,0.));
#10892=IFCCARTESIANPOINT((0.75696164555847645,0.05000000074505806));
#10893=IFCAXIS2PLACEMENT2D(#10892,#10891);
#10894=IFCELLIPSE(#10893,0.73196164518594742,0.76696164533495903);
#10895=IFCCARTESIANPOINT((0.75696164555847645,0.81696164608001709));
#10896=IFCCARTESIANPOINT((0.75696164555847645,-0.71696164458990097));
#10897=IFCTRIMMEDCURVE(#10894,(#10895),(#10896),.T.,.CARTESIAN.);
#10898=IFCCARTESIANPOINTLIST2D(((0.79196164570748806,0.05000000074505806),(0.75696164555847645,0.05000000074505806),(0.75696164555847645,0.81696164608001709),(0.79196164570748806,0.81696164608001709)));
#10899=IFCINDEXEDPOLYCURVE(#10898,(IFCLINEINDEX((1,2,3,4,1))),$);
#10900=IFCSHAPEREPRESENTATION(#24,'Body','Curve2D',(#10886,#10887,#10890,#10897,#10899));
#10901=IFCCARTESIANPOINTLIST2D(((0.,0.),(0.81696164608001709,0.),(0.81696164608001709,2.),(0.,2.)));
#10902=IFCINDEXEDPOLYCURVE(#10901,(IFCLINEINDEX((1,2,3,4,1))),$);
#10903=IFCARBITRARYCLOSEDPROFILEDEF(.AREA.,$,#10902);
#10904=IFCCARTESIANPOINT((0.,-0.60000002384185791,0.));
#10905=IFCDIRECTION((0.,-1.,0.));
#10906=IFCDIRECTION((1.,0.,0.));
#10907=IFCAXIS2PLACEMENT3D(#10904,#10905,#10906);
#10908=IFCDIRECTION((0.,0.,-1.));
#10909=IFCEXTRUDEDAREASOLID(#10903,#10907,#10908,1.2);
#10910=IFCSHAPEREPRESENTATION(#11,'Body','SweptSolid',(#10909));
#10916=IFCCARTESIANPOINT((2.7409536838531006,6.8665661734357286E-07,0.));
#10917=IFCDIRECTION((0.,0.,1.));
#10918=IFCDIRECTION((0.99999999999985401,-5.4041016994677265E-07,0.));
#10919=IFCAXIS2PLACEMENT3D(#10916,#10917,#10918);
#10920=IFCLOCALPLACEMENT(#9491,#10919);
#10921=IFCCARTESIANPOINT((-1.3322676295501878E-15,0.,0.));
#10922=IFCDIRECTION((0.,0.,1.));
#10923=IFCDIRECTION((1.,2.1175823681357508E-22,0.));
#10924=IFCAXIS2PLACEMENT3D(#10921,#10922,#10923);
#10925=IFCLOCALPLACEMENT(#10920,#10924);
#10926=IFCDOORTYPE('1YEYGMbIT7jBteWiM35eyo',$,'MASTER''S-2F',$,$,(#10927),(#10929,#10937,#11006),$,$,.DOOR.,.SINGLE_SWING_LEFT.,$,$);
#10927=IFCPROPERTYSET('3nFd0rVFDEExPH3_3PbOsD',$,'BBIM_Door',$,(#10928));
#10928=IFCPROPERTYSINGLEVALUE('Data',$,IFCTEXT('{"door_type": "DOUBLE_SWING_RIGHT", "overall_height": 2.0, "overall_width": 0.8203538656234741, "lining_properties": {"lining_depth": 0.05000000074505806, "lining_thickness": 0.05000000074505806, "lining_offset": 0.0, "lining_to_panel_offset_x": 0.02500000037252903, "lining_to_panel_offset_y": 0.02500000037252903, "transom_thickness": 0.0, "casing_thickness": 0.07500000298023224, "casing_depth": 0.004999999888241291, "threshold_thickness": 0.02500000037252903, "threshold_depth": 0.10000000149011612, "threshold_offset": 0.0}, "panel_properties": {"panel_depth": 0.014803741127252579, "panel_width_ratio": 1.0}}'),$);
#10929=IFCREPRESENTATIONMAP(#10930,#11206);
#10930=IFCAXIS2PLACEMENT3D(#10931,#10932,#10933);
#10931=IFCCARTESIANPOINT((0.,0.,0.));
#10932=IFCDIRECTION((0.,0.,1.));
#10933=IFCDIRECTION((1.,0.,0.));
#10937=IFCREPRESENTATIONMAP(#10938,#11270);
#10938=IFCAXIS2PLACEMENT3D(#10939,#10940,#10941);
#10939=IFCCARTESIANPOINT((0.,0.,0.));
#10940=IFCDIRECTION((0.,0.,1.));
#10941=IFCDIRECTION((1.,0.,0.));
#11006=IFCREPRESENTATIONMAP(#11007,#11286);
#11007=IFCAXIS2PLACEMENT3D(#11008,#11009,#11010);
#11008=IFCCARTESIANPOINT((0.,0.,0.));
#11009=IFCDIRECTION((0.,0.,1.));
#11010=IFCDIRECTION((1.,0.,0.));
#11027=IFCDOOR('0Zt84Cf0LEKBcmiTuMxDQB',$,'Door',$,$,#11311,#11036,$,2.,0.82035386562347412,$,.DOUBLE_SWING_RIGHT.,$);
#11028=IFCRELDEFINESBYTYPE('02yJUFtMfEPuWQUWuBO$WJ',$,$,$,(#11027),#10926);
#11029=IFCCARTESIANPOINT((0.,0.,0.));
#11030=IFCDIRECTION((1.,0.,0.));
#11031=IFCDIRECTION((0.,1.,0.));
#11032=IFCDIRECTION((0.,0.,1.));
#11033=IFCCARTESIANTRANSFORMATIONOPERATOR3D(#11030,#11031,#11029,1.,#11032);
#11034=IFCMAPPEDITEM(#10929,#11033);
#11035=IFCSHAPEREPRESENTATION(#18,'Profile','MappedRepresentation',(#11034));
#11036=IFCPRODUCTDEFINITIONSHAPE($,$,(#11035,#11043,#11050));
#11037=IFCCARTESIANPOINT((0.,0.,0.));
#11038=IFCDIRECTION((1.,0.,0.));
#11039=IFCDIRECTION((0.,1.,0.));
#11040=IFCDIRECTION((0.,0.,1.));
#11041=IFCCARTESIANTRANSFORMATIONOPERATOR3D(#11038,#11039,#11037,1.,#11040);
#11042=IFCMAPPEDITEM(#10937,#11041);
#11043=IFCSHAPEREPRESENTATION(#11,'Body','MappedRepresentation',(#11042));
#11044=IFCCARTESIANPOINT((0.,0.,0.));
#11045=IFCDIRECTION((1.,0.,0.));
#11046=IFCDIRECTION((0.,1.,0.));
#11047=IFCDIRECTION((0.,0.,1.));
#11048=IFCCARTESIANTRANSFORMATIONOPERATOR3D(#11045,#11046,#11044,1.,#11047);
#11049=IFCMAPPEDITEM(#11006,#11048);
#11050=IFCSHAPEREPRESENTATION(#24,'Body','MappedRepresentation',(#11049));
#11051=IFCOPENINGELEMENT('1J9qSHBhvFVPOhBrZOpwUO',$,'Opening',$,$,#11306,#11079,$,.OPENING.);
#11067=IFCCARTESIANPOINT((0.,0.,0.));
#11068=IFCDIRECTION((1.,0.,0.));
#11069=IFCDIRECTION((0.,0.,1.));
#11070=IFCAXIS2PLACEMENT3D(#11067,#11069,#11068);
#11071=IFCREPRESENTATIONMAP(#11070,#11296);
#11072=IFCCARTESIANPOINT((0.,0.,0.));
#11073=IFCDIRECTION((1.,0.,0.));
#11074=IFCDIRECTION((0.,1.,0.));
#11075=IFCDIRECTION((0.,0.,1.));
#11076=IFCCARTESIANTRANSFORMATIONOPERATOR3D(#11073,#11074,#11072,1.,#11075);
#11077=IFCMAPPEDITEM(#11071,#11076);
#11078=IFCSHAPEREPRESENTATION(#11,'Body','MappedRepresentation',(#11077));
#11079=IFCPRODUCTDEFINITIONSHAPE($,$,(#11078));
#11080=IFCRELVOIDSELEMENT('3Tyy5W1jXASR07f4j9dL0U',$,$,$,#9136,#11051);
#11086=IFCRELFILLSELEMENT('2kYwLIXJT3rfLuKSfuoz0m',$,$,$,#11051,#11027);
#11095=IFCCARTESIANPOINTLIST2D(((0.,0.),(0.,2.),(0.82035386562347412,2.),(0.82035386562347412,0.),(0.79535386525094509,0.),(0.79535386525094509,1.974999999627471),(0.02500000037252903,1.974999999627471),(0.02500000037252903,0.)));
#11096=IFCINDEXEDPOLYCURVE(#11095,(IFCLINEINDEX((1,2,3,4,5,6,7,8,1))),$);
#11097=IFCARBITRARYCLOSEDPROFILEDEF(.AREA.,$,#11096);
#11098=IFCCARTESIANPOINT((0.,0.,0.));
#11099=IFCDIRECTION((0.,-1.,0.));
#11100=IFCDIRECTION((1.,0.,0.));
#11101=IFCAXIS2PLACEMENT3D(#11098,#11099,#11100);
#11102=IFCDIRECTION((0.,0.,-1.));
#11103=IFCEXTRUDEDAREASOLID(#11097,#11101,#11102,0.05000000074505806);
#11104=IFCCARTESIANPOINTLIST2D(((0.,0.),(0.77035386487841606,0.),(0.77035386487841606,0.10000000149011612),(0.,0.10000000149011612)));
#11105=IFCINDEXEDPOLYCURVE(#11104,(IFCLINEINDEX((1,2,3,4,1))),$);
#11106=IFCARBITRARYCLOSEDPROFILEDEF(.AREA.,$,#11105);
#11107=IFCCARTESIANPOINT((0.02500000037252903,0.,0.));
#11108=IFCDIRECTION((0.,0.,1.));
#11109=IFCDIRECTION((1.,0.,0.));
#11110=IFCAXIS2PLACEMENT3D(#11107,#11108,#11109);
#11111=IFCDIRECTION((0.,0.,1.));
#11112=IFCEXTRUDEDAREASOLID(#11106,#11110,#11111,0.02500000037252903);
#11113=IFCCARTESIANPOINTLIST2D(((0.,0.),(0.,2.0250000022351742),(0.87035387009382248,2.0250000022351742),(0.87035387009382248,0.),(0.82035386748611927,0.),(0.82035386748611927,1.974999999627471),(0.050000002607703209,1.974999999627471),(0.050000002607703209,0.)));
#11114=IFCINDEXEDPOLYCURVE(#11113,(IFCLINEINDEX((1,2,3,4,5,6,7,8,1))),$);
#11115=IFCARBITRARYCLOSEDPROFILEDEF(.AREA.,$,#11114);
#11116=IFCCARTESIANPOINT((-0.025000002235174179,-0.004999999888241291,0.));
#11117=IFCDIRECTION((0.,-1.,0.));
#11118=IFCDIRECTION((1.,0.,0.));
#11119=IFCAXIS2PLACEMENT3D(#11116,#11117,#11118);
#11120=IFCDIRECTION((0.,0.,-1.));
#11121=IFCEXTRUDEDAREASOLID(#11115,#11119,#11120,0.004999999888241291);
#11122=IFCCARTESIANPOINTLIST2D(((0.,0.),(0.,2.0250000022351742),(0.87035387009382248,2.0250000022351742),(0.87035387009382248,0.),(0.82035386748611927,0.),(0.82035386748611927,1.974999999627471),(0.050000002607703209,1.974999999627471),(0.050000002607703209,0.)));
#11123=IFCINDEXEDPOLYCURVE(#11122,(IFCLINEINDEX((1,2,3,4,5,6,7,8,1))),$);
#11124=IFCARBITRARYCLOSEDPROFILEDEF(.AREA.,$,#11123);
#11125=IFCCARTESIANPOINT((-0.025000002235174179,0.05000000074505806,0.));
#11126=IFCDIRECTION((0.,-1.,0.));
#11127=IFCDIRECTION((1.,0.,0.));
#11128=IFCAXIS2PLACEMENT3D(#11125,#11126,#11127);
#11129=IFCDIRECTION((0.,0.,-1.));
#11130=IFCEXTRUDEDAREASOLID(#11124,#11128,#11129,0.004999999888241291);
#11131=IFCCARTESIANPOINTLIST2D(((0.,0.),(0.77035386487841606,0.),(0.77035386487841606,0.035000000149011612),(0.,0.035000000149011612)));
#11132=IFCINDEXEDPOLYCURVE(#11131,(IFCLINEINDEX((1,2,3,4,1))),$);
#11133=IFCARBITRARYCLOSEDPROFILEDEF(.AREA.,$,#11132);
#11134=IFCCARTESIANPOINT((0.02500000037252903,0.02500000037252903,0.02500000037252903));
#11135=IFCDIRECTION((0.,0.,1.));
#11136=IFCDIRECTION((1.,0.,0.));
#11137=IFCAXIS2PLACEMENT3D(#11134,#11135,#11136);
#11138=IFCDIRECTION((0.,0.,1.));
#11139=IFCEXTRUDEDAREASOLID(#11133,#11137,#11138,1.9499999992549419);
#11140=IFCCARTESIANPOINTLIST2D(((0.,0.),(0.,-0.040000000000000001),(0.12,-0.040000000000000001),(0.12,-0.02),(0.02,-0.02),(0.02,0.)));
#11141=IFCINDEXEDPOLYCURVE(#11140,(IFCLINEINDEX((1,2,3,4,5,6,1))),$);
#11142=IFCARBITRARYCLOSEDPROFILEDEF(.AREA.,$,#11141);
#11143=IFCCARTESIANPOINT((0.075000000372529033,0.02500000037252903,1.015000000372529));
#11144=IFCDIRECTION((0.,0.,1.));
#11145=IFCDIRECTION((1.,0.,0.));
#11146=IFCAXIS2PLACEMENT3D(#11143,#11144,#11145);
#11147=IFCDIRECTION((0.,0.,1.));
#11148=IFCEXTRUDEDAREASOLID(#11142,#11146,#11147,0.02);
#11149=IFCEXTRUDEDAREASOLID(#11150,#11153,#11157,0.02);
#11150=IFCARBITRARYCLOSEDPROFILEDEF(.AREA.,$,#11151);
#11151=IFCINDEXEDPOLYCURVE(#11152,(IFCLINEINDEX((1,2,3,4,5,6,1))),$);
#11152=IFCCARTESIANPOINTLIST2D(((0.,0.),(0.,0.040000000000000008),(0.11999999999999998,0.040000000000000008),(0.11999999999999998,0.020000000000000004),(0.020000000000000004,0.020000000000000004),(0.020000000000000004,0.)));
#11153=IFCAXIS2PLACEMENT3D(#11154,#11155,#11156);
#11154=IFCCARTESIANPOINT((0.075000000372529033,0.060000000521540642,1.015000000372529));
#11155=IFCDIRECTION((0.,0.,1.));
#11156=IFCDIRECTION((1.,0.,0.));
#11157=IFCDIRECTION((0.,0.,1.));
#11159=IFCSHAPEREPRESENTATION(#11,'Body','SweptSolid',(#11233,#11224,#11103,#11215,#11242,#11121,#11112,#11130));
#11160=IFCSHAPEASPECT((#11159),'Lining',$,.T.,#11036);
#11161=IFCSHAPEREPRESENTATION(#11,'Body','SweptSolid',(#11148,#11260,#11149,#11139,#11251,#11261));
#11162=IFCSHAPEASPECT((#11161),'Framing',$,.T.,#11036);
#11204=IFCCARTESIANPOINTLIST3D(((0.,0.,0.),(0.82035386562347412,0.,0.),(0.82035386562347412,0.,2.),(0.,0.,2.)));
#11205=IFCINDEXEDPOLYCURVE(#11204,(IFCLINEINDEX((1,2,3,4,1))),$);
#11206=IFCSHAPEREPRESENTATION(#18,'Profile','Curve3D',(#11205));
#11207=IFCCARTESIANPOINTLIST2D(((0.,0.),(0.,2.),(0.82035386562347412,2.),(0.82035386562347412,0.),(0.79535386525094509,0.),(0.79535386525094509,1.974999999627471),(0.02500000037252903,1.974999999627471),(0.02500000037252903,0.)));
#11208=IFCINDEXEDPOLYCURVE(#11207,(IFCLINEINDEX((1,2,3,4,5,6,7,8,1))),$);
#11209=IFCARBITRARYCLOSEDPROFILEDEF(.AREA.,$,#11208);
#11210=IFCCARTESIANPOINT((0.,0.,0.));
#11211=IFCDIRECTION((0.,-1.,0.));
#11212=IFCDIRECTION((1.,0.,0.));
#11213=IFCAXIS2PLACEMENT3D(#11210,#11211,#11212);
#11214=IFCDIRECTION((0.,0.,-1.));
#11215=IFCEXTRUDEDAREASOLID(#11209,#11213,#11214,0.05000000074505806);
#11216=IFCCARTESIANPOINTLIST2D(((0.,0.),(0.77035386487841606,0.),(0.77035386487841606,0.10000000149011612),(0.,0.10000000149011612)));
#11217=IFCINDEXEDPOLYCURVE(#11216,(IFCLINEINDEX((1,2,3,4,1))),$);
#11218=IFCARBITRARYCLOSEDPROFILEDEF(.AREA.,$,#11217);
#11219=IFCCARTESIANPOINT((0.02500000037252903,0.,0.));
#11220=IFCDIRECTION((0.,0.,1.));
#11221=IFCDIRECTION((1.,0.,0.));
#11222=IFCAXIS2PLACEMENT3D(#11219,#11220,#11221);
#11223=IFCDIRECTION((0.,0.,1.));
#11224=IFCEXTRUDEDAREASOLID(#11218,#11222,#11223,0.02500000037252903);
#11225=IFCCARTESIANPOINTLIST2D(((0.,0.),(0.,2.0250000022351742),(0.87035387009382248,2.0250000022351742),(0.87035387009382248,0.),(0.82035386748611927,0.),(0.82035386748611927,1.974999999627471),(0.050000002607703209,1.974999999627471),(0.050000002607703209,0.)));
#11226=IFCINDEXEDPOLYCURVE(#11225,(IFCLINEINDEX((1,2,3,4,5,6,7,8,1))),$);
#11227=IFCARBITRARYCLOSEDPROFILEDEF(.AREA.,$,#11226);
#11228=IFCCARTESIANPOINT((-0.025000002235174179,-0.004999999888241291,0.));
#11229=IFCDIRECTION((0.,-1.,0.));
#11230=IFCDIRECTION((1.,0.,0.));
#11231=IFCAXIS2PLACEMENT3D(#11228,#11229,#11230);
#11232=IFCDIRECTION((0.,0.,-1.));
#11233=IFCEXTRUDEDAREASOLID(#11227,#11231,#11232,0.004999999888241291);
#11234=IFCCARTESIANPOINTLIST2D(((0.,0.),(0.,2.0250000022351742),(0.87035387009382248,2.0250000022351742),(0.87035387009382248,0.),(0.82035386748611927,0.),(0.82035386748611927,1.974999999627471),(0.050000002607703209,1.974999999627471),(0.050000002607703209,0.)));
#11235=IFCINDEXEDPOLYCURVE(#11234,(IFCLINEINDEX((1,2,3,4,5,6,7,8,1))),$);
#11236=IFCARBITRARYCLOSEDPROFILEDEF(.AREA.,$,#11235);
#11237=IFCCARTESIANPOINT((-0.025000002235174179,0.05000000074505806,0.));
#11238=IFCDIRECTION((0.,-1.,0.));
#11239=IFCDIRECTION((1.,0.,0.));
#11240=IFCAXIS2PLACEMENT3D(#11237,#11238,#11239);
#11241=IFCDIRECTION((0.,0.,-1.));
#11242=IFCEXTRUDEDAREASOLID(#11236,#11240,#11241,0.004999999888241291);
#11243=IFCCARTESIANPOINTLIST2D(((0.,0.),(0.77035386487841606,0.),(0.77035386487841606,0.014803741127252579),(0.,0.014803741127252579)));
#11244=IFCINDEXEDPOLYCURVE(#11243,(IFCLINEINDEX((1,2,3,4,1))),$);
#11245=IFCARBITRARYCLOSEDPROFILEDEF(.AREA.,$,#11244);
#11246=IFCCARTESIANPOINT((0.02500000037252903,0.02500000037252903,0.02500000037252903));
#11247=IFCDIRECTION((0.,0.,1.));
#11248=IFCDIRECTION((1.,0.,0.));
#11249=IFCAXIS2PLACEMENT3D(#11246,#11247,#11248);
#11250=IFCDIRECTION((0.,0.,1.));
#11251=IFCEXTRUDEDAREASOLID(#11245,#11249,#11250,1.9499999992549419);
#11252=IFCCARTESIANPOINTLIST2D(((0.,0.),(0.,-0.040000000000000001),(0.12,-0.040000000000000001),(0.12,-0.02),(0.02,-0.02),(0.02,0.)));
#11253=IFCINDEXEDPOLYCURVE(#11252,(IFCLINEINDEX((1,2,3,4,5,6,1))),$);
#11254=IFCARBITRARYCLOSEDPROFILEDEF(.AREA.,$,#11253);
#11255=IFCCARTESIANPOINT((0.075000000372529033,0.02500000037252903,1.015000000372529));
#11256=IFCDIRECTION((0.,0.,1.));
#11257=IFCDIRECTION((1.,0.,0.));
#11258=IFCAXIS2PLACEMENT3D(#11255,#11256,#11257);
#11259=IFCDIRECTION((0.,0.,1.));
#11260=IFCEXTRUDEDAREASOLID(#11254,#11258,#11259,0.02);
#11261=IFCEXTRUDEDAREASOLID(#11262,#11265,#11269,0.02);
#11262=IFCARBITRARYCLOSEDPROFILEDEF(.AREA.,$,#11263);
#11263=IFCINDEXEDPOLYCURVE(#11264,(IFCLINEINDEX((1,2,3,4,5,6,1))),$);
#11264=IFCCARTESIANPOINTLIST2D(((0.,0.),(0.,0.040000000000000008),(0.11999999999999998,0.040000000000000008),(0.11999999999999998,0.020000000000000004),(0.020000000000000004,0.020000000000000004),(0.020000000000000004,0.)));
#11265=IFCAXIS2PLACEMENT3D(#11266,#11267,#11268);
#11266=IFCCARTESIANPOINT((0.075000000372529033,0.039803741499781609,1.015000000372529));
#11267=IFCDIRECTION((0.,0.,1.));
#11268=IFCDIRECTION((1.,0.,0.));
#11269=IFCDIRECTION((0.,0.,1.));
#11270=IFCSHAPEREPRESENTATION(#11,'Body','SweptSolid',(#11215,#11251,#11260,#11261,#11224,#11233,#11242));
#11271=IFCCARTESIANPOINTLIST2D(((0.,0.),(0.02500000037252903,0.),(0.02500000037252903,0.05000000074505806),(0.,0.05000000074505806)));
#11272=IFCINDEXEDPOLYCURVE(#11271,(IFCLINEINDEX((1,2,3,4,1))),$);
#11273=IFCINDEXEDPOLYCURVE(#11274,(IFCLINEINDEX((1,2,3,4,1))),$);
#11274=IFCCARTESIANPOINTLIST2D(((0.82035386562347412,0.),(0.79535386525094509,0.),(0.79535386525094509,0.05000000074505806),(0.82035386562347412,0.05000000074505806)));
#11275=IFCCARTESIANPOINTLIST2D(((0.79535386525094509,0.05000000074505806),(0.79535386525094509,-0.720353864133358),(0.78055012412369251,-0.720353864133358)));
#11276=IFCINDEXEDPOLYCURVE(#11275,$,$);
#11277=IFCDIRECTION((1.,0.));
#11278=IFCCARTESIANPOINT((0.78055012412369251,0.05000000074505806));
#11279=IFCAXIS2PLACEMENT2D(#11278,#11277);
#11280=IFCELLIPSE(#11279,0.75555012375116348,0.77035386487841606);
#11281=IFCCARTESIANPOINT((0.78055012412369251,0.82035386562347412));
#11282=IFCCARTESIANPOINT((0.78055012412369251,-0.720353864133358));
#11283=IFCTRIMMEDCURVE(#11280,(#11281),(#11282),.T.,.CARTESIAN.);
#11284=IFCCARTESIANPOINTLIST2D(((0.79535386525094509,0.05000000074505806),(0.78055012412369251,0.05000000074505806),(0.78055012412369251,0.82035386562347412),(0.79535386525094509,0.82035386562347412)));
#11285=IFCINDEXEDPOLYCURVE(#11284,(IFCLINEINDEX((1,2,3,4,1))),$);
#11286=IFCSHAPEREPRESENTATION(#24,'Body','Curve2D',(#11272,#11273,#11276,#11283,#11285));
#11287=IFCCARTESIANPOINTLIST2D(((0.,0.),(0.82035386562347412,0.),(0.82035386562347412,2.),(0.,2.)));
#11288=IFCINDEXEDPOLYCURVE(#11287,(IFCLINEINDEX((1,2,3,4,1))),$);
#11289=IFCARBITRARYCLOSEDPROFILEDEF(.AREA.,$,#11288);
#11290=IFCCARTESIANPOINT((0.,-0.60000002384185791,0.));
#11291=IFCDIRECTION((0.,-1.,0.));
#11292=IFCDIRECTION((1.,0.,0.));
#11293=IFCAXIS2PLACEMENT3D(#11290,#11291,#11292);
#11294=IFCDIRECTION((0.,0.,-1.));
#11295=IFCEXTRUDEDAREASOLID(#11289,#11293,#11294,1.2);
#11296=IFCSHAPEREPRESENTATION(#11,'Body','SweptSolid',(#11295));
#11302=IFCCARTESIANPOINT((3.1019852150083067,0.014999743051100578,0.));
#11303=IFCDIRECTION((0.,0.,1.));
#11304=IFCDIRECTION((0.99999999999997147,-2.384185719961227E-07,0.));
#11305=IFCAXIS2PLACEMENT3D(#11302,#11303,#11304);
#11306=IFCLOCALPLACEMENT(#9147,#11305);
#11307=IFCCARTESIANPOINT((-4.4408920985006262E-16,0.,0.));
#11308=IFCDIRECTION((0.,0.,1.));
#11309=IFCDIRECTION((1.,5.2939559203393771E-23,0.));
#11310=IFCAXIS2PLACEMENT3D(#11307,#11308,#11309);
#11311=IFCLOCALPLACEMENT(#11306,#11310);
#11313=IFCMATERIALLAYERSET((#11315),$,$);
#11315=IFCMATERIALLAYER(#81,0.10000000000000001,$,$,$,$,$);
#11420=IFCWALL('2kvqpjC1DANhfqlFIqOQlV',$,'Wall',$,$,#11812,#11426,$,$);
#11421=IFCMATERIALLAYERSETUSAGE(#118,.AXIS2.,.POSITIVE.,0.,$);
#11422=IFCRELASSOCIATESMATERIAL('2jSr2CpNT4RfTGKk28JzNz',$,$,$,(#11420),#11421);
#11426=IFCPRODUCTDEFINITIONSHAPE($,$,(#11807,#11804));
#11442=IFCPROPERTYSET('2YZDt_ITXBdwGXwvo7vwR4',$,'EPset_Parametric',$,(#11444));
#11443=IFCRELDEFINESBYPROPERTIES('0gg53xdT14gQsobuUuUGrP',$,$,$,(#11420),#11442);
#11444=IFCPROPERTYSINGLEVALUE('Engine',$,IFCLABEL('Bonsai.DumbLayer2'),$);
#11445=IFCWALL('11efFGHIXC0AjW3syb$2GK',$,'Wall',$,$,#11590,#11451,$,$);
#11446=IFCMATERIALLAYERSETUSAGE(#118,.AXIS2.,.POSITIVE.,0.,$);
#11447=IFCRELASSOCIATESMATERIAL('1LdzdY$c16ofEkc0wTekBA',$,$,$,(#11445),#11446);
#11451=IFCPRODUCTDEFINITIONSHAPE($,$,(#11635,#11632));
#11467=IFCPROPERTYSET('0fZPXEUDTEof$9Q9SkjbG4',$,'EPset_Parametric',$,(#11469));
#11468=IFCRELDEFINESBYPROPERTIES('1H0NVNWPD1nvSlE_2Et6tY',$,$,$,(#11445),#11467);
#11469=IFCPROPERTYSINGLEVALUE('Engine',$,IFCLABEL('Bonsai.DumbLayer2'),$);
#11470=IFCWALL('2YqwwIkl17bh39eM2Ws6to',$,'Wall',$,$,#11622,#11476,$,$);
#11471=IFCMATERIALLAYERSETUSAGE(#118,.AXIS2.,.POSITIVE.,0.,$);
#11472=IFCRELASSOCIATESMATERIAL('02$dw4UNL4QPaUg7pP9S9s',$,$,$,(#11470),#11471);
#11476=IFCPRODUCTDEFINITIONSHAPE($,$,(#11667,#11664));
#11492=IFCPROPERTYSET('181mIc6Kb3zf1WP1IAZm1T',$,'EPset_Parametric',$,(#11494));
#11493=IFCRELDEFINESBYPROPERTIES('3GHGkyKUDCfPc1MPc2cjTg',$,$,$,(#11470),#11492);
#11494=IFCPROPERTYSINGLEVALUE('Engine',$,IFCLABEL('Bonsai.DumbLayer2'),$);
#11495=IFCWALL('3HZYkyOkH37RN$bL5kJ4HI',$,'Wall',$,$,#11654,#11501,$,$);
#11496=IFCMATERIALLAYERSETUSAGE(#118,.AXIS2.,.POSITIVE.,0.,$);
#11497=IFCRELASSOCIATESMATERIAL('3KZVPmMo95buwlx_ODelbV',$,$,$,(#11495),#11496);
#11501=IFCPRODUCTDEFINITIONSHAPE($,$,(#11713,#11710));
#11517=IFCPROPERTYSET('3nODNxgk95KeHH3Cwkj5gi',$,'EPset_Parametric',$,(#11519));
#11518=IFCRELDEFINESBYPROPERTIES('1s46n9wADFaQVU4BsxVGlr',$,$,$,(#11495),#11517);
#11519=IFCPROPERTYSINGLEVALUE('Engine',$,IFCLABEL('Bonsai.DumbLayer2'),$);
#11572=IFCRELCONNECTSPATHELEMENTS('1E8ziWtJzEpgrB83dQBao7',$,$,$,$,#11445,#11420,(),(),.ATEND.,.ATSTART.);
#11586=IFCCARTESIANPOINT((0.25801922062960975,-2.1549646854400608,0.));
#11587=IFCDIRECTION((0.,0.,1.));
#11588=IFCDIRECTION((0.99999999999997158,2.3841857910155572E-07,0.));
#11589=IFCAXIS2PLACEMENT3D(#11586,#11587,#11588);
#11590=IFCLOCALPLACEMENT(#8293,#11589);
#11604=IFCRELCONNECTSPATHELEMENTS('098hf_2J5ERQQTOrGFsUlT',$,$,$,$,#11470,#11445,(),(),.ATEND.,.ATSTART.);
#11618=IFCCARTESIANPOINT((1.8580192327499623,-2.1549643039703312,0.));
#11619=IFCDIRECTION((0.,0.,1.));
#11620=IFCDIRECTION((-1.6292068494294439E-07,-0.99999999999998679,0.));
#11621=IFCAXIS2PLACEMENT3D(#11618,#11619,#11620);
#11622=IFCLOCALPLACEMENT(#8293,#11621);
#11623=IFCCARTESIANPOINTLIST2D(((0.,0.),(0.10000001629206913,0.10000000000000001),(1.7000000522543326,0.10000000000000001),(1.6000000121203981,0.)));
#11624=IFCINDEXEDPOLYCURVE(#11623,(IFCLINEINDEX((1,2,3,4,1))),$);
#11625=IFCARBITRARYCLOSEDPROFILEDEF(.AREA.,$,#11624);
#11626=IFCCARTESIANPOINT((0.,0.,0.));
#11627=IFCDIRECTION((0.,0.,1.));
#11628=IFCDIRECTION((1.,0.,0.));
#11629=IFCAXIS2PLACEMENT3D(#11626,#11627,#11628);
#11630=IFCDIRECTION((0.,0.,1.));
#11631=IFCEXTRUDEDAREASOLID(#11625,#11629,#11630,3.);
#11632=IFCSHAPEREPRESENTATION(#11,'Body','SweptSolid',(#11631));
#11633=IFCCARTESIANPOINTLIST2D(((0.,0.),(1.6000000121203981,0.)));
#11634=IFCINDEXEDPOLYCURVE(#11633,$,$);
#11635=IFCSHAPEREPRESENTATION(#23,'Axis','Curve2D',(#11634));
#11636=IFCRELCONNECTSPATHELEMENTS('0f4zDzDYfDZQzIdeEPIuGF',$,$,$,$,#11495,#11470,(),(),.ATEND.,.ATSTART.);
#11650=IFCCARTESIANPOINT((1.8580190779752805,-3.1049644947052002,0.));
#11651=IFCDIRECTION((0.,0.,1.));
#11652=IFCDIRECTION((1.,0.,0.));
#11653=IFCAXIS2PLACEMENT3D(#11650,#11651,#11652);
#11654=IFCLOCALPLACEMENT(#8293,#11653);
#11655=IFCCARTESIANPOINTLIST2D(((0.,0.),(-0.10000004013393446,0.10000000000000001),(0.85000017444281206,0.10000000000000001),(0.95000019073488184,0.)));
#11656=IFCINDEXEDPOLYCURVE(#11655,(IFCLINEINDEX((1,2,3,4,1))),$);
#11657=IFCARBITRARYCLOSEDPROFILEDEF(.AREA.,$,#11656);
#11658=IFCCARTESIANPOINT((0.,0.,0.));
#11659=IFCDIRECTION((0.,0.,1.));
#11660=IFCDIRECTION((1.,0.,0.));
#11661=IFCAXIS2PLACEMENT3D(#11658,#11659,#11660);
#11662=IFCDIRECTION((0.,0.,1.));
#11663=IFCEXTRUDEDAREASOLID(#11657,#11661,#11662,3.);
#11664=IFCSHAPEREPRESENTATION(#11,'Body','SweptSolid',(#11663));
#11665=IFCCARTESIANPOINTLIST2D(((0.,0.),(0.95000019073488184,0.)));
#11666=IFCINDEXEDPOLYCURVE(#11665,$,$);
#11667=IFCSHAPEREPRESENTATION(#23,'Axis','Curve2D',(#11666));
#11682=IFCCARTESIANPOINT((4.2283482177909502,-3.1049644947052006,0.));
#11683=IFCDIRECTION((0.,0.,1.));
#11684=IFCDIRECTION((7.5497901264043123E-08,0.99999999999999722,0.));
#11685=IFCAXIS2PLACEMENT3D(#11682,#11683,#11684);
#11686=IFCLOCALPLACEMENT(#8293,#11685);
#11700=IFCRELCONNECTSPATHELEMENTS('1fTPZiikb3$gslQ0sYuUDb',$,$,$,$,#11495,#8611,(),(),.ATSTART.,.ATEND.);
#11701=IFCCARTESIANPOINTLIST2D(((0.,0.),(0.10000001629206984,0.10000000000000001),(2.2703291473654597,0.10000000000000001),(2.3703291398156696,0.)));
#11702=IFCINDEXEDPOLYCURVE(#11701,(IFCLINEINDEX((1,2,3,4,1))),$);
#11703=IFCARBITRARYCLOSEDPROFILEDEF(.AREA.,$,#11702);
#11704=IFCCARTESIANPOINT((0.,0.,0.));
#11705=IFCDIRECTION((0.,0.,1.));
#11706=IFCDIRECTION((1.,0.,0.));
#11707=IFCAXIS2PLACEMENT3D(#11704,#11705,#11706);
#11708=IFCDIRECTION((0.,0.,1.));
#11709=IFCEXTRUDEDAREASOLID(#11703,#11707,#11708,3.);
#11710=IFCSHAPEREPRESENTATION(#11,'Body','SweptSolid',(#11709));
#11711=IFCCARTESIANPOINTLIST2D(((0.,0.),(2.3703291398156696,0.)));
#11712=IFCINDEXEDPOLYCURVE(#11711,$,$);
#11713=IFCSHAPEREPRESENTATION(#23,'Axis','Curve2D',(#11712));
#11714=IFCCARTESIANPOINTLIST2D(((0.,0.),(0.099999992450210157,0.10000000000000001),(9.5949347019196143,0.10000000000000001),(9.5949347019196143,0.)));
#11715=IFCINDEXEDPOLYCURVE(#11714,(IFCLINEINDEX((1,2,3,4,1))),$);
#11716=IFCARBITRARYCLOSEDPROFILEDEF(.AREA.,$,#11715);
#11717=IFCCARTESIANPOINT((0.,0.,0.));
#11718=IFCDIRECTION((0.,0.,1.));
#11719=IFCDIRECTION((1.,0.,0.));
#11720=IFCAXIS2PLACEMENT3D(#11717,#11718,#11719);
#11721=IFCDIRECTION((0.,0.,1.));
#11722=IFCEXTRUDEDAREASOLID(#11716,#11720,#11721,3.);
#11723=IFCSHAPEREPRESENTATION(#11,'Body','SweptSolid',(#11722));
#11724=IFCCARTESIANPOINTLIST2D(((0.,0.),(9.5949347019196143,0.)));
#11725=IFCINDEXEDPOLYCURVE(#11724,$,$);
#11726=IFCSHAPEREPRESENTATION(#23,'Axis','Curve2D',(#11725));
#11781=IFCRELCONNECTSPATHELEMENTS('3q3s1Bm1f4_OK5XiSbQar2',$,$,$,$,#8736,#11420,(),(),.ATSTART.,.ATEND.);
#11782=IFCCARTESIANPOINTLIST2D(((0.,0.),(0.099859876707114867,0.10000000000000001),(3.6195332526204695,0.10000000000000001),(3.5196733759133547,0.)));
#11783=IFCINDEXEDPOLYCURVE(#11782,(IFCLINEINDEX((1,2,3,4,1))),$);
#11784=IFCARBITRARYCLOSEDPROFILEDEF(.AREA.,$,#11783);
#11785=IFCCARTESIANPOINT((0.,0.,0.));
#11786=IFCDIRECTION((0.,0.,1.));
#11787=IFCDIRECTION((1.,0.,0.));
#11788=IFCAXIS2PLACEMENT3D(#11785,#11786,#11787);
#11789=IFCDIRECTION((0.,0.,1.));
#11790=IFCEXTRUDEDAREASOLID(#11784,#11788,#11789,3.);
#11791=IFCSHAPEREPRESENTATION(#11,'Body','SweptSolid',(#11790));
#11792=IFCCARTESIANPOINTLIST2D(((0.,0.),(3.5196733759133547,0.)));
#11793=IFCINDEXEDPOLYCURVE(#11792,$,$);
#11794=IFCSHAPEREPRESENTATION(#23,'Axis','Curve2D',(#11793));
#11795=IFCCARTESIANPOINTLIST2D(((0.,0.),(-0.099859876707114867,0.10000000000000001),(0.4500001286623253,0.10000000000000001),(0.55000014495439442,0.)));
#11796=IFCINDEXEDPOLYCURVE(#11795,(IFCLINEINDEX((1,2,3,4,1))),$);
#11797=IFCARBITRARYCLOSEDPROFILEDEF(.AREA.,$,#11796);
#11798=IFCCARTESIANPOINT((0.,0.,0.));
#11799=IFCDIRECTION((0.,0.,1.));
#11800=IFCDIRECTION((1.,0.,0.));
#11801=IFCAXIS2PLACEMENT3D(#11798,#11799,#11800);
#11802=IFCDIRECTION((0.,0.,1.));
#11803=IFCEXTRUDEDAREASOLID(#11797,#11801,#11802,3.);
#11804=IFCSHAPEREPRESENTATION(#11,'Body','SweptSolid',(#11803));
#11805=IFCCARTESIANPOINTLIST2D(((0.,0.),(0.55000014495439442,0.)));
#11806=IFCINDEXEDPOLYCURVE(#11805,$,$);
#11807=IFCSHAPEREPRESENTATION(#23,'Axis','Curve2D',(#11806));
#11808=IFCCARTESIANPOINT((0.25801917910575312,-1.6049645404856683,0.));
#11809=IFCDIRECTION((0.,0.,1.));
#11810=IFCDIRECTION((7.5497901264043123E-08,-0.99999999999999722,0.));
#11811=IFCAXIS2PLACEMENT3D(#11808,#11809,#11810);
#11812=IFCLOCALPLACEMENT(#8293,#11811);
#11813=IFCDOOR('3z8Yhf54n2Ox2Miptoi5mM',$,'Door',$,$,#12215,$,$,2.,2.0056030750274658,$,.SLIDING_TO_RIGHT.,$);
#12206=IFCCARTESIANPOINT((3.3826480895974855,0.14568387204477484,0.));
#12207=IFCDIRECTION((0.,0.,1.));
#12208=IFCDIRECTION((-0.99999999999980271,6.279108059269959E-07,0.));
#12209=IFCAXIS2PLACEMENT3D(#12206,#12207,#12208);
#12210=IFCLOCALPLACEMENT(#9058,#12209);
#12211=IFCCARTESIANPOINT((0.,-4.4408920985006262E-16,0.));
#12212=IFCDIRECTION((0.,0.,1.));
#12213=IFCDIRECTION((1.,2.1684043449710089E-19,0.));
#12214=IFCAXIS2PLACEMENT3D(#12211,#12212,#12213);
#12215=IFCLOCALPLACEMENT(#12210,#12214);
#12281=IFCMATERIALLAYERSET((#12283),$,$);
#12283=IFCMATERIALLAYER(#81,0.10000000000000001,$,$,$,$,$);
#12286=IFCDOORTYPE('3JrbUHEOf4AwtJWbjaek4i',$,'BALCONY1-2F',$,$,(#12287),(#12296,#12374,#12393,#12676),$,$,.DOOR.,.SINGLE_SWING_LEFT.,$,$);
#12287=IFCPROPERTYSET('0Ry5GSDeXBcvGGxQFx$Ev9',$,'BBIM_Door',$,(#12288));
#12288=IFCPROPERTYSINGLEVALUE('Data',$,IFCTEXT('{"door_type": "SLIDING_TO_RIGHT", "overall_height": 2.0, "overall_width": 1.947737216949463, "lining_properties": {"lining_depth": 0.05000000074505806, "lining_thickness": 0.05000000074505806, "lining_offset": 0.0, "transom_thickness": 0.0, "casing_thickness": 0.07500000298023224, "casing_depth": 0.004999999888241291, "threshold_thickness": 0.02500000037252903, "threshold_depth": 0.10000000149011612, "threshold_offset": 0.0}, "panel_properties": {"panel_depth": 0.005841976031661034, "panel_width_ratio": 1.0}}'),$);
#12292=IFCCARTESIANPOINT((0.,0.,0.));
#12293=IFCDIRECTION((1.,0.,0.));
#12294=IFCDIRECTION((0.,0.,1.));
#12295=IFCAXIS2PLACEMENT3D(#12292,#12294,#12293);
#12296=IFCREPRESENTATIONMAP(#12295,#12854);
#12370=IFCCARTESIANPOINT((0.,0.,0.));
#12371=IFCDIRECTION((1.,0.,0.));
#12372=IFCDIRECTION((0.,0.,1.));
#12373=IFCAXIS2PLACEMENT3D(#12370,#12372,#12371);
#12374=IFCREPRESENTATIONMAP(#12373,#12918);
#12389=IFCCARTESIANPOINT((0.,0.,0.));
#12390=IFCDIRECTION((1.,0.,0.));
#12391=IFCDIRECTION((0.,0.,1.));
#12392=IFCAXIS2PLACEMENT3D(#12389,#12391,#12390);
#12393=IFCREPRESENTATIONMAP(#12392,#12925);
#12394=IFCDOOR('3urJy$cpH53uv661tuD5vn',$,'Door',$,$,#12955,#12403,$,2.,1.9477372169494629,$,.SLIDING_TO_RIGHT.,$);
#12395=IFCRELDEFINESBYTYPE('1dk45hlJjFb8GkB4SiG37i',$,$,$,(#12394),#12286);
#12396=IFCCARTESIANPOINT((0.,0.,0.));
#12397=IFCDIRECTION((1.,0.,0.));
#12398=IFCDIRECTION((0.,1.,0.));
#12399=IFCDIRECTION((0.,0.,1.));
#12400=IFCCARTESIANTRANSFORMATIONOPERATOR3D(#12397,#12398,#12396,1.,#12399);
#12401=IFCMAPPEDITEM(#12296,#12400);
#12402=IFCSHAPEREPRESENTATION(#18,'Profile','MappedRepresentation',(#12401));
#12403=IFCPRODUCTDEFINITIONSHAPE($,$,(#12402,#12410,#12417,#12683));
#12404=IFCCARTESIANPOINT((0.,0.,0.));
#12405=IFCDIRECTION((1.,0.,0.));
#12406=IFCDIRECTION((0.,1.,0.));
#12407=IFCDIRECTION((0.,0.,1.));
#12408=IFCCARTESIANTRANSFORMATIONOPERATOR3D(#12405,#12406,#12404,1.,#12407);
#12409=IFCMAPPEDITEM(#12374,#12408);
#12410=IFCSHAPEREPRESENTATION(#11,'Body','MappedRepresentation',(#12409));
#12411=IFCCARTESIANPOINT((0.,0.,0.));
#12412=IFCDIRECTION((1.,0.,0.));
#12413=IFCDIRECTION((0.,1.,0.));
#12414=IFCDIRECTION((0.,0.,1.));
#12415=IFCCARTESIANTRANSFORMATIONOPERATOR3D(#12412,#12413,#12411,1.,#12414);
#12416=IFCMAPPEDITEM(#12393,#12415);
#12417=IFCSHAPEREPRESENTATION(#24,'Body','MappedRepresentation',(#12416));
#12418=IFCOPENINGELEMENT('0k2dygK2H6ivUeYNK_uam6',$,'Opening',$,$,#12950,#12446,$,.OPENING.);
#12434=IFCCARTESIANPOINT((0.,0.,0.));
#12435=IFCDIRECTION((1.,0.,0.));
#12436=IFCDIRECTION((0.,0.,1.));
#12437=IFCAXIS2PLACEMENT3D(#12434,#12436,#12435);
#12438=IFCREPRESENTATIONMAP(#12437,#12940);
#12439=IFCCARTESIANPOINT((0.,0.,0.));
#12440=IFCDIRECTION((1.,0.,0.));
#12441=IFCDIRECTION((0.,1.,0.));
#12442=IFCDIRECTION((0.,0.,1.));
#12443=IFCCARTESIANTRANSFORMATIONOPERATOR3D(#12440,#12441,#12439,1.,#12442);
#12444=IFCMAPPEDITEM(#12438,#12443);
#12445=IFCSHAPEREPRESENTATION(#11,'Body','MappedRepresentation',(#12444));
#12446=IFCPRODUCTDEFINITIONSHAPE($,$,(#12445));
#12447=IFCRELVOIDSELEMENT('3dhec0yDT5sOME0dqTEwdw',$,$,$,#8736,#12418);
#12453=IFCRELFILLSELEMENT('1WA4rD04HClQATQzq$Fazn',$,$,$,#12418,#12394);
#12462=IFCCARTESIANPOINTLIST2D(((0.,0.),(0.,2.),(1.9477372169494629,2.),(1.9477372169494629,0.),(1.9227372165769339,0.),(1.9227372165769339,1.974999999627471),(0.02500000037252903,1.974999999627471),(0.02500000037252903,0.)));
#12463=IFCINDEXEDPOLYCURVE(#12462,(IFCLINEINDEX((1,2,3,4,5,6,7,8,1))),$);
#12464=IFCARBITRARYCLOSEDPROFILEDEF(.AREA.,$,#12463);
#12465=IFCCARTESIANPOINT((0.,0.02500000037252903,0.));
#12466=IFCDIRECTION((0.,-1.,0.));
#12467=IFCDIRECTION((1.,0.,0.));
#12468=IFCAXIS2PLACEMENT3D(#12465,#12466,#12467);
#12469=IFCDIRECTION((0.,0.,-1.));
#12470=IFCEXTRUDEDAREASOLID(#12464,#12468,#12469,0.02500000037252903);
#12471=IFCCARTESIANPOINTLIST2D(((0.,0.),(0.,2.),(1.9477372169494629,2.),(1.9477372169494629,0.),(1.8977372162044048,0.),(1.8977372162044048,1.9499999992549419),(0.05000000074505806,1.9499999992549419),(0.05000000074505806,0.)));
#12472=IFCINDEXEDPOLYCURVE(#12471,(IFCLINEINDEX((1,2,3,4,5,6,7,8,1))),$);
#12473=IFCARBITRARYCLOSEDPROFILEDEF(.AREA.,$,#12472);
#12474=IFCCARTESIANPOINT((0.,0.,0.));
#12475=IFCDIRECTION((0.,-1.,0.));
#12476=IFCDIRECTION((1.,0.,0.));
#12477=IFCAXIS2PLACEMENT3D(#12474,#12475,#12476);
#12478=IFCDIRECTION((0.,0.,-1.));
#12479=IFCEXTRUDEDAREASOLID(#12473,#12477,#12478,0.02500000037252903);
#12480=IFCCARTESIANPOINTLIST2D(((0.,0.),(1.8477372154593468,0.),(1.8477372154593468,0.10000000149011612),(0.,0.10000000149011612)));
#12481=IFCINDEXEDPOLYCURVE(#12480,(IFCLINEINDEX((1,2,3,4,1))),$);
#12482=IFCARBITRARYCLOSEDPROFILEDEF(.AREA.,$,#12481);
#12483=IFCCARTESIANPOINT((0.05000000074505806,0.,0.));
#12484=IFCDIRECTION((0.,0.,1.));
#12485=IFCDIRECTION((1.,0.,0.));
#12486=IFCAXIS2PLACEMENT3D(#12483,#12484,#12485);
#12487=IFCDIRECTION((0.,0.,1.));
#12488=IFCEXTRUDEDAREASOLID(#12482,#12486,#12487,0.02500000037252903);
#12489=IFCCARTESIANPOINTLIST2D(((0.,0.),(0.,2.0250000022351742),(1.9977372214198112,2.0250000022351742),(1.9977372214198112,0.),(1.922737218439579,0.),(1.922737218439579,1.9499999992549419),(0.075000002980232239,1.9499999992549419),(0.075000002980232239,0.)));
#12490=IFCINDEXEDPOLYCURVE(#12489,(IFCLINEINDEX((1,2,3,4,5,6,7,8,1))),$);
#12491=IFCARBITRARYCLOSEDPROFILEDEF(.AREA.,$,#12490);
#12492=IFCCARTESIANPOINT((-0.025000002235174179,-0.004999999888241291,0.));
#12493=IFCDIRECTION((0.,-1.,0.));
#12494=IFCDIRECTION((1.,0.,0.));
#12495=IFCAXIS2PLACEMENT3D(#12492,#12493,#12494);
#12496=IFCDIRECTION((0.,0.,-1.));
#12497=IFCEXTRUDEDAREASOLID(#12491,#12495,#12496,0.004999999888241291);
#12498=IFCCARTESIANPOINTLIST2D(((0.,0.),(0.,2.0250000022351742),(1.9977372214198112,2.0250000022351742),(1.9977372214198112,0.),(1.947737218812108,0.),(1.947737218812108,1.974999999627471),(0.050000002607703209,1.974999999627471),(0.050000002607703209,0.)));
#12499=IFCINDEXEDPOLYCURVE(#12498,(IFCLINEINDEX((1,2,3,4,5,6,7,8,1))),$);
#12500=IFCARBITRARYCLOSEDPROFILEDEF(.AREA.,$,#12499);
#12501=IFCCARTESIANPOINT((-0.025000002235174179,0.05000000074505806,0.));
#12502=IFCDIRECTION((0.,-1.,0.));
#12503=IFCDIRECTION((1.,0.,0.));
#12504=IFCAXIS2PLACEMENT3D(#12501,#12502,#12503);
#12505=IFCDIRECTION((0.,0.,-1.));
#12506=IFCEXTRUDEDAREASOLID(#12500,#12504,#12505,0.004999999888241291);
#12507=IFCCARTESIANPOINTLIST2D(((0.,0.),(1.8977372162044048,0.),(1.8977372162044048,0.035000000149011612),(0.,0.035000000149011612)));
#12508=IFCINDEXEDPOLYCURVE(#12507,(IFCLINEINDEX((1,2,3,4,1))),$);
#12509=IFCARBITRARYCLOSEDPROFILEDEF(.AREA.,$,#12508);
#12510=IFCCARTESIANPOINT((0.02500000037252903,0.02500000037252903,0.02500000037252903));
#12511=IFCDIRECTION((0.,0.,1.));
#12512=IFCDIRECTION((1.,0.,0.));
#12513=IFCAXIS2PLACEMENT3D(#12510,#12511,#12512);
#12514=IFCDIRECTION((0.,0.,1.));
#12515=IFCEXTRUDEDAREASOLID(#12509,#12513,#12514,1.9499999992549419);
#12516=IFCCARTESIANPOINTLIST2D(((0.,0.),(0.,-0.040000000000000001),(-0.11999999999999988,-0.040000000000000001),(-0.11999999999999988,-0.02),(-0.020000000000000018,-0.02),(-0.020000000000000018,0.)));
#12517=IFCINDEXEDPOLYCURVE(#12516,(IFCLINEINDEX((1,2,3,4,5,6,1))),$);
#12518=IFCARBITRARYCLOSEDPROFILEDEF(.AREA.,$,#12517);
#12519=IFCCARTESIANPOINT((1.8727372165769338,0.02500000037252903,1.015000000372529));
#12520=IFCDIRECTION((0.,0.,1.));
#12521=IFCDIRECTION((1.,0.,0.));
#12522=IFCAXIS2PLACEMENT3D(#12519,#12520,#12521);
#12523=IFCDIRECTION((0.,0.,1.));
#12524=IFCEXTRUDEDAREASOLID(#12518,#12522,#12523,0.02);
#12525=IFCEXTRUDEDAREASOLID(#12526,#12529,#12533,0.02);
#12526=IFCARBITRARYCLOSEDPROFILEDEF(.AREA.,$,#12527);
#12527=IFCINDEXEDPOLYCURVE(#12528,(IFCLINEINDEX((1,2,3,4,5,6,1))),$);
#12528=IFCCARTESIANPOINTLIST2D(((0.,0.),(0.,0.040000000000000008),(-0.11999999999999988,0.040000000000000008),(-0.11999999999999988,0.020000000000000004),(-0.020000000000000018,0.020000000000000004),(-0.020000000000000018,0.)));
#12529=IFCAXIS2PLACEMENT3D(#12530,#12531,#12532);
#12530=IFCCARTESIANPOINT((1.8727372165769338,0.060000000521540642,1.015000000372529));
#12531=IFCDIRECTION((0.,0.,1.));
#12532=IFCDIRECTION((1.,0.,0.));
#12533=IFCDIRECTION((0.,0.,1.));
#12535=IFCSHAPEREPRESENTATION(#11,'Body','SweptSolid',(#12470,#12631,#12768,#12890,#12622,#12872,#12506,#12479,#12786,#12613,#12759,#12497,#12777,#12863,#12604,#12881,#12488));
#12536=IFCSHAPEASPECT((#12535),'Lining',$,.T.,#12403);
#12537=IFCSHAPEREPRESENTATION(#11,'Body','SweptSolid',(#12640,#12524,#12804,#12908,#12515,#12795,#12649,#12899,#12650,#12909,#12525,#12805));
#12538=IFCSHAPEASPECT((#12537),'Framing',$,.T.,#12403);
#12596=IFCCARTESIANPOINTLIST2D(((0.,0.),(0.,2.),(1.9477372169494629,2.),(1.9477372169494629,0.),(1.8977372162044048,0.),(1.8977372162044048,1.9499999992549419),(0.05000000074505806,1.9499999992549419),(0.05000000074505806,0.)));
#12597=IFCINDEXEDPOLYCURVE(#12596,(IFCLINEINDEX((1,2,3,4,5,6,7,8,1))),$);
#12598=IFCARBITRARYCLOSEDPROFILEDEF(.AREA.,$,#12597);
#12599=IFCCARTESIANPOINT((0.,0.,0.));
#12600=IFCDIRECTION((0.,-1.,0.));
#12601=IFCDIRECTION((1.,0.,0.));
#12602=IFCAXIS2PLACEMENT3D(#12599,#12600,#12601);
#12603=IFCDIRECTION((0.,0.,-1.));
#12604=IFCEXTRUDEDAREASOLID(#12598,#12602,#12603,0.05000000074505806);
#12605=IFCCARTESIANPOINTLIST2D(((0.,0.),(1.8477372154593468,0.),(1.8477372154593468,0.10000000149011612),(0.,0.10000000149011612)));
#12606=IFCINDEXEDPOLYCURVE(#12605,(IFCLINEINDEX((1,2,3,4,1))),$);
#12607=IFCARBITRARYCLOSEDPROFILEDEF(.AREA.,$,#12606);
#12608=IFCCARTESIANPOINT((0.05000000074505806,0.,0.));
#12609=IFCDIRECTION((0.,0.,1.));
#12610=IFCDIRECTION((1.,0.,0.));
#12611=IFCAXIS2PLACEMENT3D(#12608,#12609,#12610);
#12612=IFCDIRECTION((0.,0.,1.));
#12613=IFCEXTRUDEDAREASOLID(#12607,#12611,#12612,0.02500000037252903);
#12614=IFCCARTESIANPOINTLIST2D(((0.,0.),(0.,2.0250000022351742),(1.9977372214198112,2.0250000022351742),(1.9977372214198112,0.),(1.922737218439579,0.),(1.922737218439579,1.9499999992549419),(0.075000002980232239,1.9499999992549419),(0.075000002980232239,0.)));
#12615=IFCINDEXEDPOLYCURVE(#12614,(IFCLINEINDEX((1,2,3,4,5,6,7,8,1))),$);
#12616=IFCARBITRARYCLOSEDPROFILEDEF(.AREA.,$,#12615);
#12617=IFCCARTESIANPOINT((-0.025000002235174179,-0.004999999888241291,0.));
#12618=IFCDIRECTION((0.,-1.,0.));
#12619=IFCDIRECTION((1.,0.,0.));
#12620=IFCAXIS2PLACEMENT3D(#12617,#12618,#12619);
#12621=IFCDIRECTION((0.,0.,-1.));
#12622=IFCEXTRUDEDAREASOLID(#12616,#12620,#12621,0.004999999888241291);
#12623=IFCCARTESIANPOINTLIST2D(((0.,0.),(0.,2.0250000022351742),(1.9977372214198112,2.0250000022351742),(1.9977372214198112,0.),(1.922737218439579,0.),(1.922737218439579,1.9499999992549419),(0.075000002980232239,1.9499999992549419),(0.075000002980232239,0.)));
#12624=IFCINDEXEDPOLYCURVE(#12623,(IFCLINEINDEX((1,2,3,4,5,6,7,8,1))),$);
#12625=IFCARBITRARYCLOSEDPROFILEDEF(.AREA.,$,#12624);
#12626=IFCCARTESIANPOINT((-0.025000002235174179,0.05000000074505806,0.));
#12627=IFCDIRECTION((0.,-1.,0.));
#12628=IFCDIRECTION((1.,0.,0.));
#12629=IFCAXIS2PLACEMENT3D(#12626,#12627,#12628);
#12630=IFCDIRECTION((0.,0.,-1.));
#12631=IFCEXTRUDEDAREASOLID(#12625,#12629,#12630,0.004999999888241291);
#12632=IFCCARTESIANPOINTLIST2D(((0.,0.),(1.8477372154593468,0.),(1.8477372154593468,0.035000000149011612),(0.,0.035000000149011612)));
#12633=IFCINDEXEDPOLYCURVE(#12632,(IFCLINEINDEX((1,2,3,4,1))),$);
#12634=IFCARBITRARYCLOSEDPROFILEDEF(.AREA.,$,#12633);
#12635=IFCCARTESIANPOINT((0.05000000074505806,-0.035000000149011612,0.02500000037252903));
#12636=IFCDIRECTION((0.,0.,1.));
#12637=IFCDIRECTION((1.,0.,0.));
#12638=IFCAXIS2PLACEMENT3D(#12635,#12636,#12637);
#12639=IFCDIRECTION((0.,0.,1.));
#12640=IFCEXTRUDEDAREASOLID(#12634,#12638,#12639,1.9249999988824129);
#12641=IFCCARTESIANPOINTLIST2D(((0.,0.),(0.,-0.040000000000000001),(0.12,-0.040000000000000001),(0.12,-0.02),(0.02,-0.02),(0.02,0.)));
#12642=IFCINDEXEDPOLYCURVE(#12641,(IFCLINEINDEX((1,2,3,4,5,6,1))),$);
#12643=IFCARBITRARYCLOSEDPROFILEDEF(.AREA.,$,#12642);
#12644=IFCCARTESIANPOINT((0.10000000074505806,-0.035000000149011612,1.015000000372529));
#12645=IFCDIRECTION((0.,0.,1.));
#12646=IFCDIRECTION((1.,0.,0.));
#12647=IFCAXIS2PLACEMENT3D(#12644,#12645,#12646);
#12648=IFCDIRECTION((0.,0.,1.));
#12649=IFCEXTRUDEDAREASOLID(#12643,#12647,#12648,0.02);
#12650=IFCEXTRUDEDAREASOLID(#12651,#12654,#12658,0.02);
#12651=IFCARBITRARYCLOSEDPROFILEDEF(.AREA.,$,#12652);
#12652=IFCINDEXEDPOLYCURVE(#12653,(IFCLINEINDEX((1,2,3,4,5,6,1))),$);
#12653=IFCCARTESIANPOINTLIST2D(((0.,0.),(0.,0.040000000000000008),(0.11999999999999998,0.040000000000000008),(0.11999999999999998,0.020000000000000004),(0.020000000000000004,0.020000000000000004),(0.020000000000000004,0.)));
#12654=IFCAXIS2PLACEMENT3D(#12655,#12656,#12657);
#12655=IFCCARTESIANPOINT((0.10000000074505806,0.,1.015000000372529));
#12656=IFCDIRECTION((0.,0.,1.));
#12657=IFCDIRECTION((1.,0.,0.));
#12658=IFCDIRECTION((0.,0.,1.));
#12672=IFCCARTESIANPOINT((0.,0.,0.));
#12673=IFCDIRECTION((1.,0.,0.));
#12674=IFCDIRECTION((0.,0.,1.));
#12675=IFCAXIS2PLACEMENT3D(#12672,#12674,#12673);
#12676=IFCREPRESENTATIONMAP(#12675,#12930);
#12677=IFCCARTESIANPOINT((0.,0.,0.));
#12678=IFCDIRECTION((1.,0.,0.));
#12679=IFCDIRECTION((0.,1.,0.));
#12680=IFCDIRECTION((0.,0.,1.));
#12681=IFCCARTESIANTRANSFORMATIONOPERATOR3D(#12678,#12679,#12677,1.,#12680);
#12682=IFCMAPPEDITEM(#12676,#12681);
#12683=IFCSHAPEREPRESENTATION(#25,'Annotation','MappedRepresentation',(#12682));
#12751=IFCCARTESIANPOINTLIST2D(((0.,0.),(0.,2.),(1.9477372169494629,2.),(1.9477372169494629,0.),(1.8977372162044048,0.),(1.8977372162044048,1.9499999992549419),(0.05000000074505806,1.9499999992549419),(0.05000000074505806,0.)));
#12752=IFCINDEXEDPOLYCURVE(#12751,(IFCLINEINDEX((1,2,3,4,5,6,7,8,1))),$);
#12753=IFCARBITRARYCLOSEDPROFILEDEF(.AREA.,$,#12752);
#12754=IFCCARTESIANPOINT((0.,0.,0.));
#12755=IFCDIRECTION((0.,-1.,0.));
#12756=IFCDIRECTION((1.,0.,0.));
#12757=IFCAXIS2PLACEMENT3D(#12754,#12755,#12756);
#12758=IFCDIRECTION((0.,0.,-1.));
#12759=IFCEXTRUDEDAREASOLID(#12753,#12757,#12758,0.05000000074505806);
#12760=IFCCARTESIANPOINTLIST2D(((0.,0.),(1.8477372154593468,0.),(1.8477372154593468,0.10000000149011612),(0.,0.10000000149011612)));
#12761=IFCINDEXEDPOLYCURVE(#12760,(IFCLINEINDEX((1,2,3,4,1))),$);
#12762=IFCARBITRARYCLOSEDPROFILEDEF(.AREA.,$,#12761);
#12763=IFCCARTESIANPOINT((0.05000000074505806,0.,0.));
#12764=IFCDIRECTION((0.,0.,1.));
#12765=IFCDIRECTION((1.,0.,0.));
#12766=IFCAXIS2PLACEMENT3D(#12763,#12764,#12765);
#12767=IFCDIRECTION((0.,0.,1.));
#12768=IFCEXTRUDEDAREASOLID(#12762,#12766,#12767,0.02500000037252903);
#12769=IFCCARTESIANPOINTLIST2D(((0.,0.),(0.,2.0250000022351742),(1.9977372214198112,2.0250000022351742),(1.9977372214198112,0.),(1.922737218439579,0.),(1.922737218439579,1.9499999992549419),(0.075000002980232239,1.9499999992549419),(0.075000002980232239,0.)));
#12770=IFCINDEXEDPOLYCURVE(#12769,(IFCLINEINDEX((1,2,3,4,5,6,7,8,1))),$);
#12771=IFCARBITRARYCLOSEDPROFILEDEF(.AREA.,$,#12770);
#12772=IFCCARTESIANPOINT((-0.025000002235174179,-0.004999999888241291,0.));
#12773=IFCDIRECTION((0.,-1.,0.));
#12774=IFCDIRECTION((1.,0.,0.));
#12775=IFCAXIS2PLACEMENT3D(#12772,#12773,#12774);
#12776=IFCDIRECTION((0.,0.,-1.));
#12777=IFCEXTRUDEDAREASOLID(#12771,#12775,#12776,0.004999999888241291);
#12778=IFCCARTESIANPOINTLIST2D(((0.,0.),(0.,2.0250000022351742),(1.9977372214198112,2.0250000022351742),(1.9977372214198112,0.),(1.922737218439579,0.),(1.922737218439579,1.9499999992549419),(0.075000002980232239,1.9499999992549419),(0.075000002980232239,0.)));
#12779=IFCINDEXEDPOLYCURVE(#12778,(IFCLINEINDEX((1,2,3,4,5,6,7,8,1))),$);
#12780=IFCARBITRARYCLOSEDPROFILEDEF(.AREA.,$,#12779);
#12781=IFCCARTESIANPOINT((-0.025000002235174179,0.05000000074505806,0.));
#12782=IFCDIRECTION((0.,-1.,0.));
#12783=IFCDIRECTION((1.,0.,0.));
#12784=IFCAXIS2PLACEMENT3D(#12781,#12782,#12783);
#12785=IFCDIRECTION((0.,0.,-1.));
#12786=IFCEXTRUDEDAREASOLID(#12780,#12784,#12785,0.004999999888241291);
#12787=IFCCARTESIANPOINTLIST2D(((0.,0.),(1.8477372154593468,0.),(1.8477372154593468,0.035000000149011612),(0.,0.035000000149011612)));
#12788=IFCINDEXEDPOLYCURVE(#12787,(IFCLINEINDEX((1,2,3,4,1))),$);
#12789=IFCARBITRARYCLOSEDPROFILEDEF(.AREA.,$,#12788);
#12790=IFCCARTESIANPOINT((0.05000000074505806,-0.035000000149011612,0.02500000037252903));
#12791=IFCDIRECTION((0.,0.,1.));
#12792=IFCDIRECTION((1.,0.,0.));
#12793=IFCAXIS2PLACEMENT3D(#12790,#12791,#12792);
#12794=IFCDIRECTION((0.,0.,1.));
#12795=IFCEXTRUDEDAREASOLID(#12789,#12793,#12794,1.9249999988824129);
#12796=IFCCARTESIANPOINTLIST2D(((0.,0.),(0.,-0.040000000000000001),(0.12,-0.040000000000000001),(0.12,-0.02),(0.02,-0.02),(0.02,0.)));
#12797=IFCINDEXEDPOLYCURVE(#12796,(IFCLINEINDEX((1,2,3,4,5,6,1))),$);
#12798=IFCARBITRARYCLOSEDPROFILEDEF(.AREA.,$,#12797);
#12799=IFCCARTESIANPOINT((0.10000000074505806,-0.035000000149011612,1.015000000372529));
#12800=IFCDIRECTION((0.,0.,1.));
#12801=IFCDIRECTION((1.,0.,0.));
#12802=IFCAXIS2PLACEMENT3D(#12799,#12800,#12801);
#12803=IFCDIRECTION((0.,0.,1.));
#12804=IFCEXTRUDEDAREASOLID(#12798,#12802,#12803,0.02);
#12805=IFCEXTRUDEDAREASOLID(#12806,#12809,#12813,0.02);
#12806=IFCARBITRARYCLOSEDPROFILEDEF(.AREA.,$,#12807);
#12807=IFCINDEXEDPOLYCURVE(#12808,(IFCLINEINDEX((1,2,3,4,5,6,1))),$);
#12808=IFCCARTESIANPOINTLIST2D(((0.,0.),(0.,0.040000000000000008),(0.11999999999999998,0.040000000000000008),(0.11999999999999998,0.020000000000000004),(0.020000000000000004,0.020000000000000004),(0.020000000000000004,0.)));
#12809=IFCAXIS2PLACEMENT3D(#12810,#12811,#12812);
#12810=IFCCARTESIANPOINT((0.10000000074505806,0.,1.015000000372529));
#12811=IFCDIRECTION((0.,0.,1.));
#12812=IFCDIRECTION((1.,0.,0.));
#12813=IFCDIRECTION((0.,0.,1.));
#12852=IFCCARTESIANPOINTLIST3D(((0.,0.,0.),(1.9477372169494629,0.,0.),(1.9477372169494629,0.,2.),(0.,0.,2.)));
#12853=IFCINDEXEDPOLYCURVE(#12852,(IFCLINEINDEX((1,2,3,4,1))),$);
#12854=IFCSHAPEREPRESENTATION(#18,'Profile','Curve3D',(#12853));
#12855=IFCCARTESIANPOINTLIST2D(((0.,0.),(0.,2.),(1.9477372169494629,2.),(1.9477372169494629,0.),(1.8977372162044048,0.),(1.8977372162044048,1.9499999992549419),(0.05000000074505806,1.9499999992549419),(0.05000000074505806,0.)));
#12856=IFCINDEXEDPOLYCURVE(#12855,(IFCLINEINDEX((1,2,3,4,5,6,7,8,1))),$);
#12857=IFCARBITRARYCLOSEDPROFILEDEF(.AREA.,$,#12856);
#12858=IFCCARTESIANPOINT((0.,0.,0.));
#12859=IFCDIRECTION((0.,-1.,0.));
#12860=IFCDIRECTION((1.,0.,0.));
#12861=IFCAXIS2PLACEMENT3D(#12858,#12859,#12860);
#12862=IFCDIRECTION((0.,0.,-1.));
#12863=IFCEXTRUDEDAREASOLID(#12857,#12861,#12862,0.05000000074505806);
#12864=IFCCARTESIANPOINTLIST2D(((0.,0.),(1.8477372154593468,0.),(1.8477372154593468,0.10000000149011612),(0.,0.10000000149011612)));
#12865=IFCINDEXEDPOLYCURVE(#12864,(IFCLINEINDEX((1,2,3,4,1))),$);
#12866=IFCARBITRARYCLOSEDPROFILEDEF(.AREA.,$,#12865);
#12867=IFCCARTESIANPOINT((0.05000000074505806,0.,0.));
#12868=IFCDIRECTION((0.,0.,1.));
#12869=IFCDIRECTION((1.,0.,0.));
#12870=IFCAXIS2PLACEMENT3D(#12867,#12868,#12869);
#12871=IFCDIRECTION((0.,0.,1.));
#12872=IFCEXTRUDEDAREASOLID(#12866,#12870,#12871,0.02500000037252903);
#12873=IFCCARTESIANPOINTLIST2D(((0.,0.),(0.,2.0250000022351742),(1.9977372214198112,2.0250000022351742),(1.9977372214198112,0.),(1.922737218439579,0.),(1.922737218439579,1.9499999992549419),(0.075000002980232239,1.9499999992549419),(0.075000002980232239,0.)));
#12874=IFCINDEXEDPOLYCURVE(#12873,(IFCLINEINDEX((1,2,3,4,5,6,7,8,1))),$);
#12875=IFCARBITRARYCLOSEDPROFILEDEF(.AREA.,$,#12874);
#12876=IFCCARTESIANPOINT((-0.025000002235174179,-0.004999999888241291,0.));
#12877=IFCDIRECTION((0.,-1.,0.));
#12878=IFCDIRECTION((1.,0.,0.));
#12879=IFCAXIS2PLACEMENT3D(#12876,#12877,#12878);
#12880=IFCDIRECTION((0.,0.,-1.));
#12881=IFCEXTRUDEDAREASOLID(#12875,#12879,#12880,0.004999999888241291);
#12882=IFCCARTESIANPOINTLIST2D(((0.,0.),(0.,2.0250000022351742),(1.9977372214198112,2.0250000022351742),(1.9977372214198112,0.),(1.922737218439579,0.),(1.922737218439579,1.9499999992549419),(0.075000002980232239,1.9499999992549419),(0.075000002980232239,0.)));
#12883=IFCINDEXEDPOLYCURVE(#12882,(IFCLINEINDEX((1,2,3,4,5,6,7,8,1))),$);
#12884=IFCARBITRARYCLOSEDPROFILEDEF(.AREA.,$,#12883);
#12885=IFCCARTESIANPOINT((-0.025000002235174179,0.05000000074505806,0.));
#12886=IFCDIRECTION((0.,-1.,0.));
#12887=IFCDIRECTION((1.,0.,0.));
#12888=IFCAXIS2PLACEMENT3D(#12885,#12886,#12887);
#12889=IFCDIRECTION((0.,0.,-1.));
#12890=IFCEXTRUDEDAREASOLID(#12884,#12888,#12889,0.004999999888241291);
#12891=IFCCARTESIANPOINTLIST2D(((0.,0.),(1.8477372154593468,0.),(1.8477372154593468,0.0058419760316610336),(0.,0.0058419760316610336)));
#12892=IFCINDEXEDPOLYCURVE(#12891,(IFCLINEINDEX((1,2,3,4,1))),$);
#12893=IFCARBITRARYCLOSEDPROFILEDEF(.AREA.,$,#12892);
#12894=IFCCARTESIANPOINT((0.05000000074505806,-0.0058419760316610336,0.02500000037252903));
#12895=IFCDIRECTION((0.,0.,1.));
#12896=IFCDIRECTION((1.,0.,0.));
#12897=IFCAXIS2PLACEMENT3D(#12894,#12895,#12896);
#12898=IFCDIRECTION((0.,0.,1.));
#12899=IFCEXTRUDEDAREASOLID(#12893,#12897,#12898,1.9249999988824129);
#12900=IFCCARTESIANPOINTLIST2D(((0.,0.),(0.,-0.040000000000000001),(0.12,-0.040000000000000001),(0.12,-0.02),(0.02,-0.02),(0.02,0.)));
#12901=IFCINDEXEDPOLYCURVE(#12900,(IFCLINEINDEX((1,2,3,4,5,6,1))),$);
#12902=IFCARBITRARYCLOSEDPROFILEDEF(.AREA.,$,#12901);
#12903=IFCCARTESIANPOINT((0.10000000074505806,-0.0058419760316610336,1.015000000372529));
#12904=IFCDIRECTION((0.,0.,1.));
#12905=IFCDIRECTION((1.,0.,0.));
#12906=IFCAXIS2PLACEMENT3D(#12903,#12904,#12905);
#12907=IFCDIRECTION((0.,0.,1.));
#12908=IFCEXTRUDEDAREASOLID(#12902,#12906,#12907,0.02);
#12909=IFCEXTRUDEDAREASOLID(#12910,#12913,#12917,0.02);
#12910=IFCARBITRARYCLOSEDPROFILEDEF(.AREA.,$,#12911);
#12911=IFCINDEXEDPOLYCURVE(#12912,(IFCLINEINDEX((1,2,3,4,5,6,1))),$);
#12912=IFCCARTESIANPOINTLIST2D(((0.,0.),(0.,0.040000000000000001),(0.11999999999999998,0.040000000000000001),(0.11999999999999998,0.02),(0.020000000000000004,0.02),(0.020000000000000004,0.)));
#12913=IFCAXIS2PLACEMENT3D(#12914,#12915,#12916);
#12914=IFCCARTESIANPOINT((0.10000000074505806,0.,1.015000000372529));
#12915=IFCDIRECTION((0.,0.,1.));
#12916=IFCDIRECTION((1.,0.,0.));
#12917=IFCDIRECTION((0.,0.,1.));
#12918=IFCSHAPEREPRESENTATION(#11,'Body','SweptSolid',(#12863,#12899,#12908,#12909,#12872,#12881,#12890));
#12919=IFCCARTESIANPOINTLIST2D(((0.,0.),(0.05000000074505806,0.),(0.05000000074505806,0.05000000074505806),(0.,0.05000000074505806)));
#12920=IFCINDEXEDPOLYCURVE(#12919,(IFCLINEINDEX((1,2,3,4,1))),$);
#12921=IFCINDEXEDPOLYCURVE(#12922,(IFCLINEINDEX((1,2,3,4,1))),$);
#12922=IFCCARTESIANPOINTLIST2D(((1.9477372169494629,0.),(1.8977372162044048,0.),(1.8977372162044048,0.05000000074505806),(1.9477372169494629,0.05000000074505806)));
#12923=IFCCARTESIANPOINTLIST2D(((2.8216058239340782,-0.0058419760316610336),(0.97386860847473145,-0.0058419760316610336),(0.97386860847473145,0.),(2.8216058239340782,0.)));
#12924=IFCINDEXEDPOLYCURVE(#12923,(IFCLINEINDEX((1,2,3,4,1))),$);
#12925=IFCSHAPEREPRESENTATION(#24,'Body','Curve2D',(#12920,#12921,#12924));
#12926=IFCCARTESIANPOINTLIST2D(((0.69670802615582939,-0.052429404150114767),(1.2510291907936335,-0.052429404150114767)));
#12927=IFCINDEXEDPOLYCURVE(#12926,$,$);
#12928=IFCCARTESIANPOINTLIST2D(((0.72670802615582941,-0.021371118737812278),(0.69670802615582939,-0.052429404150114767),(0.72670802615582941,-0.083487689562417255)));
#12929=IFCINDEXEDPOLYCURVE(#12928,$,$);
#12930=IFCSHAPEREPRESENTATION(#25,'Annotation','Curve2D',(#12927,#12929));
#12931=IFCCARTESIANPOINTLIST2D(((0.,0.),(1.9477372169494629,0.),(1.9477372169494629,2.),(0.,2.)));
#12932=IFCINDEXEDPOLYCURVE(#12931,(IFCLINEINDEX((1,2,3,4,1))),$);
#12933=IFCARBITRARYCLOSEDPROFILEDEF(.AREA.,$,#12932);
#12934=IFCCARTESIANPOINT((0.,-0.60000002384185791,0.));
#12935=IFCDIRECTION((0.,-1.,0.));
#12936=IFCDIRECTION((1.,0.,0.));
#12937=IFCAXIS2PLACEMENT3D(#12934,#12935,#12936);
#12938=IFCDIRECTION((0.,0.,-1.));
#12939=IFCEXTRUDEDAREASOLID(#12933,#12937,#12938,1.2);
#12940=IFCSHAPEREPRESENTATION(#11,'Body','SweptSolid',(#12939));
#12946=IFCCARTESIANPOINT((3.3597581877969827,0.084998984714943049,0.));
#12947=IFCDIRECTION((0.,0.,1.));
#12948=IFCDIRECTION((-0.99999999999992406,3.8949245431078167E-07,0.));
#12949=IFCAXIS2PLACEMENT3D(#12946,#12947,#12948);
#12950=IFCLOCALPLACEMENT(#9058,#12949);
#12951=IFCCARTESIANPOINT((-2.7755575615628914E-17,4.4408920985006262E-16,0.));
#12952=IFCDIRECTION((0.,0.,1.));
#12953=IFCDIRECTION((1.,0.,0.));
#12954=IFCAXIS2PLACEMENT3D(#12951,#12952,#12953);
#12955=IFCLOCALPLACEMENT(#12950,#12954);
#12956=IFCDOORTYPE('3UdLnQy2n9kPQTUI4H8x14',$,'BALCONY2-2F',$,$,(#12957),(#12966,#13044,#13063),$,$,.DOOR.,.SINGLE_SWING_LEFT.,$,$);
#12957=IFCPROPERTYSET('07G$X$BWr2aeRQYlTa3f0x',$,'BBIM_Door',$,(#12958));
#12958=IFCPROPERTYSINGLEVALUE('Data',$,IFCTEXT('{"door_type": "DOUBLE_SWING_LEFT", "overall_height": 2.0, "overall_width": 0.9283550977706909, "lining_properties": {"lining_depth": 0.05000000074505806, "lining_thickness": 0.05000000074505806, "lining_offset": 0.0, "lining_to_panel_offset_x": 0.02500000037252903, "lining_to_panel_offset_y": 0.02500000037252903, "transom_thickness": 0.0, "casing_thickness": 0.07500000298023224, "casing_depth": 0.004999999888241291, "threshold_thickness": 0.02500000037252903, "threshold_depth": 0.10000000149011612, "threshold_offset": 0.0}, "panel_properties": {"panel_depth": 0.03500000014901161, "panel_width_ratio": 1.0}}'),$);
#12962=IFCCARTESIANPOINT((0.,0.,0.));
#12963=IFCDIRECTION((1.,0.,0.));
#12964=IFCDIRECTION((0.,0.,1.));
#12965=IFCAXIS2PLACEMENT3D(#12962,#12964,#12963);
#12966=IFCREPRESENTATIONMAP(#12965,#13280);
#13040=IFCCARTESIANPOINT((0.,0.,0.));
#13041=IFCDIRECTION((1.,0.,0.));
#13042=IFCDIRECTION((0.,0.,1.));
#13043=IFCAXIS2PLACEMENT3D(#13040,#13042,#13041);
#13044=IFCREPRESENTATIONMAP(#13043,#13344);
#13059=IFCCARTESIANPOINT((0.,0.,0.));
#13060=IFCDIRECTION((1.,0.,0.));
#13061=IFCDIRECTION((0.,0.,1.));
#13062=IFCAXIS2PLACEMENT3D(#13059,#13061,#13060);
#13063=IFCREPRESENTATIONMAP(#13062,#13360);
#13064=IFCDOOR('3WJlhpnSTCuAithpYgIbkj',$,'Door',$,$,#13385,#13073,$,2.,0.92835509777069092,$,.DOUBLE_SWING_LEFT.,$);
#13065=IFCRELDEFINESBYTYPE('1R_kzS0zP9W9_lqlzgRbHq',$,$,$,(#13064),#12956);
#13066=IFCCARTESIANPOINT((0.,0.,0.));
#13067=IFCDIRECTION((1.,0.,0.));
#13068=IFCDIRECTION((0.,1.,0.));
#13069=IFCDIRECTION((0.,0.,1.));
#13070=IFCCARTESIANTRANSFORMATIONOPERATOR3D(#13067,#13068,#13066,1.,#13069);
#13071=IFCMAPPEDITEM(#12966,#13070);
#13072=IFCSHAPEREPRESENTATION(#18,'Profile','MappedRepresentation',(#13071));
#13073=IFCPRODUCTDEFINITIONSHAPE($,$,(#13072,#13080,#13087));
#13074=IFCCARTESIANPOINT((0.,0.,0.));
#13075=IFCDIRECTION((1.,0.,0.));
#13076=IFCDIRECTION((0.,1.,0.));
#13077=IFCDIRECTION((0.,0.,1.));
#13078=IFCCARTESIANTRANSFORMATIONOPERATOR3D(#13075,#13076,#13074,1.,#13077);
#13079=IFCMAPPEDITEM(#13044,#13078);
#13080=IFCSHAPEREPRESENTATION(#11,'Body','MappedRepresentation',(#13079));
#13081=IFCCARTESIANPOINT((0.,0.,0.));
#13082=IFCDIRECTION((1.,0.,0.));
#13083=IFCDIRECTION((0.,1.,0.));
#13084=IFCDIRECTION((0.,0.,1.));
#13085=IFCCARTESIANTRANSFORMATIONOPERATOR3D(#13082,#13083,#13081,1.,#13084);
#13086=IFCMAPPEDITEM(#13063,#13085);
#13087=IFCSHAPEREPRESENTATION(#24,'Body','MappedRepresentation',(#13086));
#13088=IFCOPENINGELEMENT('1_ll$AfoT0lBGfyYrfeK93',$,'Opening',$,$,#13380,#13116,$,.OPENING.);
#13104=IFCCARTESIANPOINT((0.,0.,0.));
#13105=IFCDIRECTION((1.,0.,0.));
#13106=IFCDIRECTION((0.,0.,1.));
#13107=IFCAXIS2PLACEMENT3D(#13104,#13106,#13105);
#13108=IFCREPRESENTATIONMAP(#13107,#13370);
#13109=IFCCARTESIANPOINT((0.,0.,0.));
#13110=IFCDIRECTION((1.,0.,0.));
#13111=IFCDIRECTION((0.,1.,0.));
#13112=IFCDIRECTION((0.,0.,1.));
#13113=IFCCARTESIANTRANSFORMATIONOPERATOR3D(#13110,#13111,#13109,1.,#13112);
#13114=IFCMAPPEDITEM(#13108,#13113);
#13115=IFCSHAPEREPRESENTATION(#11,'Body','MappedRepresentation',(#13114));
#13116=IFCPRODUCTDEFINITIONSHAPE($,$,(#13115));
#13117=IFCRELVOIDSELEMENT('1ZOtXlCRn918MDIEHAh12$',$,$,$,#11445,#13088);
#13123=IFCRELFILLSELEMENT('2YPknCyJv4ZRSYb9$S_P3H',$,$,$,#13088,#13064);
#13147=IFCCARTESIANPOINTLIST2D(((0.,0.),(0.,2.),(0.92835509777069092,2.),(0.92835509777069092,0.),(0.90335509739816189,0.),(0.90335509739816189,1.974999999627471),(0.02500000037252903,1.974999999627471),(0.02500000037252903,0.)));
#13148=IFCINDEXEDPOLYCURVE(#13147,(IFCLINEINDEX((1,2,3,4,5,6,7,8,1))),$);
#13149=IFCARBITRARYCLOSEDPROFILEDEF(.AREA.,$,#13148);
#13150=IFCCARTESIANPOINT((0.,0.02500000037252903,0.));
#13151=IFCDIRECTION((0.,-1.,0.));
#13152=IFCDIRECTION((1.,0.,0.));
#13153=IFCAXIS2PLACEMENT3D(#13150,#13151,#13152);
#13154=IFCDIRECTION((0.,0.,-1.));
#13155=IFCEXTRUDEDAREASOLID(#13149,#13153,#13154,0.02500000037252903);
#13156=IFCCARTESIANPOINTLIST2D(((0.,0.),(0.,2.),(0.92835509777069092,2.),(0.92835509777069092,0.),(0.87835509702563286,0.),(0.87835509702563286,1.9499999992549419),(0.05000000074505806,1.9499999992549419),(0.05000000074505806,0.)));
#13157=IFCINDEXEDPOLYCURVE(#13156,(IFCLINEINDEX((1,2,3,4,5,6,7,8,1))),$);
#13158=IFCARBITRARYCLOSEDPROFILEDEF(.AREA.,$,#13157);
#13159=IFCCARTESIANPOINT((0.,0.,0.));
#13160=IFCDIRECTION((0.,-1.,0.));
#13161=IFCDIRECTION((1.,0.,0.));
#13162=IFCAXIS2PLACEMENT3D(#13159,#13160,#13161);
#13163=IFCDIRECTION((0.,0.,-1.));
#13164=IFCEXTRUDEDAREASOLID(#13158,#13162,#13163,0.02500000037252903);
#13165=IFCCARTESIANPOINTLIST2D(((0.,0.),(0.8283550962805748,0.),(0.8283550962805748,0.10000000149011612),(0.,0.10000000149011612)));
#13166=IFCINDEXEDPOLYCURVE(#13165,(IFCLINEINDEX((1,2,3,4,1))),$);
#13167=IFCARBITRARYCLOSEDPROFILEDEF(.AREA.,$,#13166);
#13168=IFCCARTESIANPOINT((0.05000000074505806,0.,0.));
#13169=IFCDIRECTION((0.,0.,1.));
#13170=IFCDIRECTION((1.,0.,0.));
#13171=IFCAXIS2PLACEMENT3D(#13168,#13169,#13170);
#13172=IFCDIRECTION((0.,0.,1.));
#13173=IFCEXTRUDEDAREASOLID(#13167,#13171,#13172,0.02500000037252903);
#13174=IFCCARTESIANPOINTLIST2D(((0.,0.),(0.,2.0250000022351742),(0.97835510224103928,2.0250000022351742),(0.97835510224103928,0.),(0.90335509926080704,0.),(0.90335509926080704,1.9499999992549419),(0.075000002980232239,1.9499999992549419),(0.075000002980232239,0.)));
#13175=IFCINDEXEDPOLYCURVE(#13174,(IFCLINEINDEX((1,2,3,4,5,6,7,8,1))),$);
#13176=IFCARBITRARYCLOSEDPROFILEDEF(.AREA.,$,#13175);
#13177=IFCCARTESIANPOINT((-0.025000002235174179,-0.004999999888241291,0.));
#13178=IFCDIRECTION((0.,-1.,0.));
#13179=IFCDIRECTION((1.,0.,0.));
#13180=IFCAXIS2PLACEMENT3D(#13177,#13178,#13179);
#13181=IFCDIRECTION((0.,0.,-1.));
#13182=IFCEXTRUDEDAREASOLID(#13176,#13180,#13181,0.004999999888241291);
#13183=IFCCARTESIANPOINTLIST2D(((0.,0.),(0.,2.0250000022351742),(0.97835510224103928,2.0250000022351742),(0.97835510224103928,0.),(0.92835509963333607,0.),(0.92835509963333607,1.974999999627471),(0.050000002607703209,1.974999999627471),(0.050000002607703209,0.)));
#13184=IFCINDEXEDPOLYCURVE(#13183,(IFCLINEINDEX((1,2,3,4,5,6,7,8,1))),$);
#13185=IFCARBITRARYCLOSEDPROFILEDEF(.AREA.,$,#13184);
#13186=IFCCARTESIANPOINT((-0.025000002235174179,0.05000000074505806,0.));
#13187=IFCDIRECTION((0.,-1.,0.));
#13188=IFCDIRECTION((1.,0.,0.));
#13189=IFCAXIS2PLACEMENT3D(#13186,#13187,#13188);
#13190=IFCDIRECTION((0.,0.,-1.));
#13191=IFCEXTRUDEDAREASOLID(#13185,#13189,#13190,0.004999999888241291);
#13192=IFCCARTESIANPOINTLIST2D(((0.,0.),(0.87835509702563286,0.),(0.87835509702563286,0.035000000149011612),(0.,0.035000000149011612)));
#13193=IFCINDEXEDPOLYCURVE(#13192,(IFCLINEINDEX((1,2,3,4,1))),$);
#13194=IFCARBITRARYCLOSEDPROFILEDEF(.AREA.,$,#13193);
#13195=IFCCARTESIANPOINT((0.02500000037252903,0.02500000037252903,0.02500000037252903));
#13196=IFCDIRECTION((0.,0.,1.));
#13197=IFCDIRECTION((1.,0.,0.));
#13198=IFCAXIS2PLACEMENT3D(#13195,#13196,#13197);
#13199=IFCDIRECTION((0.,0.,1.));
#13200=IFCEXTRUDEDAREASOLID(#13194,#13198,#13199,1.9499999992549419);
#13201=IFCCARTESIANPOINTLIST2D(((0.,0.),(0.,-0.040000000000000001),(0.12,-0.040000000000000001),(0.12,-0.02),(0.02,-0.02),(0.02,0.)));
#13202=IFCINDEXEDPOLYCURVE(#13201,(IFCLINEINDEX((1,2,3,4,5,6,1))),$);
#13203=IFCARBITRARYCLOSEDPROFILEDEF(.AREA.,$,#13202);
#13204=IFCCARTESIANPOINT((0.075000000372529033,0.02500000037252903,1.015000000372529));
#13205=IFCDIRECTION((0.,0.,1.));
#13206=IFCDIRECTION((1.,0.,0.));
#13207=IFCAXIS2PLACEMENT3D(#13204,#13205,#13206);
#13208=IFCDIRECTION((0.,0.,1.));
#13209=IFCEXTRUDEDAREASOLID(#13203,#13207,#13208,0.02);
#13210=IFCEXTRUDEDAREASOLID(#13211,#13214,#13218,0.02);
#13211=IFCARBITRARYCLOSEDPROFILEDEF(.AREA.,$,#13212);
#13212=IFCINDEXEDPOLYCURVE(#13213,(IFCLINEINDEX((1,2,3,4,5,6,1))),$);
#13213=IFCCARTESIANPOINTLIST2D(((0.,0.),(0.,0.040000000000000008),(0.11999999999999998,0.040000000000000008),(0.11999999999999998,0.020000000000000004),(0.020000000000000004,0.020000000000000004),(0.020000000000000004,0.)));
#13214=IFCAXIS2PLACEMENT3D(#13215,#13216,#13217);
#13215=IFCCARTESIANPOINT((0.075000000372529033,0.060000000521540642,1.015000000372529));
#13216=IFCDIRECTION((0.,0.,1.));
#13217=IFCDIRECTION((1.,0.,0.));
#13218=IFCDIRECTION((0.,0.,1.));
#13220=IFCSHAPEREPRESENTATION(#11,'Body','SweptSolid',(#13155,#13191,#13164,#13173,#13289,#13316,#13182,#13307,#13298));
#13221=IFCSHAPEASPECT((#13220),'Lining',$,.T.,#13073);
#13222=IFCSHAPEREPRESENTATION(#11,'Body','SweptSolid',(#13200,#13325,#13209,#13335,#13334,#13210));
#13223=IFCSHAPEASPECT((#13222),'Framing',$,.T.,#13073);
#13278=IFCCARTESIANPOINTLIST3D(((0.,0.,0.),(0.92835509777069092,0.,0.),(0.92835509777069092,0.,2.),(0.,0.,2.)));
#13279=IFCINDEXEDPOLYCURVE(#13278,(IFCLINEINDEX((1,2,3,4,1))),$);
#13280=IFCSHAPEREPRESENTATION(#18,'Profile','Curve3D',(#13279));
#13281=IFCCARTESIANPOINTLIST2D(((0.,0.),(0.,2.),(0.92835509777069092,2.),(0.92835509777069092,0.),(0.90335509739816189,0.),(0.90335509739816189,1.974999999627471),(0.02500000037252903,1.974999999627471),(0.02500000037252903,0.)));
#13282=IFCINDEXEDPOLYCURVE(#13281,(IFCLINEINDEX((1,2,3,4,5,6,7,8,1))),$);
#13283=IFCARBITRARYCLOSEDPROFILEDEF(.AREA.,$,#13282);
#13284=IFCCARTESIANPOINT((0.,0.,0.));
#13285=IFCDIRECTION((0.,-1.,0.));
#13286=IFCDIRECTION((1.,0.,0.));
#13287=IFCAXIS2PLACEMENT3D(#13284,#13285,#13286);
#13288=IFCDIRECTION((0.,0.,-1.));
#13289=IFCEXTRUDEDAREASOLID(#13283,#13287,#13288,0.05000000074505806);
#13290=IFCCARTESIANPOINTLIST2D(((0.,0.),(0.87835509702563286,0.),(0.87835509702563286,0.10000000149011612),(0.,0.10000000149011612)));
#13291=IFCINDEXEDPOLYCURVE(#13290,(IFCLINEINDEX((1,2,3,4,1))),$);
#13292=IFCARBITRARYCLOSEDPROFILEDEF(.AREA.,$,#13291);
#13293=IFCCARTESIANPOINT((0.02500000037252903,0.,0.));
#13294=IFCDIRECTION((0.,0.,1.));
#13295=IFCDIRECTION((1.,0.,0.));
#13296=IFCAXIS2PLACEMENT3D(#13293,#13294,#13295);
#13297=IFCDIRECTION((0.,0.,1.));
#13298=IFCEXTRUDEDAREASOLID(#13292,#13296,#13297,0.02500000037252903);
#13299=IFCCARTESIANPOINTLIST2D(((0.,0.),(0.,2.0250000022351742),(0.97835510224103928,2.0250000022351742),(0.97835510224103928,0.),(0.92835509963333607,0.),(0.92835509963333607,1.974999999627471),(0.050000002607703209,1.974999999627471),(0.050000002607703209,0.)));
#13300=IFCINDEXEDPOLYCURVE(#13299,(IFCLINEINDEX((1,2,3,4,5,6,7,8,1))),$);
#13301=IFCARBITRARYCLOSEDPROFILEDEF(.AREA.,$,#13300);
#13302=IFCCARTESIANPOINT((-0.025000002235174179,-0.004999999888241291,0.));
#13303=IFCDIRECTION((0.,-1.,0.));
#13304=IFCDIRECTION((1.,0.,0.));
#13305=IFCAXIS2PLACEMENT3D(#13302,#13303,#13304);
#13306=IFCDIRECTION((0.,0.,-1.));
#13307=IFCEXTRUDEDAREASOLID(#13301,#13305,#13306,0.004999999888241291);
#13308=IFCCARTESIANPOINTLIST2D(((0.,0.),(0.,2.0250000022351742),(0.97835510224103928,2.0250000022351742),(0.97835510224103928,0.),(0.92835509963333607,0.),(0.92835509963333607,1.974999999627471),(0.050000002607703209,1.974999999627471),(0.050000002607703209,0.)));
#13309=IFCINDEXEDPOLYCURVE(#13308,(IFCLINEINDEX((1,2,3,4,5,6,7,8,1))),$);
#13310=IFCARBITRARYCLOSEDPROFILEDEF(.AREA.,$,#13309);
#13311=IFCCARTESIANPOINT((-0.025000002235174179,0.05000000074505806,0.));
#13312=IFCDIRECTION((0.,-1.,0.));
#13313=IFCDIRECTION((1.,0.,0.));
#13314=IFCAXIS2PLACEMENT3D(#13311,#13312,#13313);
#13315=IFCDIRECTION((0.,0.,-1.));
#13316=IFCEXTRUDEDAREASOLID(#13310,#13314,#13315,0.004999999888241291);
#13317=IFCCARTESIANPOINTLIST2D(((0.,0.),(0.87835509702563286,0.),(0.87835509702563286,0.035000000149011612),(0.,0.035000000149011612)));
#13318=IFCINDEXEDPOLYCURVE(#13317,(IFCLINEINDEX((1,2,3,4,1))),$);
#13319=IFCARBITRARYCLOSEDPROFILEDEF(.AREA.,$,#13318);
#13320=IFCCARTESIANPOINT((0.02500000037252903,0.02500000037252903,0.02500000037252903));
#13321=IFCDIRECTION((0.,0.,1.));
#13322=IFCDIRECTION((1.,0.,0.));
#13323=IFCAXIS2PLACEMENT3D(#13320,#13321,#13322);
#13324=IFCDIRECTION((0.,0.,1.));
#13325=IFCEXTRUDEDAREASOLID(#13319,#13323,#13324,1.9499999992549419);
#13326=IFCCARTESIANPOINTLIST2D(((0.,0.),(0.,-0.040000000000000001),(-0.11999999999999988,-0.040000000000000001),(-0.11999999999999988,-0.02),(-0.020000000000000018,-0.02),(-0.020000000000000018,0.)));
#13327=IFCINDEXEDPOLYCURVE(#13326,(IFCLINEINDEX((1,2,3,4,5,6,1))),$);
#13328=IFCARBITRARYCLOSEDPROFILEDEF(.AREA.,$,#13327);
#13329=IFCCARTESIANPOINT((0.85335509739816184,0.02500000037252903,1.015000000372529));
#13330=IFCDIRECTION((0.,0.,1.));
#13331=IFCDIRECTION((1.,0.,0.));
#13332=IFCAXIS2PLACEMENT3D(#13329,#13330,#13331);
#13333=IFCDIRECTION((0.,0.,1.));
#13334=IFCEXTRUDEDAREASOLID(#13328,#13332,#13333,0.02);
#13335=IFCEXTRUDEDAREASOLID(#13336,#13339,#13343,0.02);
#13336=IFCARBITRARYCLOSEDPROFILEDEF(.AREA.,$,#13337);
#13337=IFCINDEXEDPOLYCURVE(#13338,(IFCLINEINDEX((1,2,3,4,5,6,1))),$);
#13338=IFCCARTESIANPOINTLIST2D(((0.,0.),(0.,0.040000000000000008),(-0.11999999999999988,0.040000000000000008),(-0.11999999999999988,0.020000000000000004),(-0.020000000000000018,0.020000000000000004),(-0.020000000000000018,0.)));
#13339=IFCAXIS2PLACEMENT3D(#13340,#13341,#13342);
#13340=IFCCARTESIANPOINT((0.85335509739816184,0.060000000521540642,1.015000000372529));
#13341=IFCDIRECTION((0.,0.,1.));
#13342=IFCDIRECTION((1.,0.,0.));
#13343=IFCDIRECTION((0.,0.,1.));
#13344=IFCSHAPEREPRESENTATION(#11,'Body','SweptSolid',(#13289,#13325,#13334,#13335,#13298,#13307,#13316));
#13345=IFCCARTESIANPOINTLIST2D(((0.,0.),(0.02500000037252903,0.),(0.02500000037252903,0.05000000074505806),(0.,0.05000000074505806)));
#13346=IFCINDEXEDPOLYCURVE(#13345,(IFCLINEINDEX((1,2,3,4,1))),$);
#13347=IFCINDEXEDPOLYCURVE(#13348,(IFCLINEINDEX((1,2,3,4,1))),$);
#13348=IFCCARTESIANPOINTLIST2D(((0.92835509777069092,0.),(0.90335509739816189,0.),(0.90335509739816189,0.05000000074505806),(0.92835509777069092,0.05000000074505806)));
#13349=IFCCARTESIANPOINTLIST2D(((0.02500000037252903,0.05000000074505806),(0.02500000037252903,-0.8283550962805748),(0.060000000521540642,-0.8283550962805748)));
#13350=IFCINDEXEDPOLYCURVE(#13349,$,$);
#13351=IFCDIRECTION((1.,0.));
#13352=IFCCARTESIANPOINT((0.060000000521540642,0.05000000074505806));
#13353=IFCAXIS2PLACEMENT2D(#13352,#13351);
#13354=IFCELLIPSE(#13353,0.84335509687662125,0.87835509702563286);
#13355=IFCCARTESIANPOINT((0.060000000521540642,-0.8283550962805748));
#13356=IFCCARTESIANPOINT((0.060000000521540642,0.92835509777069092));
#13357=IFCTRIMMEDCURVE(#13354,(#13355),(#13356),.T.,.CARTESIAN.);
#13358=IFCCARTESIANPOINTLIST2D(((0.02500000037252903,0.05000000074505806),(0.060000000521540642,0.05000000074505806),(0.060000000521540642,0.92835509777069092),(0.02500000037252903,0.92835509777069092)));
#13359=IFCINDEXEDPOLYCURVE(#13358,(IFCLINEINDEX((1,2,3,4,1))),$);
#13360=IFCSHAPEREPRESENTATION(#24,'Body','Curve2D',(#13346,#13347,#13350,#13357,#13359));
#13361=IFCCARTESIANPOINTLIST2D(((0.,0.),(0.92835509777069092,0.),(0.92835509777069092,2.),(0.,2.)));
#13362=IFCINDEXEDPOLYCURVE(#13361,(IFCLINEINDEX((1,2,3,4,1))),$);
#13363=IFCARBITRARYCLOSEDPROFILEDEF(.AREA.,$,#13362);
#13364=IFCCARTESIANPOINT((0.,-0.60000002384185791,0.));
#13365=IFCDIRECTION((0.,-1.,0.));
#13366=IFCDIRECTION((1.,0.,0.));
#13367=IFCAXIS2PLACEMENT3D(#13364,#13365,#13366);
#13368=IFCDIRECTION((0.,0.,-1.));
#13369=IFCEXTRUDEDAREASOLID(#13363,#13367,#13368,1.2);
#13370=IFCSHAPEREPRESENTATION(#11,'Body','SweptSolid',(#13369));
#13376=IFCCARTESIANPOINT((0.237219921550125,0.015001002020852194,0.));
#13377=IFCDIRECTION((0.,0.,1.));
#13378=IFCDIRECTION((0.9999999999997442,-7.1525573730458586E-07,0.));
#13379=IFCAXIS2PLACEMENT3D(#13376,#13377,#13378);
#13380=IFCLOCALPLACEMENT(#11590,#13379);
#13381=IFCCARTESIANPOINT((1.1102230246251565E-16,0.,0.));
#13382=IFCDIRECTION((0.,0.,1.));
#13383=IFCDIRECTION((1.,0.,0.));
#13384=IFCAXIS2PLACEMENT3D(#13381,#13382,#13383);
#13385=IFCLOCALPLACEMENT(#13380,#13384);
#13386=IFCWINDOWTYPE('39idw_si9C2v2BjgQtlajr',$,'BED2-2F',$,$,(#13387),(#13389,#13397,#13483),$,$,.WINDOW.,.SINGLE_PANEL.,$,$);
#13387=IFCPROPERTYSET('3G0LR2dd1CUfHA62nFSSax',$,'BBIM_Window',$,(#13388));
#13388=IFCPROPERTYSINGLEVALUE('Data',$,IFCTEXT('{"window_type": "DOUBLE_PANEL_VERTICAL", "overall_height": 0.8999999761581421, "overall_width": 1.08706533908844, "lining_properties": {"lining_depth": 0.05000000074505806, "lining_thickness": 0.05000000074505806, "lining_offset": 0.05000000074505806, "lining_to_panel_offset_x": 0.02500000037252903, "lining_to_panel_offset_y": 0.02500000037252903, "mullion_thickness": 0.05000000074505806, "first_mullion_offset": 0.5354307889938354}, "panel_properties": {"frame_depth": [0.03500000014901161, 0.03500000014901161, 0.03500000014901161], "frame_thickness": [0.03500000014901161, 0.03500000014901161, 0.03500000014901161]}}'),$);
#13389=IFCREPRESENTATIONMAP(#13390,#14830);
#13390=IFCAXIS2PLACEMENT3D(#13391,#13392,#13393);
#13391=IFCCARTESIANPOINT((0.,0.,0.));
#13392=IFCDIRECTION((0.,0.,1.));
#13393=IFCDIRECTION((1.,0.,0.));
#13397=IFCREPRESENTATIONMAP(#13398,#14911);
#13398=IFCAXIS2PLACEMENT3D(#13399,#13400,#13401);
#13399=IFCCARTESIANPOINT((0.,0.,0.));
#13400=IFCDIRECTION((0.,0.,1.));
#13401=IFCDIRECTION((1.,0.,0.));
#13483=IFCREPRESENTATIONMAP(#13484,#14944);
#13484=IFCAXIS2PLACEMENT3D(#13485,#13486,#13487);
#13485=IFCCARTESIANPOINT((0.,0.,0.));
#13486=IFCDIRECTION((0.,0.,1.));
#13487=IFCDIRECTION((1.,0.,0.));
#13521=IFCWINDOW('1gANkM1qXCf94VD7R4OjLw',$,'Window',$,$,#14969,#13530,$,0.89999997615814209,1.0870653390884399,$,.DOUBLE_PANEL_VERTICAL.,$);
#13522=IFCRELDEFINESBYTYPE('2dvyCvuAvDRw3YJNEwHc9t',$,$,$,(#13521),#13386);
#13523=IFCCARTESIANPOINT((0.,0.,0.));
#13524=IFCDIRECTION((1.,0.,0.));
#13525=IFCDIRECTION((0.,1.,0.));
#13526=IFCDIRECTION((0.,0.,1.));
#13527=IFCCARTESIANTRANSFORMATIONOPERATOR3D(#13524,#13525,#13523,1.,#13526);
#13528=IFCMAPPEDITEM(#13389,#13527);
#13529=IFCSHAPEREPRESENTATION(#18,'Profile','MappedRepresentation',(#13528));
#13530=IFCPRODUCTDEFINITIONSHAPE($,$,(#13529,#13537,#13544));
#13531=IFCCARTESIANPOINT((0.,0.,0.));
#13532=IFCDIRECTION((1.,0.,0.));
#13533=IFCDIRECTION((0.,1.,0.));
#13534=IFCDIRECTION((0.,0.,1.));
#13535=IFCCARTESIANTRANSFORMATIONOPERATOR3D(#13532,#13533,#13531,1.,#13534);
#13536=IFCMAPPEDITEM(#13397,#13535);
#13537=IFCSHAPEREPRESENTATION(#11,'Body','MappedRepresentation',(#13536));
#13538=IFCCARTESIANPOINT((0.,0.,0.));
#13539=IFCDIRECTION((1.,0.,0.));
#13540=IFCDIRECTION((0.,1.,0.));
#13541=IFCDIRECTION((0.,0.,1.));
#13542=IFCCARTESIANTRANSFORMATIONOPERATOR3D(#13539,#13540,#13538,1.,#13541);
#13543=IFCMAPPEDITEM(#13483,#13542);
#13544=IFCSHAPEREPRESENTATION(#24,'Body','MappedRepresentation',(#13543));
#13545=IFCOPENINGELEMENT('1l7lXYTzHBWArcfFELygtc',$,'Opening',$,$,#14964,#13573,$,.OPENING.);
#13561=IFCCARTESIANPOINT((0.,0.,0.));
#13562=IFCDIRECTION((1.,0.,0.));
#13563=IFCDIRECTION((0.,0.,1.));
#13564=IFCAXIS2PLACEMENT3D(#13561,#13563,#13562);
#13565=IFCREPRESENTATIONMAP(#13564,#14954);
#13566=IFCCARTESIANPOINT((0.,0.,0.));
#13567=IFCDIRECTION((1.,0.,0.));
#13568=IFCDIRECTION((0.,1.,0.));
#13569=IFCDIRECTION((0.,0.,1.));
#13570=IFCCARTESIANTRANSFORMATIONOPERATOR3D(#13567,#13568,#13566,1.,#13569);
#13571=IFCMAPPEDITEM(#13565,#13570);
#13572=IFCSHAPEREPRESENTATION(#11,'Body','MappedRepresentation',(#13571));
#13573=IFCPRODUCTDEFINITIONSHAPE($,$,(#13572));
#13574=IFCRELVOIDSELEMENT('14$VPt6fX5kAvQTgC7WGXC',$,$,$,#11495,#13545);
#13580=IFCRELFILLSELEMENT('0UoRuQw9fEU8iSqI_$BxsK',$,$,$,#13545,#13521);
#13589=IFCCARTESIANPOINTLIST2D(((0.51807510852813721,0.),(0.,0.),(0.,0.89999997615814209),(0.51807510852813721,0.89999997615814209),(0.51807510852813721,0.87499997578561306),(0.02500000037252903,0.87499997578561306),(0.02500000037252903,0.02500000037252903),(0.51807510852813721,0.02500000037252903)));
#13590=IFCINDEXEDPOLYCURVE(#13589,(IFCLINEINDEX((1,2,3,4,5,6,7,8,1))),$);
#13591=IFCARBITRARYCLOSEDPROFILEDEF(.AREA.,$,#13590);
#13592=IFCCARTESIANPOINT((0.,0.090000001713633537,0.));
#13593=IFCDIRECTION((0.,-1.,0.));
#13594=IFCDIRECTION((1.,0.,0.));
#13595=IFCAXIS2PLACEMENT3D(#13592,#13593,#13594);
#13596=IFCDIRECTION((0.,0.,-1.));
#13597=IFCEXTRUDEDAREASOLID(#13591,#13595,#13596,0.0099999997764825821);
#13598=IFCCARTESIANPOINTLIST2D(((0.,0.),(0.51807510852813721,0.),(0.51807510852813721,0.89999997615814209),(0.,0.89999997615814209)));
#13599=IFCINDEXEDPOLYCURVE(#13598,(IFCLINEINDEX((1,2,3,4,1))),$);
#13600=IFCCARTESIANPOINTLIST2D(((0.05000000074505806,0.05000000074505806),(0.49307510815560818,0.05000000074505806),(0.49307510815560818,0.84999997541308403),(0.05000000074505806,0.84999997541308403)));
#13601=IFCINDEXEDPOLYCURVE(#13600,(IFCLINEINDEX((1,2,3,4,1))),$);
#13602=IFCARBITRARYPROFILEDEFWITHVOIDS(.AREA.,$,#13599,(#13601));
#13603=IFCCARTESIANPOINT((0.,0.05000000074505806,0.));
#13604=IFCDIRECTION((0.,-1.,0.));
#13605=IFCDIRECTION((1.,0.,0.));
#13606=IFCAXIS2PLACEMENT3D(#13603,#13604,#13605);
#13607=IFCDIRECTION((0.,0.,-1.));
#13608=IFCEXTRUDEDAREASOLID(#13602,#13606,#13607,0.040000000968575478);
#13609=IFCCARTESIANPOINTLIST2D(((0.,0.),(0.49307510815560818,0.),(0.49307510815560818,0.84999997541308403),(0.,0.84999997541308403)));
#13610=IFCINDEXEDPOLYCURVE(#13609,(IFCLINEINDEX((1,2,3,4,1))),$);
#13611=IFCCARTESIANPOINTLIST2D(((0.035000000149011612,0.035000000149011612),(0.45807510800659657,0.035000000149011612),(0.45807510800659657,0.81499997526407242),(0.035000000149011612,0.81499997526407242)));
#13612=IFCINDEXEDPOLYCURVE(#13611,(IFCLINEINDEX((1,2,3,4,1))),$);
#13613=IFCARBITRARYPROFILEDEFWITHVOIDS(.AREA.,$,#13610,(#13612));
#13614=IFCCARTESIANPOINT((0.02500000037252903,0.090000001713633537,0.02500000037252903));
#13615=IFCDIRECTION((0.,-1.,0.));
#13616=IFCDIRECTION((1.,0.,0.));
#13617=IFCAXIS2PLACEMENT3D(#13614,#13615,#13616);
#13618=IFCDIRECTION((0.,0.,-1.));
#13619=IFCEXTRUDEDAREASOLID(#13613,#13617,#13618,0.035000000149011612);
#13620=IFCINDEXEDPOLYCURVE(#13621,(IFCLINEINDEX((1,2,3,4,1))),$);
#13621=IFCCARTESIANPOINTLIST2D(((0.035000000149011612,0.035000000149011612),(0.45807510800659657,0.035000000149011612),(0.45807510800659657,0.81499997526407242),(0.035000000149011612,0.81499997526407242)));
#13622=IFCARBITRARYCLOSEDPROFILEDEF(.AREA.,$,#13620);
#13623=IFCCARTESIANPOINT((0.02500000037252903,0.10250000178813934,0.02500000037252903));
#13624=IFCDIRECTION((0.,-1.,0.));
#13625=IFCDIRECTION((1.,0.,0.));
#13626=IFCAXIS2PLACEMENT3D(#13623,#13624,#13625);
#13627=IFCDIRECTION((0.,0.,-1.));
#13628=IFCEXTRUDEDAREASOLID(#13622,#13626,#13627,0.01);
#13629=IFCCARTESIANPOINTLIST2D(((0.,0.89999997615814209),(0.56899023056030273,0.89999997615814209),(0.56899023056030273,0.),(0.,0.),(0.,0.02500000037252903),(0.5439902301877737,0.02500000037252903),(0.5439902301877737,0.87499997578561306),(0.,0.87499997578561306)));
#13630=IFCINDEXEDPOLYCURVE(#13629,(IFCLINEINDEX((1,2,3,4,5,6,7,8,1))),$);
#13631=IFCARBITRARYCLOSEDPROFILEDEF(.AREA.,$,#13630);
#13632=IFCCARTESIANPOINT((0.51807510852813721,0.090000001713633537,0.));
#13633=IFCDIRECTION((0.,-1.,0.));
#13634=IFCDIRECTION((1.,0.,0.));
#13635=IFCAXIS2PLACEMENT3D(#13632,#13633,#13634);
#13636=IFCDIRECTION((0.,0.,-1.));
#13637=IFCEXTRUDEDAREASOLID(#13631,#13635,#13636,0.0099999997764825821);
#13638=IFCCARTESIANPOINTLIST2D(((0.,0.),(0.56899023056030273,0.),(0.56899023056030273,0.89999997615814209),(0.,0.89999997615814209)));
#13639=IFCINDEXEDPOLYCURVE(#13638,(IFCLINEINDEX((1,2,3,4,1))),$);
#13640=IFCCARTESIANPOINTLIST2D(((0.02500000037252903,0.05000000074505806),(0.51899022981524467,0.05000000074505806),(0.51899022981524467,0.84999997541308403),(0.02500000037252903,0.84999997541308403)));
#13641=IFCINDEXEDPOLYCURVE(#13640,(IFCLINEINDEX((1,2,3,4,1))),$);
#13642=IFCARBITRARYPROFILEDEFWITHVOIDS(.AREA.,$,#13639,(#13641));
#13643=IFCCARTESIANPOINT((0.51807510852813721,0.05000000074505806,0.));
#13644=IFCDIRECTION((0.,-1.,0.));
#13645=IFCDIRECTION((1.,0.,0.));
#13646=IFCAXIS2PLACEMENT3D(#13643,#13644,#13645);
#13647=IFCDIRECTION((0.,0.,-1.));
#13648=IFCEXTRUDEDAREASOLID(#13642,#13646,#13647,0.040000000968575478);
#13649=IFCCARTESIANPOINTLIST2D(((0.,0.),(0.5439902301877737,0.),(0.5439902301877737,0.84999997541308403),(0.,0.84999997541308403)));
#13650=IFCINDEXEDPOLYCURVE(#13649,(IFCLINEINDEX((1,2,3,4,1))),$);
#13651=IFCCARTESIANPOINTLIST2D(((0.035000000149011612,0.035000000149011612),(0.50899023003876209,0.035000000149011612),(0.50899023003876209,0.81499997526407242),(0.035000000149011612,0.81499997526407242)));
#13652=IFCINDEXEDPOLYCURVE(#13651,(IFCLINEINDEX((1,2,3,4,1))),$);
#13653=IFCARBITRARYPROFILEDEFWITHVOIDS(.AREA.,$,#13650,(#13652));
#13654=IFCCARTESIANPOINT((0.51807510852813721,0.090000001713633537,0.02500000037252903));
#13655=IFCDIRECTION((0.,-1.,0.));
#13656=IFCDIRECTION((1.,0.,0.));
#13657=IFCAXIS2PLACEMENT3D(#13654,#13655,#13656);
#13658=IFCDIRECTION((0.,0.,-1.));
#13659=IFCEXTRUDEDAREASOLID(#13653,#13657,#13658,0.035000000149011612);
#13660=IFCINDEXEDPOLYCURVE(#13661,(IFCLINEINDEX((1,2,3,4,1))),$);
#13661=IFCCARTESIANPOINTLIST2D(((0.035000000149011612,0.035000000149011612),(0.50899023003876209,0.035000000149011612),(0.50899023003876209,0.81499997526407242),(0.035000000149011612,0.81499997526407242)));
#13662=IFCARBITRARYCLOSEDPROFILEDEF(.AREA.,$,#13660);
#13663=IFCCARTESIANPOINT((0.51807510852813721,0.10250000178813934,0.02500000037252903));
#13664=IFCDIRECTION((0.,-1.,0.));
#13665=IFCDIRECTION((1.,0.,0.));
#13666=IFCAXIS2PLACEMENT3D(#13663,#13664,#13665);
#13667=IFCDIRECTION((0.,0.,-1.));
#13668=IFCEXTRUDEDAREASOLID(#13662,#13666,#13667,0.01);
#13670=IFCSHAPEREPRESENTATION(#11,'Body','SweptSolid',(#13637,#14839,#13608,#14879,#13648,#14850,#13597,#14890));
#13671=IFCSHAPEASPECT((#13670),'Lining',$,.T.,#13530);
#13672=IFCSHAPEREPRESENTATION(#11,'Body','SweptSolid',(#14861,#13659,#13619,#14901));
#13673=IFCSHAPEASPECT((#13672),'Framing',$,.T.,#13530);
#13674=IFCSHAPEREPRESENTATION(#11,'Body','SweptSolid',(#14910,#14870,#13668,#13628));
#13675=IFCSHAPEASPECT((#13674),'Glazing',$,.T.,#13530);
#13749=IFCWINDOWTYPE('0BGd$FdfLAwfqEwFcAn0h9',$,'MASTERS1-2F',$,$,(#13750),(#13752,#13760,#13808),$,$,.WINDOW.,.SINGLE_PANEL.,$,$);
#13750=IFCPROPERTYSET('3wjo4TA2P0KvzN0OddV8ch',$,'BBIM_Window',$,(#13751));
#13751=IFCPROPERTYSINGLEVALUE('Data',$,IFCTEXT('{"window_type": "SINGLE_PANEL", "overall_height": 0.8999999761581421, "overall_width": 0.7816054224967957, "lining_properties": {"lining_depth": 0.05000000074505806, "lining_thickness": 0.05000000074505806, "lining_offset": 0.05000000074505806, "lining_to_panel_offset_x": 0.02500000037252903, "lining_to_panel_offset_y": 0.02500000037252903}, "panel_properties": {"frame_depth": [0.03500000014901161, 0.03500000014901161, 0.03500000014901161], "frame_thickness": [0.03500000014901161, 0.03500000014901161, 0.03500000014901161]}}'),$);
#13752=IFCREPRESENTATIONMAP(#13753,#13897);
#13753=IFCAXIS2PLACEMENT3D(#13754,#13755,#13756);
#13754=IFCCARTESIANPOINT((0.,0.,0.));
#13755=IFCDIRECTION((0.,0.,1.));
#13756=IFCDIRECTION((1.,0.,0.));
#13760=IFCREPRESENTATIONMAP(#13761,#13940);
#13761=IFCAXIS2PLACEMENT3D(#13762,#13763,#13764);
#13762=IFCCARTESIANPOINT((0.,0.,0.));
#13763=IFCDIRECTION((0.,0.,1.));
#13764=IFCDIRECTION((1.,0.,0.));
#13808=IFCREPRESENTATIONMAP(#13809,#13963);
#13809=IFCAXIS2PLACEMENT3D(#13810,#13811,#13812);
#13810=IFCCARTESIANPOINT((0.,0.,0.));
#13811=IFCDIRECTION((0.,0.,1.));
#13812=IFCDIRECTION((1.,0.,0.));
#13830=IFCWINDOW('1dd7DkBXHDZOgzKh8WJpeo',$,'Window',$,$,#15215,#13839,$,0.89999997615814209,0.78160542249679565,$,.SINGLE_PANEL.,$);
#13831=IFCRELDEFINESBYTYPE('2NrYEh1tv7ivGEExVCa_3Q',$,$,$,(#14004,#13830),#13749);
#13832=IFCCARTESIANPOINT((0.,0.,0.));
#13833=IFCDIRECTION((1.,0.,0.));
#13834=IFCDIRECTION((0.,1.,0.));
#13835=IFCDIRECTION((0.,0.,1.));
#13836=IFCCARTESIANTRANSFORMATIONOPERATOR3D(#13833,#13834,#13832,1.,#13835);
#13837=IFCMAPPEDITEM(#13752,#13836);
#13838=IFCSHAPEREPRESENTATION(#18,'Profile','MappedRepresentation',(#13837));
#13839=IFCPRODUCTDEFINITIONSHAPE($,$,(#13838,#13846,#13853));
#13840=IFCCARTESIANPOINT((0.,0.,0.));
#13841=IFCDIRECTION((1.,0.,0.));
#13842=IFCDIRECTION((0.,1.,0.));
#13843=IFCDIRECTION((0.,0.,1.));
#13844=IFCCARTESIANTRANSFORMATIONOPERATOR3D(#13841,#13842,#13840,1.,#13843);
#13845=IFCMAPPEDITEM(#13760,#13844);
#13846=IFCSHAPEREPRESENTATION(#11,'Body','MappedRepresentation',(#13845));
#13847=IFCCARTESIANPOINT((0.,0.,0.));
#13848=IFCDIRECTION((1.,0.,0.));
#13849=IFCDIRECTION((0.,1.,0.));
#13850=IFCDIRECTION((0.,0.,1.));
#13851=IFCCARTESIANTRANSFORMATIONOPERATOR3D(#13848,#13849,#13847,1.,#13850);
#13852=IFCMAPPEDITEM(#13808,#13851);
#13853=IFCSHAPEREPRESENTATION(#24,'Body','MappedRepresentation',(#13852));
#13854=IFCOPENINGELEMENT('0zPToIFGz5lutCFbjwyoXK',$,'Opening',$,$,#13998,#13882,$,.OPENING.);
#13870=IFCCARTESIANPOINT((0.,0.,0.));
#13871=IFCDIRECTION((1.,0.,0.));
#13872=IFCDIRECTION((0.,0.,1.));
#13873=IFCAXIS2PLACEMENT3D(#13870,#13872,#13871);
#13874=IFCREPRESENTATIONMAP(#13873,#13973);
#13875=IFCCARTESIANPOINT((0.,0.,0.));
#13876=IFCDIRECTION((1.,0.,0.));
#13877=IFCDIRECTION((0.,1.,0.));
#13878=IFCDIRECTION((0.,0.,1.));
#13879=IFCCARTESIANTRANSFORMATIONOPERATOR3D(#13876,#13877,#13875,1.,#13878);
#13880=IFCMAPPEDITEM(#13874,#13879);
#13881=IFCSHAPEREPRESENTATION(#11,'Body','MappedRepresentation',(#13880));
#13882=IFCPRODUCTDEFINITIONSHAPE($,$,(#13881));
#13883=IFCRELVOIDSELEMENT('37$kKgCFn4Kxj1$mrbxWh0',$,$,$,#8711,#13854);
#13889=IFCRELFILLSELEMENT('3IgXTVxFjEJhupOGf8UQoq',$,$,$,#13854,#13830);
#13895=IFCCARTESIANPOINTLIST3D(((0.,0.,0.),(0.78160542249679565,0.,0.),(0.78160542249679565,0.,0.89999997615814209),(0.,0.,0.89999997615814209)));
#13896=IFCINDEXEDPOLYCURVE(#13895,(IFCLINEINDEX((1,2,3,4,1))),$);
#13897=IFCSHAPEREPRESENTATION(#18,'Profile','Curve3D',(#13896));
#13898=IFCCARTESIANPOINTLIST2D(((0.,0.),(0.78160542249679565,0.),(0.78160542249679565,0.89999997615814209),(0.,0.89999997615814209)));
#13899=IFCINDEXEDPOLYCURVE(#13898,(IFCLINEINDEX((1,2,3,4,1))),$);
#13900=IFCCARTESIANPOINTLIST2D(((0.02500000037252903,0.02500000037252903),(0.75660542212426662,0.02500000037252903),(0.75660542212426662,0.87499997578561306),(0.02500000037252903,0.87499997578561306)));
#13901=IFCINDEXEDPOLYCURVE(#13900,(IFCLINEINDEX((1,2,3,4,1))),$);
#13902=IFCARBITRARYPROFILEDEFWITHVOIDS(.AREA.,$,#13899,(#13901));
#13903=IFCCARTESIANPOINT((0.,0.090000001713633537,0.));
#13904=IFCDIRECTION((0.,-1.,0.));
#13905=IFCDIRECTION((1.,0.,0.));
#13906=IFCAXIS2PLACEMENT3D(#13903,#13904,#13905);
#13907=IFCDIRECTION((0.,0.,-1.));
#13908=IFCEXTRUDEDAREASOLID(#13902,#13906,#13907,0.0099999997764825821);
#13909=IFCCARTESIANPOINTLIST2D(((0.,0.),(0.78160542249679565,0.),(0.78160542249679565,0.89999997615814209),(0.,0.89999997615814209)));
#13910=IFCINDEXEDPOLYCURVE(#13909,(IFCLINEINDEX((1,2,3,4,1))),$);
#13911=IFCCARTESIANPOINTLIST2D(((0.05000000074505806,0.05000000074505806),(0.73160542175173759,0.05000000074505806),(0.73160542175173759,0.84999997541308403),(0.05000000074505806,0.84999997541308403)));
#13912=IFCINDEXEDPOLYCURVE(#13911,(IFCLINEINDEX((1,2,3,4,1))),$);
#13913=IFCARBITRARYPROFILEDEFWITHVOIDS(.AREA.,$,#13910,(#13912));
#13914=IFCCARTESIANPOINT((0.,0.05000000074505806,0.));
#13915=IFCDIRECTION((0.,-1.,0.));
#13916=IFCDIRECTION((1.,0.,0.));
#13917=IFCAXIS2PLACEMENT3D(#13914,#13915,#13916);
#13918=IFCDIRECTION((0.,0.,-1.));
#13919=IFCEXTRUDEDAREASOLID(#13913,#13917,#13918,0.040000000968575478);
#13920=IFCCARTESIANPOINTLIST2D(((0.,0.),(0.73160542175173759,0.),(0.73160542175173759,0.84999997541308403),(0.,0.84999997541308403)));
#13921=IFCINDEXEDPOLYCURVE(#13920,(IFCLINEINDEX((1,2,3,4,1))),$);
#13922=IFCCARTESIANPOINTLIST2D(((0.035000000149011612,0.035000000149011612),(0.69660542160272598,0.035000000149011612),(0.69660542160272598,0.81499997526407242),(0.035000000149011612,0.81499997526407242)));
#13923=IFCINDEXEDPOLYCURVE(#13922,(IFCLINEINDEX((1,2,3,4,1))),$);
#13924=IFCARBITRARYPROFILEDEFWITHVOIDS(.AREA.,$,#13921,(#13923));
#13925=IFCCARTESIANPOINT((0.02500000037252903,0.090000001713633537,0.02500000037252903));
#13926=IFCDIRECTION((0.,-1.,0.));
#13927=IFCDIRECTION((1.,0.,0.));
#13928=IFCAXIS2PLACEMENT3D(#13925,#13926,#13927);
#13929=IFCDIRECTION((0.,0.,-1.));
#13930=IFCEXTRUDEDAREASOLID(#13924,#13928,#13929,0.035000000149011612);
#13931=IFCINDEXEDPOLYCURVE(#13932,(IFCLINEINDEX((1,2,3,4,1))),$);
#13932=IFCCARTESIANPOINTLIST2D(((0.035000000149011612,0.035000000149011612),(0.69660542160272598,0.035000000149011612),(0.69660542160272598,0.81499997526407242),(0.035000000149011612,0.81499997526407242)));
#13933=IFCARBITRARYCLOSEDPROFILEDEF(.AREA.,$,#13931);
#13934=IFCCARTESIANPOINT((0.02500000037252903,0.10250000178813934,0.02500000037252903));
#13935=IFCDIRECTION((0.,-1.,0.));
#13936=IFCDIRECTION((1.,0.,0.));
#13937=IFCAXIS2PLACEMENT3D(#13934,#13935,#13936);
#13938=IFCDIRECTION((0.,0.,-1.));
#13939=IFCEXTRUDEDAREASOLID(#13933,#13937,#13938,0.01);
#13940=IFCSHAPEREPRESENTATION(#11,'Body','SweptSolid',(#13908,#13919,#13930,#13939));
#13941=IFCSHAPEREPRESENTATION(#11,'Body','SweptSolid',(#13908,#13919));
#13942=IFCSHAPEASPECT((#13941),'Lining',$,.T.,#13839);
#13943=IFCSHAPEREPRESENTATION(#11,'Body','SweptSolid',(#13930));
#13944=IFCSHAPEASPECT((#13943),'Framing',$,.T.,#13839);
#13945=IFCSHAPEREPRESENTATION(#11,'Body','SweptSolid',(#13939));
#13946=IFCSHAPEASPECT((#13945),'Glazing',$,.T.,#13839);
#13947=IFCCARTESIANPOINTLIST2D(((0.05000000074505806,0.05000000074505806),(0.73160542175173759,0.05000000074505806)));
#13948=IFCINDEXEDPOLYCURVE(#13947,$,$);
#13949=IFCCARTESIANPOINTLIST2D(((0.,0.10000000149011612),(0.02500000037252903,0.10000000149011612),(0.02500000037252903,0.090000001713633537),(0.05000000074505806,0.090000001713633537),(0.05000000074505806,0.05000000074505806),(0.,0.05000000074505806)));
#13950=IFCINDEXEDPOLYCURVE(#13949,(IFCLINEINDEX((1,2,3,4,5,6,1))),$);
#13951=IFCCARTESIANPOINTLIST2D(((0.78160542249679565,0.10000000149011612),(0.75660542212426662,0.10000000149011612),(0.75660542212426662,0.090000001713633537),(0.73160542175173759,0.090000001713633537),(0.73160542175173759,0.05000000074505806),(0.78160542249679565,0.05000000074505806)));
#13952=IFCINDEXEDPOLYCURVE(#13951,(IFCLINEINDEX((1,2,3,4,5,6,1))),$);
#13953=IFCCARTESIANPOINTLIST2D(((0.02500000037252903,0.090000001713633537),(0.060000000521540642,0.090000001713633537),(0.060000000521540642,0.12500000186264515),(0.02500000037252903,0.12500000186264515)));
#13954=IFCINDEXEDPOLYCURVE(#13953,(IFCLINEINDEX((1,2,3,4,1))),$);
#13955=IFCINDEXEDPOLYCURVE(#13956,(IFCLINEINDEX((1,2,3,4,1))),$);
#13956=IFCCARTESIANPOINTLIST2D(((0.75660542212426662,0.090000001713633537),(0.72160542197525501,0.090000001713633537),(0.72160542197525501,0.12500000186264515),(0.75660542212426662,0.12500000186264515)));
#13957=IFCCARTESIANPOINTLIST2D(((0.060000000521540642,0.090000001713633537),(0.72160542197525501,0.090000001713633537)));
#13958=IFCINDEXEDPOLYCURVE(#13957,$,$);
#13959=IFCINDEXEDPOLYCURVE(#13960,$,$);
#13960=IFCCARTESIANPOINTLIST2D(((0.060000000521540642,0.12500000186264515),(0.72160542197525501,0.12500000186264515)));
#13961=IFCINDEXEDPOLYCURVE(#13962,$,$);
#13962=IFCCARTESIANPOINTLIST2D(((0.060000000521540642,0.10750000178813934),(0.72160542197525501,0.10750000178813934)));
#13963=IFCSHAPEREPRESENTATION(#24,'Body','Curve2D',(#13948,#13950,#13952,#13954,#13955,#13958,#13959,#13961));
#13964=IFCCARTESIANPOINTLIST2D(((0.,0.),(0.78160542249679565,0.),(0.78160542249679565,0.89999997615814209),(0.,0.89999997615814209)));
#13965=IFCINDEXEDPOLYCURVE(#13964,(IFCLINEINDEX((1,2,3,4,1))),$);
#13966=IFCARBITRARYCLOSEDPROFILEDEF(.AREA.,$,#13965);
#13967=IFCCARTESIANPOINT((0.,-0.60000002384185791,0.));
#13968=IFCDIRECTION((0.,-1.,0.));
#13969=IFCDIRECTION((1.,0.,0.));
#13970=IFCAXIS2PLACEMENT3D(#13967,#13968,#13969);
#13971=IFCDIRECTION((0.,0.,-1.));
#13972=IFCEXTRUDEDAREASOLID(#13966,#13970,#13971,1.2);
#13973=IFCSHAPEREPRESENTATION(#11,'Body','SweptSolid',(#13972));
#13994=IFCCARTESIANPOINT((6.1548466006823386,9.6583354114443409E-07,1.));
#13995=IFCDIRECTION((0.,0.,1.));
#13996=IFCDIRECTION((0.99999999999999289,1.1920928244535129E-07,0.));
#13997=IFCAXIS2PLACEMENT3D(#13994,#13995,#13996);
#13998=IFCLOCALPLACEMENT(#9026,#13997);
#14004=IFCWINDOW('2zvIb8FhzBJgcWPrd28UDX',$,'Window',$,$,#15220,#14012,$,0.89999997615814209,0.78160542249679565,$,$,$);
#14005=IFCCARTESIANPOINT((0.,0.,0.));
#14006=IFCDIRECTION((1.,0.,0.));
#14007=IFCDIRECTION((0.,1.,0.));
#14008=IFCDIRECTION((0.,0.,1.));
#14009=IFCCARTESIANTRANSFORMATIONOPERATOR3D(#14006,#14007,#14005,1.,#14008);
#14010=IFCMAPPEDITEM(#13752,#14009);
#14011=IFCSHAPEREPRESENTATION(#18,'Profile','MappedRepresentation',(#14010));
#14012=IFCPRODUCTDEFINITIONSHAPE($,$,(#14011,#14019,#14026));
#14013=IFCCARTESIANPOINT((0.,0.,0.));
#14014=IFCDIRECTION((1.,0.,0.));
#14015=IFCDIRECTION((0.,1.,0.));
#14016=IFCDIRECTION((0.,0.,1.));
#14017=IFCCARTESIANTRANSFORMATIONOPERATOR3D(#14014,#14015,#14013,1.,#14016);
#14018=IFCMAPPEDITEM(#13760,#14017);
#14019=IFCSHAPEREPRESENTATION(#11,'Body','MappedRepresentation',(#14018));
#14020=IFCCARTESIANPOINT((0.,0.,0.));
#14021=IFCDIRECTION((1.,0.,0.));
#14022=IFCDIRECTION((0.,1.,0.));
#14023=IFCDIRECTION((0.,0.,1.));
#14024=IFCCARTESIANTRANSFORMATIONOPERATOR3D(#14021,#14022,#14020,1.,#14023);
#14025=IFCMAPPEDITEM(#13808,#14024);
#14026=IFCSHAPEREPRESENTATION(#24,'Body','MappedRepresentation',(#14025));
#14027=IFCOPENINGELEMENT('3HB8s$ZgD5oxcK77xGKzkT',$,'Opening',$,$,#14062,#14040,$,.OPENING.);
#14033=IFCCARTESIANPOINT((0.,0.,0.));
#14034=IFCDIRECTION((1.,0.,0.));
#14035=IFCDIRECTION((0.,1.,0.));
#14036=IFCDIRECTION((0.,0.,1.));
#14037=IFCCARTESIANTRANSFORMATIONOPERATOR3D(#14034,#14035,#14033,1.,#14036);
#14038=IFCMAPPEDITEM(#13874,#14037);
#14039=IFCSHAPEREPRESENTATION(#11,'Body','MappedRepresentation',(#14038));
#14040=IFCPRODUCTDEFINITIONSHAPE($,$,(#14039));
#14041=IFCRELVOIDSELEMENT('21pRdENj9E0xVwH0qwYell',$,$,$,#8711,#14027);
#14047=IFCRELFILLSELEMENT('0Osb0Ni7vDBQbXfbrHeSuu',$,$,$,#14027,#14004);
#14058=IFCCARTESIANPOINT((3.5819527427263775,6.8324446900192015E-07,1.));
#14059=IFCDIRECTION((0.,0.,1.));
#14060=IFCDIRECTION((0.99999999999999289,1.1920928244535129E-07,0.));
#14061=IFCAXIS2PLACEMENT3D(#14058,#14059,#14060);
#14062=IFCLOCALPLACEMENT(#9026,#14061);
#14068=IFCWINDOWTYPE('1Tv8EgwlH79BxsPKSULiDR',$,'BED1-2F',$,$,(#14069),(#14071,#14079,#14127),$,$,.WINDOW.,.SINGLE_PANEL.,$,$);
#14069=IFCPROPERTYSET('0lkDhz5zXCZPhuY3vG3ZWw',$,'BBIM_Window',$,(#14070));
#14070=IFCPROPERTYSINGLEVALUE('Data',$,IFCTEXT('{"window_type": "SINGLE_PANEL", "overall_height": 0.8999999761581421, "overall_width": 0.7645861506462097, "lining_properties": {"lining_depth": 0.05000000074505806, "lining_thickness": 0.05000000074505806, "lining_offset": 0.05000000074505806, "lining_to_panel_offset_x": 0.02500000037252903, "lining_to_panel_offset_y": 0.02500000037252903}, "panel_properties": {"frame_depth": [0.03500000014901161, 0.03500000014901161, 0.03500000014901161], "frame_thickness": [0.03500000014901161, 0.03500000014901161, 0.03500000014901161]}}'),$);
#14071=IFCREPRESENTATIONMAP(#14072,#14216);
#14072=IFCAXIS2PLACEMENT3D(#14073,#14074,#14075);
#14073=IFCCARTESIANPOINT((0.,0.,0.));
#14074=IFCDIRECTION((0.,0.,1.));
#14075=IFCDIRECTION((1.,0.,0.));
#14079=IFCREPRESENTATIONMAP(#14080,#14259);
#14080=IFCAXIS2PLACEMENT3D(#14081,#14082,#14083);
#14081=IFCCARTESIANPOINT((0.,0.,0.));
#14082=IFCDIRECTION((0.,0.,1.));
#14083=IFCDIRECTION((1.,0.,0.));
#14127=IFCREPRESENTATIONMAP(#14128,#14282);
#14128=IFCAXIS2PLACEMENT3D(#14129,#14130,#14131);
#14129=IFCCARTESIANPOINT((0.,0.,0.));
#14130=IFCDIRECTION((0.,0.,1.));
#14131=IFCDIRECTION((1.,0.,0.));
#14149=IFCWINDOW('15_7XtDW1BZgxDzbeObh$D',$,'Window',$,$,#15225,#14158,$,0.89999997615814209,0.76458615064620972,$,.SINGLE_PANEL.,$);
#14150=IFCRELDEFINESBYTYPE('2tlRPiww90uRsfk82sfL_K',$,$,$,(#14149),#14068);
#14151=IFCCARTESIANPOINT((0.,0.,0.));
#14152=IFCDIRECTION((1.,0.,0.));
#14153=IFCDIRECTION((0.,1.,0.));
#14154=IFCDIRECTION((0.,0.,1.));
#14155=IFCCARTESIANTRANSFORMATIONOPERATOR3D(#14152,#14153,#14151,1.,#14154);
#14156=IFCMAPPEDITEM(#14071,#14155);
#14157=IFCSHAPEREPRESENTATION(#18,'Profile','MappedRepresentation',(#14156));
#14158=IFCPRODUCTDEFINITIONSHAPE($,$,(#14157,#14165,#14172));
#14159=IFCCARTESIANPOINT((0.,0.,0.));
#14160=IFCDIRECTION((1.,0.,0.));
#14161=IFCDIRECTION((0.,1.,0.));
#14162=IFCDIRECTION((0.,0.,1.));
#14163=IFCCARTESIANTRANSFORMATIONOPERATOR3D(#14160,#14161,#14159,1.,#14162);
#14164=IFCMAPPEDITEM(#14079,#14163);
#14165=IFCSHAPEREPRESENTATION(#11,'Body','MappedRepresentation',(#14164));
#14166=IFCCARTESIANPOINT((0.,0.,0.));
#14167=IFCDIRECTION((1.,0.,0.));
#14168=IFCDIRECTION((0.,1.,0.));
#14169=IFCDIRECTION((0.,0.,1.));
#14170=IFCCARTESIANTRANSFORMATIONOPERATOR3D(#14167,#14168,#14166,1.,#14169);
#14171=IFCMAPPEDITEM(#14127,#14170);
#14172=IFCSHAPEREPRESENTATION(#24,'Body','MappedRepresentation',(#14171));
#14173=IFCOPENINGELEMENT('2oCI4fkS17KPUZwN$z9zmj',$,'Opening',$,$,#14317,#14201,$,.OPENING.);
#14189=IFCCARTESIANPOINT((0.,0.,0.));
#14190=IFCDIRECTION((1.,0.,0.));
#14191=IFCDIRECTION((0.,0.,1.));
#14192=IFCAXIS2PLACEMENT3D(#14189,#14191,#14190);
#14193=IFCREPRESENTATIONMAP(#14192,#14292);
#14194=IFCCARTESIANPOINT((0.,0.,0.));
#14195=IFCDIRECTION((1.,0.,0.));
#14196=IFCDIRECTION((0.,1.,0.));
#14197=IFCDIRECTION((0.,0.,1.));
#14198=IFCCARTESIANTRANSFORMATIONOPERATOR3D(#14195,#14196,#14194,1.,#14197);
#14199=IFCMAPPEDITEM(#14193,#14198);
#14200=IFCSHAPEREPRESENTATION(#11,'Body','MappedRepresentation',(#14199));
#14201=IFCPRODUCTDEFINITIONSHAPE($,$,(#14200));
#14202=IFCRELVOIDSELEMENT('38d$0NaHH2tO48jpfJ_$yv',$,$,$,#8711,#14173);
#14208=IFCRELFILLSELEMENT('3jKk6QgpP8mfpXfLzUSOdT',$,$,$,#14173,#14149);
#14214=IFCCARTESIANPOINTLIST3D(((0.,0.,0.),(0.76458615064620972,0.,0.),(0.76458615064620972,0.,0.89999997615814209),(0.,0.,0.89999997615814209)));
#14215=IFCINDEXEDPOLYCURVE(#14214,(IFCLINEINDEX((1,2,3,4,1))),$);
#14216=IFCSHAPEREPRESENTATION(#18,'Profile','Curve3D',(#14215));
#14217=IFCCARTESIANPOINTLIST2D(((0.,0.),(0.76458615064620972,0.),(0.76458615064620972,0.89999997615814209),(0.,0.89999997615814209)));
#14218=IFCINDEXEDPOLYCURVE(#14217,(IFCLINEINDEX((1,2,3,4,1))),$);
#14219=IFCCARTESIANPOINTLIST2D(((0.02500000037252903,0.02500000037252903),(0.73958615027368069,0.02500000037252903),(0.73958615027368069,0.87499997578561306),(0.02500000037252903,0.87499997578561306)));
#14220=IFCINDEXEDPOLYCURVE(#14219,(IFCLINEINDEX((1,2,3,4,1))),$);
#14221=IFCARBITRARYPROFILEDEFWITHVOIDS(.AREA.,$,#14218,(#14220));
#14222=IFCCARTESIANPOINT((0.,0.090000001713633537,0.));
#14223=IFCDIRECTION((0.,-1.,0.));
#14224=IFCDIRECTION((1.,0.,0.));
#14225=IFCAXIS2PLACEMENT3D(#14222,#14223,#14224);
#14226=IFCDIRECTION((0.,0.,-1.));
#14227=IFCEXTRUDEDAREASOLID(#14221,#14225,#14226,0.0099999997764825821);
#14228=IFCCARTESIANPOINTLIST2D(((0.,0.),(0.76458615064620972,0.),(0.76458615064620972,0.89999997615814209),(0.,0.89999997615814209)));
#14229=IFCINDEXEDPOLYCURVE(#14228,(IFCLINEINDEX((1,2,3,4,1))),$);
#14230=IFCCARTESIANPOINTLIST2D(((0.05000000074505806,0.05000000074505806),(0.71458614990115166,0.05000000074505806),(0.71458614990115166,0.84999997541308403),(0.05000000074505806,0.84999997541308403)));
#14231=IFCINDEXEDPOLYCURVE(#14230,(IFCLINEINDEX((1,2,3,4,1))),$);
#14232=IFCARBITRARYPROFILEDEFWITHVOIDS(.AREA.,$,#14229,(#14231));
#14233=IFCCARTESIANPOINT((0.,0.05000000074505806,0.));
#14234=IFCDIRECTION((0.,-1.,0.));
#14235=IFCDIRECTION((1.,0.,0.));
#14236=IFCAXIS2PLACEMENT3D(#14233,#14234,#14235);
#14237=IFCDIRECTION((0.,0.,-1.));
#14238=IFCEXTRUDEDAREASOLID(#14232,#14236,#14237,0.040000000968575478);
#14239=IFCCARTESIANPOINTLIST2D(((0.,0.),(0.71458614990115166,0.),(0.71458614990115166,0.84999997541308403),(0.,0.84999997541308403)));
#14240=IFCINDEXEDPOLYCURVE(#14239,(IFCLINEINDEX((1,2,3,4,1))),$);
#14241=IFCCARTESIANPOINTLIST2D(((0.035000000149011612,0.035000000149011612),(0.67958614975214005,0.035000000149011612),(0.67958614975214005,0.81499997526407242),(0.035000000149011612,0.81499997526407242)));
#14242=IFCINDEXEDPOLYCURVE(#14241,(IFCLINEINDEX((1,2,3,4,1))),$);
#14243=IFCARBITRARYPROFILEDEFWITHVOIDS(.AREA.,$,#14240,(#14242));
#14244=IFCCARTESIANPOINT((0.02500000037252903,0.090000001713633537,0.02500000037252903));
#14245=IFCDIRECTION((0.,-1.,0.));
#14246=IFCDIRECTION((1.,0.,0.));
#14247=IFCAXIS2PLACEMENT3D(#14244,#14245,#14246);
#14248=IFCDIRECTION((0.,0.,-1.));
#14249=IFCEXTRUDEDAREASOLID(#14243,#14247,#14248,0.035000000149011612);
#14250=IFCINDEXEDPOLYCURVE(#14251,(IFCLINEINDEX((1,2,3,4,1))),$);
#14251=IFCCARTESIANPOINTLIST2D(((0.035000000149011612,0.035000000149011612),(0.67958614975214005,0.035000000149011612),(0.67958614975214005,0.81499997526407242),(0.035000000149011612,0.81499997526407242)));
#14252=IFCARBITRARYCLOSEDPROFILEDEF(.AREA.,$,#14250);
#14253=IFCCARTESIANPOINT((0.02500000037252903,0.10250000178813934,0.02500000037252903));
#14254=IFCDIRECTION((0.,-1.,0.));
#14255=IFCDIRECTION((1.,0.,0.));
#14256=IFCAXIS2PLACEMENT3D(#14253,#14254,#14255);
#14257=IFCDIRECTION((0.,0.,-1.));
#14258=IFCEXTRUDEDAREASOLID(#14252,#14256,#14257,0.01);
#14259=IFCSHAPEREPRESENTATION(#11,'Body','SweptSolid',(#14227,#14238,#14249,#14258));
#14260=IFCSHAPEREPRESENTATION(#11,'Body','SweptSolid',(#14227,#14238));
#14261=IFCSHAPEASPECT((#14260),'Lining',$,.T.,#14158);
#14262=IFCSHAPEREPRESENTATION(#11,'Body','SweptSolid',(#14249));
#14263=IFCSHAPEASPECT((#14262),'Framing',$,.T.,#14158);
#14264=IFCSHAPEREPRESENTATION(#11,'Body','SweptSolid',(#14258));
#14265=IFCSHAPEASPECT((#14264),'Glazing',$,.T.,#14158);
#14266=IFCCARTESIANPOINTLIST2D(((0.05000000074505806,0.05000000074505806),(0.71458614990115166,0.05000000074505806)));
#14267=IFCINDEXEDPOLYCURVE(#14266,$,$);
#14268=IFCCARTESIANPOINTLIST2D(((0.,0.10000000149011612),(0.02500000037252903,0.10000000149011612),(0.02500000037252903,0.090000001713633537),(0.05000000074505806,0.090000001713633537),(0.05000000074505806,0.05000000074505806),(0.,0.05000000074505806)));
#14269=IFCINDEXEDPOLYCURVE(#14268,(IFCLINEINDEX((1,2,3,4,5,6,1))),$);
#14270=IFCCARTESIANPOINTLIST2D(((0.76458615064620972,0.10000000149011612),(0.73958615027368069,0.10000000149011612),(0.73958615027368069,0.090000001713633537),(0.71458614990115166,0.090000001713633537),(0.71458614990115166,0.05000000074505806),(0.76458615064620972,0.05000000074505806)));
#14271=IFCINDEXEDPOLYCURVE(#14270,(IFCLINEINDEX((1,2,3,4,5,6,1))),$);
#14272=IFCCARTESIANPOINTLIST2D(((0.02500000037252903,0.090000001713633537),(0.060000000521540642,0.090000001713633537),(0.060000000521540642,0.12500000186264515),(0.02500000037252903,0.12500000186264515)));
#14273=IFCINDEXEDPOLYCURVE(#14272,(IFCLINEINDEX((1,2,3,4,1))),$);
#14274=IFCINDEXEDPOLYCURVE(#14275,(IFCLINEINDEX((1,2,3,4,1))),$);
#14275=IFCCARTESIANPOINTLIST2D(((0.73958615027368069,0.090000001713633537),(0.70458615012466908,0.090000001713633537),(0.70458615012466908,0.12500000186264515),(0.73958615027368069,0.12500000186264515)));
#14276=IFCCARTESIANPOINTLIST2D(((0.060000000521540642,0.090000001713633537),(0.70458615012466908,0.090000001713633537)));
#14277=IFCINDEXEDPOLYCURVE(#14276,$,$);
#14278=IFCINDEXEDPOLYCURVE(#14279,$,$);
#14279=IFCCARTESIANPOINTLIST2D(((0.060000000521540642,0.12500000186264515),(0.70458615012466908,0.12500000186264515)));
#14280=IFCINDEXEDPOLYCURVE(#14281,$,$);
#14281=IFCCARTESIANPOINTLIST2D(((0.060000000521540642,0.10750000178813934),(0.70458615012466908,0.10750000178813934)));
#14282=IFCSHAPEREPRESENTATION(#24,'Body','Curve2D',(#14267,#14269,#14271,#14273,#14274,#14277,#14278,#14280));
#14283=IFCCARTESIANPOINTLIST2D(((0.,0.),(0.76458615064620972,0.),(0.76458615064620972,0.89999997615814209),(0.,0.89999997615814209)));
#14284=IFCINDEXEDPOLYCURVE(#14283,(IFCLINEINDEX((1,2,3,4,1))),$);
#14285=IFCARBITRARYCLOSEDPROFILEDEF(.AREA.,$,#14284);
#14286=IFCCARTESIANPOINT((0.,-0.60000002384185791,0.));
#14287=IFCDIRECTION((0.,-1.,0.));
#14288=IFCDIRECTION((1.,0.,0.));
#14289=IFCAXIS2PLACEMENT3D(#14286,#14287,#14288);
#14290=IFCDIRECTION((0.,0.,-1.));
#14291=IFCEXTRUDEDAREASOLID(#14285,#14289,#14290,1.2);
#14292=IFCSHAPEREPRESENTATION(#11,'Body','SweptSolid',(#14291));
#14313=IFCCARTESIANPOINT((1.5947193423814987,3.5643926210582322E-07,1.));
#14314=IFCDIRECTION((0.,0.,1.));
#14315=IFCDIRECTION((0.99999999999999289,1.1920928244535129E-07,0.));
#14316=IFCAXIS2PLACEMENT3D(#14313,#14314,#14315);
#14317=IFCLOCALPLACEMENT(#9026,#14316);
#14323=IFCWINDOWTYPE('1t8EcwxhD8tPXhLPU23ukD',$,'BED1.2-2F',$,$,(#14324),(#14326,#14334,#14420),$,$,.WINDOW.,.SINGLE_PANEL.,$,$);
#14324=IFCPROPERTYSET('2_4JBtD7b9p8Rq9TWn_$Ef',$,'BBIM_Window',$,(#14325));
#14325=IFCPROPERTYSINGLEVALUE('Data',$,IFCTEXT('{"window_type": "DOUBLE_PANEL_VERTICAL", "overall_height": 0.8999999761581421, "overall_width": 1.0849754810333252, "lining_properties": {"lining_depth": 0.05000000074505806, "lining_thickness": 0.05000000074505806, "lining_offset": 0.05000000074505806, "lining_to_panel_offset_x": 0.02500000037252903, "lining_to_panel_offset_y": 0.02500000037252903, "mullion_thickness": 0.05000000074505806, "first_mullion_offset": 0.5059472918510437}, "panel_properties": {"frame_depth": [0.03500000014901161, 0.03500000014901161, 0.03500000014901161], "frame_thickness": [0.03500000014901161, 0.03500000014901161, 0.03500000014901161]}}'),$);
#14326=IFCREPRESENTATIONMAP(#14327,#14688);
#14327=IFCAXIS2PLACEMENT3D(#14328,#14329,#14330);
#14328=IFCCARTESIANPOINT((0.,0.,0.));
#14329=IFCDIRECTION((0.,0.,1.));
#14330=IFCDIRECTION((1.,0.,0.));
#14334=IFCREPRESENTATIONMAP(#14335,#14769);
#14335=IFCAXIS2PLACEMENT3D(#14336,#14337,#14338);
#14336=IFCCARTESIANPOINT((0.,0.,0.));
#14337=IFCDIRECTION((0.,0.,1.));
#14338=IFCDIRECTION((1.,0.,0.));
#14420=IFCREPRESENTATIONMAP(#14421,#14802);
#14421=IFCAXIS2PLACEMENT3D(#14422,#14423,#14424);
#14422=IFCCARTESIANPOINT((0.,0.,0.));
#14423=IFCDIRECTION((0.,0.,1.));
#14424=IFCDIRECTION((1.,0.,0.));
#14458=IFCWINDOW('0geRGJ0fH3BO1gXSLreDzy',$,'Window',$,$,#14827,#14467,$,0.89999997615814209,1.0849754810333252,$,.DOUBLE_PANEL_VERTICAL.,$);
#14459=IFCRELDEFINESBYTYPE('1EsAcw$0XFORzPr39EwuXs',$,$,$,(#14458),#14323);
#14460=IFCCARTESIANPOINT((0.,0.,0.));
#14461=IFCDIRECTION((1.,0.,0.));
#14462=IFCDIRECTION((0.,1.,0.));
#14463=IFCDIRECTION((0.,0.,1.));
#14464=IFCCARTESIANTRANSFORMATIONOPERATOR3D(#14461,#14462,#14460,1.,#14463);
#14465=IFCMAPPEDITEM(#14326,#14464);
#14466=IFCSHAPEREPRESENTATION(#18,'Profile','MappedRepresentation',(#14465));
#14467=IFCPRODUCTDEFINITIONSHAPE($,$,(#14466,#14474,#14481));
#14468=IFCCARTESIANPOINT((0.,0.,0.));
#14469=IFCDIRECTION((1.,0.,0.));
#14470=IFCDIRECTION((0.,1.,0.));
#14471=IFCDIRECTION((0.,0.,1.));
#14472=IFCCARTESIANTRANSFORMATIONOPERATOR3D(#14469,#14470,#14468,1.,#14471);
#14473=IFCMAPPEDITEM(#14334,#14472);
#14474=IFCSHAPEREPRESENTATION(#11,'Body','MappedRepresentation',(#14473));
#14475=IFCCARTESIANPOINT((0.,0.,0.));
#14476=IFCDIRECTION((1.,0.,0.));
#14477=IFCDIRECTION((0.,1.,0.));
#14478=IFCDIRECTION((0.,0.,1.));
#14479=IFCCARTESIANTRANSFORMATIONOPERATOR3D(#14476,#14477,#14475,1.,#14478);
#14480=IFCMAPPEDITEM(#14420,#14479);
#14481=IFCSHAPEREPRESENTATION(#24,'Body','MappedRepresentation',(#14480));
#14482=IFCOPENINGELEMENT('1rJw7GpIL91hTvER$h$mWC',$,'Opening',$,$,#14822,#14510,$,.OPENING.);
#14498=IFCCARTESIANPOINT((0.,0.,0.));
#14499=IFCDIRECTION((1.,0.,0.));
#14500=IFCDIRECTION((0.,0.,1.));
#14501=IFCAXIS2PLACEMENT3D(#14498,#14500,#14499);
#14502=IFCREPRESENTATIONMAP(#14501,#14812);
#14503=IFCCARTESIANPOINT((0.,0.,0.));
#14504=IFCDIRECTION((1.,0.,0.));
#14505=IFCDIRECTION((0.,1.,0.));
#14506=IFCDIRECTION((0.,0.,1.));
#14507=IFCCARTESIANTRANSFORMATIONOPERATOR3D(#14504,#14505,#14503,1.,#14506);
#14508=IFCMAPPEDITEM(#14502,#14507);
#14509=IFCSHAPEREPRESENTATION(#11,'Body','MappedRepresentation',(#14508));
#14510=IFCPRODUCTDEFINITIONSHAPE($,$,(#14509));
#14511=IFCRELVOIDSELEMENT('1BzFIBcrD5aOKA08IvAIKk',$,$,$,#8686,#14482);
#14517=IFCRELFILLSELEMENT('3tlz2CA$z6F8ZbgKd12syM',$,$,$,#14482,#14458);
#14526=IFCCARTESIANPOINTLIST2D(((0.51807510852813721,0.),(0.,0.),(0.,0.89999997615814209),(0.51807510852813721,0.89999997615814209),(0.51807510852813721,0.87499997578561306),(0.02500000037252903,0.87499997578561306),(0.02500000037252903,0.02500000037252903),(0.51807510852813721,0.02500000037252903)));
#14527=IFCINDEXEDPOLYCURVE(#14526,(IFCLINEINDEX((1,2,3,4,5,6,7,8,1))),$);
#14528=IFCARBITRARYCLOSEDPROFILEDEF(.AREA.,$,#14527);
#14529=IFCCARTESIANPOINT((0.,0.090000001713633537,0.));
#14530=IFCDIRECTION((0.,-1.,0.));
#14531=IFCDIRECTION((1.,0.,0.));
#14532=IFCAXIS2PLACEMENT3D(#14529,#14530,#14531);
#14533=IFCDIRECTION((0.,0.,-1.));
#14534=IFCEXTRUDEDAREASOLID(#14528,#14532,#14533,0.0099999997764825821);
#14535=IFCCARTESIANPOINTLIST2D(((0.,0.),(0.51807510852813721,0.),(0.51807510852813721,0.89999997615814209),(0.,0.89999997615814209)));
#14536=IFCINDEXEDPOLYCURVE(#14535,(IFCLINEINDEX((1,2,3,4,1))),$);
#14537=IFCCARTESIANPOINTLIST2D(((0.05000000074505806,0.05000000074505806),(0.49307510815560818,0.05000000074505806),(0.49307510815560818,0.84999997541308403),(0.05000000074505806,0.84999997541308403)));
#14538=IFCINDEXEDPOLYCURVE(#14537,(IFCLINEINDEX((1,2,3,4,1))),$);
#14539=IFCARBITRARYPROFILEDEFWITHVOIDS(.AREA.,$,#14536,(#14538));
#14540=IFCCARTESIANPOINT((0.,0.05000000074505806,0.));
#14541=IFCDIRECTION((0.,-1.,0.));
#14542=IFCDIRECTION((1.,0.,0.));
#14543=IFCAXIS2PLACEMENT3D(#14540,#14541,#14542);
#14544=IFCDIRECTION((0.,0.,-1.));
#14545=IFCEXTRUDEDAREASOLID(#14539,#14543,#14544,0.040000000968575478);
#14546=IFCCARTESIANPOINTLIST2D(((0.,0.),(0.49307510815560818,0.),(0.49307510815560818,0.84999997541308403),(0.,0.84999997541308403)));
#14547=IFCINDEXEDPOLYCURVE(#14546,(IFCLINEINDEX((1,2,3,4,1))),$);
#14548=IFCCARTESIANPOINTLIST2D(((0.035000000149011612,0.035000000149011612),(0.45807510800659657,0.035000000149011612),(0.45807510800659657,0.81499997526407242),(0.035000000149011612,0.81499997526407242)));
#14549=IFCINDEXEDPOLYCURVE(#14548,(IFCLINEINDEX((1,2,3,4,1))),$);
#14550=IFCARBITRARYPROFILEDEFWITHVOIDS(.AREA.,$,#14547,(#14549));
#14551=IFCCARTESIANPOINT((0.02500000037252903,0.090000001713633537,0.02500000037252903));
#14552=IFCDIRECTION((0.,-1.,0.));
#14553=IFCDIRECTION((1.,0.,0.));
#14554=IFCAXIS2PLACEMENT3D(#14551,#14552,#14553);
#14555=IFCDIRECTION((0.,0.,-1.));
#14556=IFCEXTRUDEDAREASOLID(#14550,#14554,#14555,0.035000000149011612);
#14557=IFCINDEXEDPOLYCURVE(#14558,(IFCLINEINDEX((1,2,3,4,1))),$);
#14558=IFCCARTESIANPOINTLIST2D(((0.035000000149011612,0.035000000149011612),(0.45807510800659657,0.035000000149011612),(0.45807510800659657,0.81499997526407242),(0.035000000149011612,0.81499997526407242)));
#14559=IFCARBITRARYCLOSEDPROFILEDEF(.AREA.,$,#14557);
#14560=IFCCARTESIANPOINT((0.02500000037252903,0.10250000178813934,0.02500000037252903));
#14561=IFCDIRECTION((0.,-1.,0.));
#14562=IFCDIRECTION((1.,0.,0.));
#14563=IFCAXIS2PLACEMENT3D(#14560,#14561,#14562);
#14564=IFCDIRECTION((0.,0.,-1.));
#14565=IFCEXTRUDEDAREASOLID(#14559,#14563,#14564,0.01);
#14566=IFCCARTESIANPOINTLIST2D(((0.,0.89999997615814209),(0.56690037250518799,0.89999997615814209),(0.56690037250518799,0.),(0.,0.),(0.,0.02500000037252903),(0.54190037213265896,0.02500000037252903),(0.54190037213265896,0.87499997578561306),(0.,0.87499997578561306)));
#14567=IFCINDEXEDPOLYCURVE(#14566,(IFCLINEINDEX((1,2,3,4,5,6,7,8,1))),$);
#14568=IFCARBITRARYCLOSEDPROFILEDEF(.AREA.,$,#14567);
#14569=IFCCARTESIANPOINT((0.51807510852813721,0.090000001713633537,0.));
#14570=IFCDIRECTION((0.,-1.,0.));
#14571=IFCDIRECTION((1.,0.,0.));
#14572=IFCAXIS2PLACEMENT3D(#14569,#14570,#14571);
#14573=IFCDIRECTION((0.,0.,-1.));
#14574=IFCEXTRUDEDAREASOLID(#14568,#14572,#14573,0.0099999997764825821);
#14575=IFCCARTESIANPOINTLIST2D(((0.,0.),(0.56690037250518799,0.),(0.56690037250518799,0.89999997615814209),(0.,0.89999997615814209)));
#14576=IFCINDEXEDPOLYCURVE(#14575,(IFCLINEINDEX((1,2,3,4,1))),$);
#14577=IFCCARTESIANPOINTLIST2D(((0.02500000037252903,0.05000000074505806),(0.51690037176012993,0.05000000074505806),(0.51690037176012993,0.84999997541308403),(0.02500000037252903,0.84999997541308403)));
#14578=IFCINDEXEDPOLYCURVE(#14577,(IFCLINEINDEX((1,2,3,4,1))),$);
#14579=IFCARBITRARYPROFILEDEFWITHVOIDS(.AREA.,$,#14576,(#14578));
#14580=IFCCARTESIANPOINT((0.51807510852813721,0.05000000074505806,0.));
#14581=IFCDIRECTION((0.,-1.,0.));
#14582=IFCDIRECTION((1.,0.,0.));
#14583=IFCAXIS2PLACEMENT3D(#14580,#14581,#14582);
#14584=IFCDIRECTION((0.,0.,-1.));
#14585=IFCEXTRUDEDAREASOLID(#14579,#14583,#14584,0.040000000968575478);
#14586=IFCCARTESIANPOINTLIST2D(((0.,0.),(0.54190037213265896,0.),(0.54190037213265896,0.84999997541308403),(0.,0.84999997541308403)));
#14587=IFCINDEXEDPOLYCURVE(#14586,(IFCLINEINDEX((1,2,3,4,1))),$);
#14588=IFCCARTESIANPOINTLIST2D(((0.035000000149011612,0.035000000149011612),(0.50690037198364735,0.035000000149011612),(0.50690037198364735,0.81499997526407242),(0.035000000149011612,0.81499997526407242)));
#14589=IFCINDEXEDPOLYCURVE(#14588,(IFCLINEINDEX((1,2,3,4,1))),$);
#14590=IFCARBITRARYPROFILEDEFWITHVOIDS(.AREA.,$,#14587,(#14589));
#14591=IFCCARTESIANPOINT((0.51807510852813721,0.090000001713633537,0.02500000037252903));
#14592=IFCDIRECTION((0.,-1.,0.));
#14593=IFCDIRECTION((1.,0.,0.));
#14594=IFCAXIS2PLACEMENT3D(#14591,#14592,#14593);
#14595=IFCDIRECTION((0.,0.,-1.));
#14596=IFCEXTRUDEDAREASOLID(#14590,#14594,#14595,0.035000000149011612);
#14597=IFCINDEXEDPOLYCURVE(#14598,(IFCLINEINDEX((1,2,3,4,1))),$);
#14598=IFCCARTESIANPOINTLIST2D(((0.035000000149011612,0.035000000149011612),(0.50690037198364735,0.035000000149011612),(0.50690037198364735,0.81499997526407242),(0.035000000149011612,0.81499997526407242)));
#14599=IFCARBITRARYCLOSEDPROFILEDEF(.AREA.,$,#14597);
#14600=IFCCARTESIANPOINT((0.51807510852813721,0.10250000178813934,0.02500000037252903));
#14601=IFCDIRECTION((0.,-1.,0.));
#14602=IFCDIRECTION((1.,0.,0.));
#14603=IFCAXIS2PLACEMENT3D(#14600,#14601,#14602);
#14604=IFCDIRECTION((0.,0.,-1.));
#14605=IFCEXTRUDEDAREASOLID(#14599,#14603,#14604,0.01);
#14607=IFCSHAPEREPRESENTATION(#11,'Body','SweptSolid',(#14585,#14574,#14697,#14534,#14737,#14708,#14748,#14545));
#14608=IFCSHAPEASPECT((#14607),'Lining',$,.T.,#14467);
#14609=IFCSHAPEREPRESENTATION(#11,'Body','SweptSolid',(#14596,#14759,#14556,#14719));
#14610=IFCSHAPEASPECT((#14609),'Framing',$,.T.,#14467);
#14611=IFCSHAPEREPRESENTATION(#11,'Body','SweptSolid',(#14565,#14728,#14768,#14605));
#14612=IFCSHAPEASPECT((#14611),'Glazing',$,.T.,#14467);
#14686=IFCCARTESIANPOINTLIST3D(((0.,0.,0.),(1.0849754810333252,0.,0.),(1.0849754810333252,0.,0.89999997615814209),(0.,0.,0.89999997615814209)));
#14687=IFCINDEXEDPOLYCURVE(#14686,(IFCLINEINDEX((1,2,3,4,1))),$);
#14688=IFCSHAPEREPRESENTATION(#18,'Profile','Curve3D',(#14687));
#14689=IFCCARTESIANPOINTLIST2D(((0.5059472918510437,0.),(0.,0.),(0.,0.89999997615814209),(0.5059472918510437,0.89999997615814209),(0.5059472918510437,0.87499997578561306),(0.02500000037252903,0.87499997578561306),(0.02500000037252903,0.02500000037252903),(0.5059472918510437,0.02500000037252903)));
#14690=IFCINDEXEDPOLYCURVE(#14689,(IFCLINEINDEX((1,2,3,4,5,6,7,8,1))),$);
#14691=IFCARBITRARYCLOSEDPROFILEDEF(.AREA.,$,#14690);
#14692=IFCCARTESIANPOINT((0.,0.090000001713633537,0.));
#14693=IFCDIRECTION((0.,-1.,0.));
#14694=IFCDIRECTION((1.,0.,0.));
#14695=IFCAXIS2PLACEMENT3D(#14692,#14693,#14694);
#14696=IFCDIRECTION((0.,0.,-1.));
#14697=IFCEXTRUDEDAREASOLID(#14691,#14695,#14696,0.0099999997764825821);
#14698=IFCCARTESIANPOINTLIST2D(((0.,0.),(0.5059472918510437,0.),(0.5059472918510437,0.89999997615814209),(0.,0.89999997615814209)));
#14699=IFCINDEXEDPOLYCURVE(#14698,(IFCLINEINDEX((1,2,3,4,1))),$);
#14700=IFCCARTESIANPOINTLIST2D(((0.05000000074505806,0.05000000074505806),(0.48094729147851467,0.05000000074505806),(0.48094729147851467,0.84999997541308403),(0.05000000074505806,0.84999997541308403)));
#14701=IFCINDEXEDPOLYCURVE(#14700,(IFCLINEINDEX((1,2,3,4,1))),$);
#14702=IFCARBITRARYPROFILEDEFWITHVOIDS(.AREA.,$,#14699,(#14701));
#14703=IFCCARTESIANPOINT((0.,0.05000000074505806,0.));
#14704=IFCDIRECTION((0.,-1.,0.));
#14705=IFCDIRECTION((1.,0.,0.));
#14706=IFCAXIS2PLACEMENT3D(#14703,#14704,#14705);
#14707=IFCDIRECTION((0.,0.,-1.));
#14708=IFCEXTRUDEDAREASOLID(#14702,#14706,#14707,0.040000000968575478);
#14709=IFCCARTESIANPOINTLIST2D(((0.,0.),(0.48094729147851467,0.),(0.48094729147851467,0.84999997541308403),(0.,0.84999997541308403)));
#14710=IFCINDEXEDPOLYCURVE(#14709,(IFCLINEINDEX((1,2,3,4,1))),$);
#14711=IFCCARTESIANPOINTLIST2D(((0.035000000149011612,0.035000000149011612),(0.44594729132950306,0.035000000149011612),(0.44594729132950306,0.81499997526407242),(0.035000000149011612,0.81499997526407242)));
#14712=IFCINDEXEDPOLYCURVE(#14711,(IFCLINEINDEX((1,2,3,4,1))),$);
#14713=IFCARBITRARYPROFILEDEFWITHVOIDS(.AREA.,$,#14710,(#14712));
#14714=IFCCARTESIANPOINT((0.02500000037252903,0.090000001713633537,0.02500000037252903));
#14715=IFCDIRECTION((0.,-1.,0.));
#14716=IFCDIRECTION((1.,0.,0.));
#14717=IFCAXIS2PLACEMENT3D(#14714,#14715,#14716);
#14718=IFCDIRECTION((0.,0.,-1.));
#14719=IFCEXTRUDEDAREASOLID(#14713,#14717,#14718,0.035000000149011612);
#14720=IFCINDEXEDPOLYCURVE(#14721,(IFCLINEINDEX((1,2,3,4,1))),$);
#14721=IFCCARTESIANPOINTLIST2D(((0.035000000149011612,0.035000000149011612),(0.44594729132950306,0.035000000149011612),(0.44594729132950306,0.81499997526407242),(0.035000000149011612,0.81499997526407242)));
#14722=IFCARBITRARYCLOSEDPROFILEDEF(.AREA.,$,#14720);
#14723=IFCCARTESIANPOINT((0.02500000037252903,0.10250000178813934,0.02500000037252903));
#14724=IFCDIRECTION((0.,-1.,0.));
#14725=IFCDIRECTION((1.,0.,0.));
#14726=IFCAXIS2PLACEMENT3D(#14723,#14724,#14725);
#14727=IFCDIRECTION((0.,0.,-1.));
#14728=IFCEXTRUDEDAREASOLID(#14722,#14726,#14727,0.01);
#14729=IFCCARTESIANPOINTLIST2D(((0.,0.89999997615814209),(0.57902818918228149,0.89999997615814209),(0.57902818918228149,0.),(0.,0.),(0.,0.02500000037252903),(0.55402818880975246,0.02500000037252903),(0.55402818880975246,0.87499997578561306),(0.,0.87499997578561306)));
#14730=IFCINDEXEDPOLYCURVE(#14729,(IFCLINEINDEX((1,2,3,4,5,6,7,8,1))),$);
#14731=IFCARBITRARYCLOSEDPROFILEDEF(.AREA.,$,#14730);
#14732=IFCCARTESIANPOINT((0.5059472918510437,0.090000001713633537,0.));
#14733=IFCDIRECTION((0.,-1.,0.));
#14734=IFCDIRECTION((1.,0.,0.));
#14735=IFCAXIS2PLACEMENT3D(#14732,#14733,#14734);
#14736=IFCDIRECTION((0.,0.,-1.));
#14737=IFCEXTRUDEDAREASOLID(#14731,#14735,#14736,0.0099999997764825821);
#14738=IFCCARTESIANPOINTLIST2D(((0.,0.),(0.57902818918228149,0.),(0.57902818918228149,0.89999997615814209),(0.,0.89999997615814209)));
#14739=IFCINDEXEDPOLYCURVE(#14738,(IFCLINEINDEX((1,2,3,4,1))),$);
#14740=IFCCARTESIANPOINTLIST2D(((0.02500000037252903,0.05000000074505806),(0.52902818843722343,0.05000000074505806),(0.52902818843722343,0.84999997541308403),(0.02500000037252903,0.84999997541308403)));
#14741=IFCINDEXEDPOLYCURVE(#14740,(IFCLINEINDEX((1,2,3,4,1))),$);
#14742=IFCARBITRARYPROFILEDEFWITHVOIDS(.AREA.,$,#14739,(#14741));
#14743=IFCCARTESIANPOINT((0.5059472918510437,0.05000000074505806,0.));
#14744=IFCDIRECTION((0.,-1.,0.));
#14745=IFCDIRECTION((1.,0.,0.));
#14746=IFCAXIS2PLACEMENT3D(#14743,#14744,#14745);
#14747=IFCDIRECTION((0.,0.,-1.));
#14748=IFCEXTRUDEDAREASOLID(#14742,#14746,#14747,0.040000000968575478);
#14749=IFCCARTESIANPOINTLIST2D(((0.,0.),(0.55402818880975246,0.),(0.55402818880975246,0.84999997541308403),(0.,0.84999997541308403)));
#14750=IFCINDEXEDPOLYCURVE(#14749,(IFCLINEINDEX((1,2,3,4,1))),$);
#14751=IFCCARTESIANPOINTLIST2D(((0.035000000149011612,0.035000000149011612),(0.51902818866074085,0.035000000149011612),(0.51902818866074085,0.81499997526407242),(0.035000000149011612,0.81499997526407242)));
#14752=IFCINDEXEDPOLYCURVE(#14751,(IFCLINEINDEX((1,2,3,4,1))),$);
#14753=IFCARBITRARYPROFILEDEFWITHVOIDS(.AREA.,$,#14750,(#14752));
#14754=IFCCARTESIANPOINT((0.5059472918510437,0.090000001713633537,0.02500000037252903));
#14755=IFCDIRECTION((0.,-1.,0.));
#14756=IFCDIRECTION((1.,0.,0.));
#14757=IFCAXIS2PLACEMENT3D(#14754,#14755,#14756);
#14758=IFCDIRECTION((0.,0.,-1.));
#14759=IFCEXTRUDEDAREASOLID(#14753,#14757,#14758,0.035000000149011612);
#14760=IFCINDEXEDPOLYCURVE(#14761,(IFCLINEINDEX((1,2,3,4,1))),$);
#14761=IFCCARTESIANPOINTLIST2D(((0.035000000149011612,0.035000000149011612),(0.51902818866074085,0.035000000149011612),(0.51902818866074085,0.81499997526407242),(0.035000000149011612,0.81499997526407242)));
#14762=IFCARBITRARYCLOSEDPROFILEDEF(.AREA.,$,#14760);
#14763=IFCCARTESIANPOINT((0.5059472918510437,0.10250000178813934,0.02500000037252903));
#14764=IFCDIRECTION((0.,-1.,0.));
#14765=IFCDIRECTION((1.,0.,0.));
#14766=IFCAXIS2PLACEMENT3D(#14763,#14764,#14765);
#14767=IFCDIRECTION((0.,0.,-1.));
#14768=IFCEXTRUDEDAREASOLID(#14762,#14766,#14767,0.01);
#14769=IFCSHAPEREPRESENTATION(#11,'Body','SweptSolid',(#14697,#14708,#14719,#14728,#14737,#14748,#14759,#14768));
#14770=IFCCARTESIANPOINTLIST2D(((0.05000000074505806,0.05000000074505806),(0.48094729147851467,0.05000000074505806)));
#14771=IFCINDEXEDPOLYCURVE(#14770,$,$);
#14772=IFCCARTESIANPOINTLIST2D(((0.,0.10000000149011612),(0.02500000037252903,0.10000000149011612),(0.02500000037252903,0.090000001713633537),(0.05000000074505806,0.090000001713633537),(0.05000000074505806,0.05000000074505806),(0.,0.05000000074505806)));
#14773=IFCINDEXEDPOLYCURVE(#14772,(IFCLINEINDEX((1,2,3,4,5,6,1))),$);
#14774=IFCCARTESIANPOINTLIST2D(((0.5059472918510437,0.10000000149011612),(0.5059472918510437,0.10000000149011612),(0.5059472918510437,0.090000001713633537),(0.48094729147851467,0.090000001713633537),(0.48094729147851467,0.05000000074505806),(0.5059472918510437,0.05000000074505806)));
#14775=IFCINDEXEDPOLYCURVE(#14774,$,$);
#14776=IFCCARTESIANPOINTLIST2D(((0.02500000037252903,0.090000001713633537),(0.060000000521540642,0.090000001713633537),(0.060000000521540642,0.12500000186264515),(0.02500000037252903,0.12500000186264515)));
#14777=IFCINDEXEDPOLYCURVE(#14776,(IFCLINEINDEX((1,2,3,4,1))),$);
#14778=IFCINDEXEDPOLYCURVE(#14779,(IFCLINEINDEX((1,2,3,4,1))),$);
#14779=IFCCARTESIANPOINTLIST2D(((0.5059472918510437,0.090000001713633537),(0.47094729170203209,0.090000001713633537),(0.47094729170203209,0.12500000186264515),(0.5059472918510437,0.12500000186264515)));
#14780=IFCCARTESIANPOINTLIST2D(((0.060000000521540642,0.090000001713633537),(0.47094729170203209,0.090000001713633537)));
#14781=IFCINDEXEDPOLYCURVE(#14780,$,$);
#14782=IFCINDEXEDPOLYCURVE(#14783,$,$);
#14783=IFCCARTESIANPOINTLIST2D(((0.060000000521540642,0.12500000186264515),(0.47094729170203209,0.12500000186264515)));
#14784=IFCINDEXEDPOLYCURVE(#14785,$,$);
#14785=IFCCARTESIANPOINTLIST2D(((0.060000000521540642,0.10750000178813934),(0.47094729170203209,0.10750000178813934)));
#14786=IFCCARTESIANPOINTLIST2D(((0.53094729222357273,0.05000000074505806),(1.0349754802882671,0.05000000074505806)));
#14787=IFCINDEXEDPOLYCURVE(#14786,$,$);
#14788=IFCCARTESIANPOINTLIST2D(((0.5059472918510437,0.10000000149011612),(0.5059472918510437,0.10000000149011612),(0.5059472918510437,0.090000001713633537),(0.53094729222357273,0.090000001713633537),(0.53094729222357273,0.05000000074505806),(0.5059472918510437,0.05000000074505806)));
#14789=IFCINDEXEDPOLYCURVE(#14788,$,$);
#14790=IFCCARTESIANPOINTLIST2D(((1.0849754810333252,0.10000000149011612),(1.0599754806607962,0.10000000149011612),(1.0599754806607962,0.090000001713633537),(1.0349754802882671,0.090000001713633537),(1.0349754802882671,0.05000000074505806),(1.0849754810333252,0.05000000074505806)));
#14791=IFCINDEXEDPOLYCURVE(#14790,(IFCLINEINDEX((1,2,3,4,5,6,1))),$);
#14792=IFCCARTESIANPOINTLIST2D(((0.5059472918510437,0.090000001713633537),(0.54094729200005531,0.090000001713633537),(0.54094729200005531,0.12500000186264515),(0.5059472918510437,0.12500000186264515)));
#14793=IFCINDEXEDPOLYCURVE(#14792,(IFCLINEINDEX((1,2,3,4,1))),$);
#14794=IFCINDEXEDPOLYCURVE(#14795,(IFCLINEINDEX((1,2,3,4,1))),$);
#14795=IFCCARTESIANPOINTLIST2D(((1.0599754806607962,0.090000001713633537),(1.0249754805117846,0.090000001713633537),(1.0249754805117846,0.12500000186264515),(1.0599754806607962,0.12500000186264515)));
#14796=IFCCARTESIANPOINTLIST2D(((0.54094729200005531,0.090000001713633537),(1.0249754805117846,0.090000001713633537)));
#14797=IFCINDEXEDPOLYCURVE(#14796,$,$);
#14798=IFCINDEXEDPOLYCURVE(#14799,$,$);
#14799=IFCCARTESIANPOINTLIST2D(((0.54094729200005531,0.12500000186264515),(1.0249754805117846,0.12500000186264515)));
#14800=IFCINDEXEDPOLYCURVE(#14801,$,$);
#14801=IFCCARTESIANPOINTLIST2D(((0.54094729200005531,0.10750000178813934),(1.0249754805117846,0.10750000178813934)));
#14802=IFCSHAPEREPRESENTATION(#24,'Body','Curve2D',(#14771,#14773,#14775,#14777,#14778,#14781,#14782,#14784,#14787,#14789,#14791,#14793,#14794,#14797,#14798,#14800));
#14803=IFCCARTESIANPOINTLIST2D(((0.,0.),(1.0849754810333252,0.),(1.0849754810333252,0.89999997615814209),(0.,0.89999997615814209)));
#14804=IFCINDEXEDPOLYCURVE(#14803,(IFCLINEINDEX((1,2,3,4,1))),$);
#14805=IFCARBITRARYCLOSEDPROFILEDEF(.AREA.,$,#14804);
#14806=IFCCARTESIANPOINT((0.,-0.60000002384185791,0.));
#14807=IFCDIRECTION((0.,-1.,0.));
#14808=IFCDIRECTION((1.,0.,0.));
#14809=IFCAXIS2PLACEMENT3D(#14806,#14807,#14808);
#14810=IFCDIRECTION((0.,0.,-1.));
#14811=IFCEXTRUDEDAREASOLID(#14805,#14809,#14810,1.2);
#14812=IFCSHAPEREPRESENTATION(#11,'Body','SweptSolid',(#14811));
#14818=IFCCARTESIANPOINT((0.67445930534387544,-2.6586300005959629E-07,1.));
#14819=IFCDIRECTION((0.,0.,1.));
#14820=IFCDIRECTION((0.99999999999997158,-2.3841857910149749E-07,0.));
#14821=IFCAXIS2PLACEMENT3D(#14818,#14819,#14820);
#14822=IFCLOCALPLACEMENT(#9278,#14821);
#14823=IFCCARTESIANPOINT((1.1102230246251565E-16,0.,0.));
#14824=IFCDIRECTION((0.,0.,1.));
#14825=IFCDIRECTION((1.,0.,0.));
#14826=IFCAXIS2PLACEMENT3D(#14823,#14824,#14825);
#14827=IFCLOCALPLACEMENT(#14822,#14826);
#14828=IFCCARTESIANPOINTLIST3D(((0.,0.,0.),(1.0870653390884399,0.,0.),(1.0870653390884399,0.,0.89999997615814209),(0.,0.,0.89999997615814209)));
#14829=IFCINDEXEDPOLYCURVE(#14828,(IFCLINEINDEX((1,2,3,4,1))),$);
#14830=IFCSHAPEREPRESENTATION(#18,'Profile','Curve3D',(#14829));
#14831=IFCCARTESIANPOINTLIST2D(((0.53543078899383545,0.),(0.,0.),(0.,0.89999997615814209),(0.53543078899383545,0.89999997615814209),(0.53543078899383545,0.87499997578561306),(0.02500000037252903,0.87499997578561306),(0.02500000037252903,0.02500000037252903),(0.53543078899383545,0.02500000037252903)));
#14832=IFCINDEXEDPOLYCURVE(#14831,(IFCLINEINDEX((1,2,3,4,5,6,7,8,1))),$);
#14833=IFCARBITRARYCLOSEDPROFILEDEF(.AREA.,$,#14832);
#14834=IFCCARTESIANPOINT((0.,0.090000001713633537,0.));
#14835=IFCDIRECTION((0.,-1.,0.));
#14836=IFCDIRECTION((1.,0.,0.));
#14837=IFCAXIS2PLACEMENT3D(#14834,#14835,#14836);
#14838=IFCDIRECTION((0.,0.,-1.));
#14839=IFCEXTRUDEDAREASOLID(#14833,#14837,#14838,0.0099999997764825821);
#14840=IFCCARTESIANPOINTLIST2D(((0.,0.),(0.53543078899383545,0.),(0.53543078899383545,0.89999997615814209),(0.,0.89999997615814209)));
#14841=IFCINDEXEDPOLYCURVE(#14840,(IFCLINEINDEX((1,2,3,4,1))),$);
#14842=IFCCARTESIANPOINTLIST2D(((0.05000000074505806,0.05000000074505806),(0.51043078862130642,0.05000000074505806),(0.51043078862130642,0.84999997541308403),(0.05000000074505806,0.84999997541308403)));
#14843=IFCINDEXEDPOLYCURVE(#14842,(IFCLINEINDEX((1,2,3,4,1))),$);
#14844=IFCARBITRARYPROFILEDEFWITHVOIDS(.AREA.,$,#14841,(#14843));
#14845=IFCCARTESIANPOINT((0.,0.05000000074505806,0.));
#14846=IFCDIRECTION((0.,-1.,0.));
#14847=IFCDIRECTION((1.,0.,0.));
#14848=IFCAXIS2PLACEMENT3D(#14845,#14846,#14847);
#14849=IFCDIRECTION((0.,0.,-1.));
#14850=IFCEXTRUDEDAREASOLID(#14844,#14848,#14849,0.040000000968575478);
#14851=IFCCARTESIANPOINTLIST2D(((0.,0.),(0.51043078862130642,0.),(0.51043078862130642,0.84999997541308403),(0.,0.84999997541308403)));
#14852=IFCINDEXEDPOLYCURVE(#14851,(IFCLINEINDEX((1,2,3,4,1))),$);
#14853=IFCCARTESIANPOINTLIST2D(((0.035000000149011612,0.035000000149011612),(0.47543078847229481,0.035000000149011612),(0.47543078847229481,0.81499997526407242),(0.035000000149011612,0.81499997526407242)));
#14854=IFCINDEXEDPOLYCURVE(#14853,(IFCLINEINDEX((1,2,3,4,1))),$);
#14855=IFCARBITRARYPROFILEDEFWITHVOIDS(.AREA.,$,#14852,(#14854));
#14856=IFCCARTESIANPOINT((0.02500000037252903,0.090000001713633537,0.02500000037252903));
#14857=IFCDIRECTION((0.,-1.,0.));
#14858=IFCDIRECTION((1.,0.,0.));
#14859=IFCAXIS2PLACEMENT3D(#14856,#14857,#14858);
#14860=IFCDIRECTION((0.,0.,-1.));
#14861=IFCEXTRUDEDAREASOLID(#14855,#14859,#14860,0.035000000149011612);
#14862=IFCINDEXEDPOLYCURVE(#14863,(IFCLINEINDEX((1,2,3,4,1))),$);
#14863=IFCCARTESIANPOINTLIST2D(((0.035000000149011612,0.035000000149011612),(0.47543078847229481,0.035000000149011612),(0.47543078847229481,0.81499997526407242),(0.035000000149011612,0.81499997526407242)));
#14864=IFCARBITRARYCLOSEDPROFILEDEF(.AREA.,$,#14862);
#14865=IFCCARTESIANPOINT((0.02500000037252903,0.10250000178813934,0.02500000037252903));
#14866=IFCDIRECTION((0.,-1.,0.));
#14867=IFCDIRECTION((1.,0.,0.));
#14868=IFCAXIS2PLACEMENT3D(#14865,#14866,#14867);
#14869=IFCDIRECTION((0.,0.,-1.));
#14870=IFCEXTRUDEDAREASOLID(#14864,#14868,#14869,0.01);
#14871=IFCCARTESIANPOINTLIST2D(((0.,0.89999997615814209),(0.55163455009460449,0.89999997615814209),(0.55163455009460449,0.),(0.,0.),(0.,0.02500000037252903),(0.52663454972207546,0.02500000037252903),(0.52663454972207546,0.87499997578561306),(0.,0.87499997578561306)));
#14872=IFCINDEXEDPOLYCURVE(#14871,(IFCLINEINDEX((1,2,3,4,5,6,7,8,1))),$);
#14873=IFCARBITRARYCLOSEDPROFILEDEF(.AREA.,$,#14872);
#14874=IFCCARTESIANPOINT((0.53543078899383545,0.090000001713633537,0.));
#14875=IFCDIRECTION((0.,-1.,0.));
#14876=IFCDIRECTION((1.,0.,0.));
#14877=IFCAXIS2PLACEMENT3D(#14874,#14875,#14876);
#14878=IFCDIRECTION((0.,0.,-1.));
#14879=IFCEXTRUDEDAREASOLID(#14873,#14877,#14878,0.0099999997764825821);
#14880=IFCCARTESIANPOINTLIST2D(((0.,0.),(0.55163455009460449,0.),(0.55163455009460449,0.89999997615814209),(0.,0.89999997615814209)));
#14881=IFCINDEXEDPOLYCURVE(#14880,(IFCLINEINDEX((1,2,3,4,1))),$);
#14882=IFCCARTESIANPOINTLIST2D(((0.02500000037252903,0.05000000074505806),(0.50163454934954643,0.05000000074505806),(0.50163454934954643,0.84999997541308403),(0.02500000037252903,0.84999997541308403)));
#14883=IFCINDEXEDPOLYCURVE(#14882,(IFCLINEINDEX((1,2,3,4,1))),$);
#14884=IFCARBITRARYPROFILEDEFWITHVOIDS(.AREA.,$,#14881,(#14883));
#14885=IFCCARTESIANPOINT((0.53543078899383545,0.05000000074505806,0.));
#14886=IFCDIRECTION((0.,-1.,0.));
#14887=IFCDIRECTION((1.,0.,0.));
#14888=IFCAXIS2PLACEMENT3D(#14885,#14886,#14887);
#14889=IFCDIRECTION((0.,0.,-1.));
#14890=IFCEXTRUDEDAREASOLID(#14884,#14888,#14889,0.040000000968575478);
#14891=IFCCARTESIANPOINTLIST2D(((0.,0.),(0.52663454972207546,0.),(0.52663454972207546,0.84999997541308403),(0.,0.84999997541308403)));
#14892=IFCINDEXEDPOLYCURVE(#14891,(IFCLINEINDEX((1,2,3,4,1))),$);
#14893=IFCCARTESIANPOINTLIST2D(((0.035000000149011612,0.035000000149011612),(0.49163454957306385,0.035000000149011612),(0.49163454957306385,0.81499997526407242),(0.035000000149011612,0.81499997526407242)));
#14894=IFCINDEXEDPOLYCURVE(#14893,(IFCLINEINDEX((1,2,3,4,1))),$);
#14895=IFCARBITRARYPROFILEDEFWITHVOIDS(.AREA.,$,#14892,(#14894));
#14896=IFCCARTESIANPOINT((0.53543078899383545,0.090000001713633537,0.02500000037252903));
#14897=IFCDIRECTION((0.,-1.,0.));
#14898=IFCDIRECTION((1.,0.,0.));
#14899=IFCAXIS2PLACEMENT3D(#14896,#14897,#14898);
#14900=IFCDIRECTION((0.,0.,-1.));
#14901=IFCEXTRUDEDAREASOLID(#14895,#14899,#14900,0.035000000149011612);
#14902=IFCINDEXEDPOLYCURVE(#14903,(IFCLINEINDEX((1,2,3,4,1))),$);
#14903=IFCCARTESIANPOINTLIST2D(((0.035000000149011612,0.035000000149011612),(0.49163454957306385,0.035000000149011612),(0.49163454957306385,0.81499997526407242),(0.035000000149011612,0.81499997526407242)));
#14904=IFCARBITRARYCLOSEDPROFILEDEF(.AREA.,$,#14902);
#14905=IFCCARTESIANPOINT((0.53543078899383545,0.10250000178813934,0.02500000037252903));
#14906=IFCDIRECTION((0.,-1.,0.));
#14907=IFCDIRECTION((1.,0.,0.));
#14908=IFCAXIS2PLACEMENT3D(#14905,#14906,#14907);
#14909=IFCDIRECTION((0.,0.,-1.));
#14910=IFCEXTRUDEDAREASOLID(#14904,#14908,#14909,0.01);
#14911=IFCSHAPEREPRESENTATION(#11,'Body','SweptSolid',(#14839,#14850,#14861,#14870,#14879,#14890,#14901,#14910));
#14912=IFCCARTESIANPOINTLIST2D(((0.05000000074505806,0.05000000074505806),(0.51043078862130642,0.05000000074505806)));
#14913=IFCINDEXEDPOLYCURVE(#14912,$,$);
#14914=IFCCARTESIANPOINTLIST2D(((0.,0.10000000149011612),(0.02500000037252903,0.10000000149011612),(0.02500000037252903,0.090000001713633537),(0.05000000074505806,0.090000001713633537),(0.05000000074505806,0.05000000074505806),(0.,0.05000000074505806)));
#14915=IFCINDEXEDPOLYCURVE(#14914,(IFCLINEINDEX((1,2,3,4,5,6,1))),$);
#14916=IFCCARTESIANPOINTLIST2D(((0.53543078899383545,0.10000000149011612),(0.53543078899383545,0.10000000149011612),(0.53543078899383545,0.090000001713633537),(0.51043078862130642,0.090000001713633537),(0.51043078862130642,0.05000000074505806),(0.53543078899383545,0.05000000074505806)));
#14917=IFCINDEXEDPOLYCURVE(#14916,$,$);
#14918=IFCCARTESIANPOINTLIST2D(((0.02500000037252903,0.090000001713633537),(0.060000000521540642,0.090000001713633537),(0.060000000521540642,0.12500000186264515),(0.02500000037252903,0.12500000186264515)));
#14919=IFCINDEXEDPOLYCURVE(#14918,(IFCLINEINDEX((1,2,3,4,1))),$);
#14920=IFCINDEXEDPOLYCURVE(#14921,(IFCLINEINDEX((1,2,3,4,1))),$);
#14921=IFCCARTESIANPOINTLIST2D(((0.53543078899383545,0.090000001713633537),(0.50043078884482384,0.090000001713633537),(0.50043078884482384,0.12500000186264515),(0.53543078899383545,0.12500000186264515)));
#14922=IFCCARTESIANPOINTLIST2D(((0.060000000521540642,0.090000001713633537),(0.50043078884482384,0.090000001713633537)));
#14923=IFCINDEXEDPOLYCURVE(#14922,$,$);
#14924=IFCINDEXEDPOLYCURVE(#14925,$,$);
#14925=IFCCARTESIANPOINTLIST2D(((0.060000000521540642,0.12500000186264515),(0.50043078884482384,0.12500000186264515)));
#14926=IFCINDEXEDPOLYCURVE(#14927,$,$);
#14927=IFCCARTESIANPOINTLIST2D(((0.060000000521540642,0.10750000178813934),(0.50043078884482384,0.10750000178813934)));
#14928=IFCCARTESIANPOINTLIST2D(((0.56043078936636448,0.05000000074505806),(1.0370653383433819,0.05000000074505806)));
#14929=IFCINDEXEDPOLYCURVE(#14928,$,$);
#14930=IFCCARTESIANPOINTLIST2D(((0.53543078899383545,0.10000000149011612),(0.53543078899383545,0.10000000149011612),(0.53543078899383545,0.090000001713633537),(0.56043078936636448,0.090000001713633537),(0.56043078936636448,0.05000000074505806),(0.53543078899383545,0.05000000074505806)));
#14931=IFCINDEXEDPOLYCURVE(#14930,$,$);
#14932=IFCCARTESIANPOINTLIST2D(((1.0870653390884399,0.10000000149011612),(1.0620653387159109,0.10000000149011612),(1.0620653387159109,0.090000001713633537),(1.0370653383433819,0.090000001713633537),(1.0370653383433819,0.05000000074505806),(1.0870653390884399,0.05000000074505806)));
#14933=IFCINDEXEDPOLYCURVE(#14932,(IFCLINEINDEX((1,2,3,4,5,6,1))),$);
#14934=IFCCARTESIANPOINTLIST2D(((0.53543078899383545,0.090000001713633537),(0.57043078914284706,0.090000001713633537),(0.57043078914284706,0.12500000186264515),(0.53543078899383545,0.12500000186264515)));
#14935=IFCINDEXEDPOLYCURVE(#14934,(IFCLINEINDEX((1,2,3,4,1))),$);
#14936=IFCINDEXEDPOLYCURVE(#14937,(IFCLINEINDEX((1,2,3,4,1))),$);
#14937=IFCCARTESIANPOINTLIST2D(((1.0620653387159109,0.090000001713633537),(1.0270653385668993,0.090000001713633537),(1.0270653385668993,0.12500000186264515),(1.0620653387159109,0.12500000186264515)));
#14938=IFCCARTESIANPOINTLIST2D(((0.57043078914284706,0.090000001713633537),(1.0270653385668993,0.090000001713633537)));
#14939=IFCINDEXEDPOLYCURVE(#14938,$,$);
#14940=IFCINDEXEDPOLYCURVE(#14941,$,$);
#14941=IFCCARTESIANPOINTLIST2D(((0.57043078914284706,0.12500000186264515),(1.0270653385668993,0.12500000186264515)));
#14942=IFCINDEXEDPOLYCURVE(#14943,$,$);
#14943=IFCCARTESIANPOINTLIST2D(((0.57043078914284706,0.10750000178813934),(1.0270653385668993,0.10750000178813934)));
#14944=IFCSHAPEREPRESENTATION(#24,'Body','Curve2D',(#14913,#14915,#14917,#14919,#14920,#14923,#14924,#14926,#14929,#14931,#14933,#14935,#14936,#14939,#14940,#14942));
#14945=IFCCARTESIANPOINTLIST2D(((0.,0.),(1.0870653390884399,0.),(1.0870653390884399,0.89999997615814209),(0.,0.89999997615814209)));
#14946=IFCINDEXEDPOLYCURVE(#14945,(IFCLINEINDEX((1,2,3,4,1))),$);
#14947=IFCARBITRARYCLOSEDPROFILEDEF(.AREA.,$,#14946);
#14948=IFCCARTESIANPOINT((0.,-0.60000002384185791,0.));
#14949=IFCDIRECTION((0.,-1.,0.));
#14950=IFCDIRECTION((1.,0.,0.));
#14951=IFCAXIS2PLACEMENT3D(#14948,#14949,#14950);
#14952=IFCDIRECTION((0.,0.,-1.));
#14953=IFCEXTRUDEDAREASOLID(#14947,#14951,#14952,1.2);
#14954=IFCSHAPEREPRESENTATION(#11,'Body','SweptSolid',(#14953));
#14960=IFCCARTESIANPOINT((0.43625000695513938,2.384185791015625E-07,1.));
#14961=IFCDIRECTION((0.,0.,1.));
#14962=IFCDIRECTION((0.99999999999997158,-2.3841857910155572E-07,0.));
#14963=IFCAXIS2PLACEMENT3D(#14960,#14961,#14962);
#14964=IFCLOCALPLACEMENT(#11654,#14963);
#14965=IFCCARTESIANPOINT((0.,0.,0.));
#14966=IFCDIRECTION((0.,0.,1.));
#14967=IFCDIRECTION((1.,0.,0.));
#14968=IFCAXIS2PLACEMENT3D(#14965,#14966,#14967);
#14969=IFCLOCALPLACEMENT(#14964,#14968);
#14970=IFCSLAB('1alr9AZVbDpwby1ryIjIb8',$,'Slab',$,$,#14977,#14984,$,$);
#14971=IFCMATERIALLAYERSETUSAGE(#9766,.AXIS3.,.POSITIVE.,-0.10000000149011612,$);
#14972=IFCRELASSOCIATESMATERIAL('1rxICySNrE1h9YYept9zhR',$,$,$,(#14970),#14971);
#14973=IFCCARTESIANPOINT((-3.2616508007049561,-1.600029468536377,0.));
#14974=IFCDIRECTION((0.,0.,1.));
#14975=IFCDIRECTION((1.,0.,0.));
#14976=IFCAXIS2PLACEMENT3D(#14973,#14974,#14975);
#14977=IFCLOCALPLACEMENT(#8293,#14976);
#14978=IFCCARTESIANPOINTLIST2D(((0.,0.),(0.,-1.5),(5.1196699142456055,-1.5049347877502441),(5.1193447113037109,-0.55493474006652832),(3.5196700096130371,-0.55493521690368652),(3.5196700096130371,-0.0049350261688232422),(0.,0.)));
#14979=IFCINDEXEDPOLYCURVE(#14978,$,$);
#14980=IFCDIRECTION((0.,0.,1.));
#14981=IFCARBITRARYCLOSEDPROFILEDEF(.AREA.,$,#14979);
#14982=IFCEXTRUDEDAREASOLID(#14981,#14991,#14980,0.10000000000000001);
#14983=IFCSHAPEREPRESENTATION(#11,'Body','SweptSolid',(#14982));
#14984=IFCPRODUCTDEFINITIONSHAPE($,$,(#14983));
#14985=IFCPROPERTYSET('0HhDIKxtfFpx6vNvhajPwA',$,'EPset_Parametric',$,(#14987));
#14986=IFCRELDEFINESBYPROPERTIES('2PAswvgxH41AbPCrq6qmAP',$,$,$,(#14970),#14985);
#14987=IFCPROPERTYSINGLEVALUE('Engine',$,IFCLABEL('Bonsai.DumbLayer3'),$);
#14988=IFCCARTESIANPOINT((-0.,-0.,-0.10000000149011612));
#14989=IFCDIRECTION((0.,0.,1.));
#14990=IFCDIRECTION((1.,0.,0.));
#14991=IFCAXIS2PLACEMENT3D(#14988,#14989,#14990);
#14992=IFCSLAB('33MhtbkS14cfvQ9vK0gly5',$,'Slab',$,$,#14999,#15006,$,$);
#14993=IFCMATERIALLAYERSETUSAGE(#9766,.AXIS3.,.POSITIVE.,-0.10000000149011612,$);
#14994=IFCRELASSOCIATESMATERIAL('0pJesA3BL4mOlr5jOqKWb9',$,$,$,(#14992),#14993);
#14995=IFCCARTESIANPOINT((-3.2616508007049561,-1.600029468536377,0.));
#14996=IFCDIRECTION((0.,0.,1.));
#14997=IFCDIRECTION((1.,0.,0.));
#14998=IFCAXIS2PLACEMENT3D(#14995,#14996,#14997);
#14999=IFCLOCALPLACEMENT(#8293,#14998);
#15000=IFCCARTESIANPOINTLIST2D(((0.,0.),(0.,-1.5),(7.4899988174438477,-1.5049350261688232),(7.4899997711181641,8.0900001525878906),(3.5326857566833496,8.0899991989135742),(3.5326859951019287,7.1599993705749512),(-4.76837158203125E-07,7.1600008010864258),(0.,0.)));
#15001=IFCINDEXEDPOLYCURVE(#15000,$,$);
#15002=IFCDIRECTION((0.,0.,1.));
#15003=IFCARBITRARYCLOSEDPROFILEDEF(.AREA.,$,#15001);
#15004=IFCEXTRUDEDAREASOLID(#15003,#15013,#15002,0.10000000000000001);
#15005=IFCSHAPEREPRESENTATION(#11,'Body','SweptSolid',(#15004));
#15006=IFCPRODUCTDEFINITIONSHAPE($,$,(#15005));
#15007=IFCPROPERTYSET('141LfHj7b6_ATa2v0AZnnl',$,'EPset_Parametric',$,(#15009));
#15008=IFCRELDEFINESBYPROPERTIES('1Fe8suk_5FGfhlzJIYa2$A',$,$,$,(#14992),#15007);
#15009=IFCPROPERTYSINGLEVALUE('Engine',$,IFCLABEL('Bonsai.DumbLayer3'),$);
#15010=IFCCARTESIANPOINT((-0.,-0.,-0.10000000149011612));
#15011=IFCDIRECTION((0.,0.,1.));
#15012=IFCDIRECTION((1.,0.,0.));
#15013=IFCAXIS2PLACEMENT3D(#15010,#15011,#15012);
#15075=IFCSLABTYPE('12aRr6fSbCMh1Jg3Ekl1fl',$,'ROOF SLAB',$,$,(#15079),$,$,$,.FLOOR.);
#15076=IFCMATERIALLAYERSET((#15078),$,$);
#15077=IFCRELASSOCIATESMATERIAL('3C9HM3ON1EQ9IzeSh8VAvV',$,$,$,(#15075),#15076);
#15078=IFCMATERIALLAYER(#81,0.10000000000000001,$,$,$,$,$);
#15079=IFCPROPERTYSET('2y67VFp5f51hEeX4zyZSNV',$,'EPset_Parametric',$,(#15080));
#15080=IFCPROPERTYSINGLEVALUE('LayerSetDirection',$,IFCLABEL('AXIS3'),$);
#15098=IFCBUILDINGSTOREY('0ttsBlGFLARAbC_5LZjxoY',$,'ROOF',$,$,#15119,$,$,$,$);
#15115=IFCCARTESIANPOINT((0.,0.,6.));
#15116=IFCDIRECTION((0.,0.,1.));
#15117=IFCDIRECTION((1.,0.,0.));
#15118=IFCAXIS2PLACEMENT3D(#15115,#15116,#15117);
#15119=IFCLOCALPLACEMENT(#56,#15118);
#15144=IFCSLAB('1yO_kuixrCvxj4eoD81ZJN',$,'Slab',$,$,#15153,#15160,$,$);
#15145=IFCRELCONTAINEDINSPATIALSTRUCTURE('1kHui24ab50g3_RZv7wKXH',$,$,$,(#15144,#15189,#15168),#15098);
#15146=IFCRELDEFINESBYTYPE('1PAb3FLeH9xRbH2qKBfB4x',$,$,$,(#15144,#15189),#15075);
#15147=IFCMATERIALLAYERSETUSAGE(#15076,.AXIS3.,.POSITIVE.,-0.10000000149011612,$);
#15148=IFCRELASSOCIATESMATERIAL('0Dtl64L$DFVwPzK2Z9_1qL',$,$,$,(#15144),#15147);
#15149=IFCCARTESIANPOINT((4.2283501625061035,6.4899702072143555,0.));
#15150=IFCDIRECTION((0.,0.,1.));
#15151=IFCDIRECTION((1.,0.,0.));
#15152=IFCAXIS2PLACEMENT3D(#15149,#15150,#15151);
#15153=IFCLOCALPLACEMENT(#15119,#15152);
#15154=IFCCARTESIANPOINTLIST2D(((0.,0.),(-3.95731520652771,-4.76837158203125E-07),(-3.9573149681091309,-0.93000030517578125),(-7.4900016784667969,-0.92999887466430664),(-7.4900007247924805,-9.5900001525878906),(-1.9073486328125E-06,-9.5949344635009766),(0.,0.)));
#15155=IFCINDEXEDPOLYCURVE(#15154,$,$);
#15156=IFCDIRECTION((0.,0.,1.));
#15157=IFCARBITRARYCLOSEDPROFILEDEF(.AREA.,$,#15155);
#15158=IFCEXTRUDEDAREASOLID(#15157,#15167,#15156,0.10000000000000001);
#15159=IFCSHAPEREPRESENTATION(#11,'Body','SweptSolid',(#15158));
#15160=IFCPRODUCTDEFINITIONSHAPE($,$,(#15159));
#15161=IFCPROPERTYSET('04FTOre798W85JTdEymVbt',$,'EPset_Parametric',$,(#15163));
#15162=IFCRELDEFINESBYPROPERTIES('1oTLMCcA55sxUQTN72DDlx',$,$,$,(#15144),#15161);
#15163=IFCPROPERTYSINGLEVALUE('Engine',$,IFCLABEL('Bonsai.DumbLayer3'),$);
#15164=IFCCARTESIANPOINT((-0.,-0.,-0.10000000149011612));
#15165=IFCDIRECTION((0.,0.,1.));
#15166=IFCDIRECTION((1.,0.,0.));
#15167=IFCAXIS2PLACEMENT3D(#15164,#15165,#15166);
#15168=IFCROOF('3U3vQuqvv2_QJOtYTSOCOk',$,'Roof',$,$,#15230,#15176,$,$);
#15169=IFCCARTESIANPOINT((0.,0.,0.));
#15170=IFCDIRECTION((1.,0.,0.));
#15171=IFCDIRECTION((0.,1.,0.));
#15172=IFCDIRECTION((0.,0.,1.));
#15173=IFCCARTESIANTRANSFORMATIONOPERATOR3D(#15170,#15171,#15169,1.,#15172);
#15174=IFCMAPPEDITEM(#8370,#15173);
#15175=IFCSHAPEREPRESENTATION(#11,'Body','MappedRepresentation',(#15174));
#15176=IFCPRODUCTDEFINITIONSHAPE($,$,(#15175,#15183));
#15177=IFCCARTESIANPOINT((0.,0.,0.));
#15178=IFCDIRECTION((1.,0.,0.));
#15179=IFCDIRECTION((0.,1.,0.));
#15180=IFCDIRECTION((0.,0.,1.));
#15181=IFCCARTESIANTRANSFORMATIONOPERATOR3D(#15178,#15179,#15177,1.,#15180);
#15182=IFCMAPPEDITEM(#8398,#15181);
#15183=IFCSHAPEREPRESENTATION(#13,'Box','MappedRepresentation',(#15182));
#15189=IFCSLAB('27Iulau$LAJOf9zpKOaTd$',$,'Slab',$,$,#15196,#15203,$,$);
#15190=IFCMATERIALLAYERSETUSAGE(#15076,.AXIS3.,.POSITIVE.,-0.10000000149011612,$);
#15191=IFCRELASSOCIATESMATERIAL('1aarvUSGDB0fVmC0Fsrf7n',$,$,$,(#15189),#15190);
#15192=IFCCARTESIANPOINT((4.2283501625061035,6.4899702072143555,0.));
#15193=IFCDIRECTION((0.,0.,1.));
#15194=IFCDIRECTION((1.,0.,0.));
#15195=IFCAXIS2PLACEMENT3D(#15192,#15193,#15194);
#15196=IFCLOCALPLACEMENT(#15119,#15195);
#15197=IFCCARTESIANPOINTLIST2D(((0.,0.),(-3.95731520652771,-4.76837158203125E-07),(-3.9573149681091309,-0.93000030517578125),(-7.4900016784667969,-0.92999887466430664),(-7.4900007247924805,-8.0900001525878906),(-3.9703309535980225,-8.0949344635009766),(-3.9703309535980225,-8.6449346542358398),(-2.370330810546875,-8.6449346542358398),(-2.3703310489654541,-9.5949344635009766),(-1.9073486328125E-06,-9.5949344635009766),(0.,0.)));
#15198=IFCINDEXEDPOLYCURVE(#15197,$,$);
#15199=IFCDIRECTION((0.,0.,1.));
#15200=IFCARBITRARYCLOSEDPROFILEDEF(.AREA.,$,#15198);
#15201=IFCEXTRUDEDAREASOLID(#15200,#15210,#15199,0.10000000000000001);
#15202=IFCSHAPEREPRESENTATION(#11,'Body','SweptSolid',(#15201));
#15203=IFCPRODUCTDEFINITIONSHAPE($,$,(#15202));
#15204=IFCPROPERTYSET('1OpG6TK9n0zh8zhmES8vVy',$,'EPset_Parametric',$,(#15206));
#15205=IFCRELDEFINESBYPROPERTIES('1NmrSd_CD1T8hohXUJuDEz',$,$,$,(#15189),#15204);
#15206=IFCPROPERTYSINGLEVALUE('Engine',$,IFCLABEL('Bonsai.DumbLayer3'),$);
#15207=IFCCARTESIANPOINT((-0.,-0.,-0.10000000149011612));
#15208=IFCDIRECTION((0.,0.,1.));
#15209=IFCDIRECTION((1.,0.,0.));
#15210=IFCAXIS2PLACEMENT3D(#15207,#15208,#15209);
#15211=IFCCARTESIANPOINT((0.,-4.4408920985006262E-16,0.));
#15212=IFCDIRECTION((0.,0.,1.));
#15213=IFCDIRECTION((1.,0.,0.));
#15214=IFCAXIS2PLACEMENT3D(#15211,#15212,#15213);
#15215=IFCLOCALPLACEMENT(#13998,#15214);
#15216=IFCCARTESIANPOINT((0.,0.,0.));
#15217=IFCDIRECTION((0.,0.,1.));
#15218=IFCDIRECTION((1.,0.,0.));
#15219=IFCAXIS2PLACEMENT3D(#15216,#15217,#15218);
#15220=IFCLOCALPLACEMENT(#14062,#15219);
#15221=IFCCARTESIANPOINT((0.,-4.4408920985006262E-16,0.));
#15222=IFCDIRECTION((0.,0.,1.));
#15223=IFCDIRECTION((1.,0.,0.));
#15224=IFCAXIS2PLACEMENT3D(#15221,#15222,#15223);
#15225=IFCLOCALPLACEMENT(#14317,#15224);
#15226=IFCCARTESIANPOINT((0.42742228507995605,1.6781883239746094,0.10154247283935547));
#15227=IFCDIRECTION((0.,0.,1.));
#15228=IFCDIRECTION((1.,0.,0.));
#15229=IFCAXIS2PLACEMENT3D(#15226,#15227,#15228);
#15230=IFCLOCALPLACEMENT(#15119,#15229);
ENDSEC;
END-ISO-10303-21;
